estimated_true_dist,empirical_min_dist,best_x,empirical_true_dist
1.000500534958915,1.0,0.0005,1
2.000500819650351,2.0,0.0005,2
3.0004954939555133,3.0,0.0025,3
3.9994781236776276,4.0,0.0035,4
4.99995257951494,5.0,0.0045000000000000005,5
6.00091382500101,6.0,0.0055,6
7.001352802037649,7.0,0.006500000000000001,7
7.999248898701148,8.0,0.0075,8
9.000182989161091,9.0,0.008,9
9.998470924910727,10.0,0.009500000000000001,10
10.99979575027317,11.0,0.0105,11
12.002005757976491,12.000000000000002,0.012,12
13.001715662722228,13.000000000000002,0.013000000000000001,13
13.99654851146722,14.000000000000002,0.013000000000000001,14
14.999227356467362,15.0,0.014,15
15.996780401563438,16.0,0.015000000000000001,16
17.001889607683744,17.0,0.016,17
17.999825487350492,18.000000000000004,0.017,18
18.999725765993407,19.0,0.018000000000000002,19
20.001853537760407,19.999999999999996,0.0195,20
21.00413318327153,21.0,0.0205,21
22.001531203494874,22.0,0.021,22
23.001632358400563,23.0,0.022000000000000002,23
24.00420390771537,24.0,0.023,24
24.998371532000306,25.0,0.0235,25
26.004469172791023,26.0,0.025,26
27.004197838369468,27.0,0.026000000000000002,27
28.005876649002115,28.0,0.027,28
29.00642264177515,29.0,0.028,29
29.996564775874116,30.0,0.029,30
31.001511214858333,30.999999999999996,0.030000000000000002,31
32.000675155577404,32.0,0.031,32
33.00074590319004,33.0,0.032,33
34.00740592672683,34.00000000000001,0.033,34
35.00515467422381,35.0,0.034,35
35.99479120399747,36.0,0.0345,36
36.99695728571601,37.0,0.035500000000000004,37
37.9953556259684,37.998999999999995,0.036500000000000005,38
38.99308517471127,38.998999999999995,0.0375,39
40.00156940490458,39.999,0.0385,40
41.00263537578145,40.999,0.0395,41
41.997818832803084,41.99799999999999,0.0405,42
43.00377227116318,42.99799999999999,0.0415,43
43.998096241244944,43.998000000000005,0.0425,44
44.997459157585546,44.998000000000005,0.043500000000000004,45
46.00311737554318,45.998,0.045,46
46.996835635919936,46.998,0.046,47
48.003978549515324,47.998,0.047,48
49.00360577570964,48.998,0.048,49
50.00461492591708,49.998,0.049,50
51.007531701202545,50.998,0.05,51
52.00078687159043,51.99600000000001,0.051000000000000004,52
52.993824619090496,52.995999999999995,0.052000000000000005,53
53.98769450174099,53.995000000000005,0.053,54
54.98608776701032,54.995000000000005,0.054,55
55.98795791941271,55.99300000000001,0.055,56
57.004381828254914,56.992000000000004,0.0565,57
58.003107754886116,57.992,0.0575,58
59.00478069167508,58.992000000000004,0.0585,59
59.98368727264533,59.992000000000004,0.059000000000000004,60
61.002122347155186,60.992000000000004,0.0605,61
61.97854243505141,61.992000000000004,0.061,62
62.98942137009151,62.992000000000004,0.062,63
63.981978951753355,63.99,0.063,64
64.98918560208374,64.99,0.064,65
65.99188424624388,65.989,0.065,66
67.00126671656973,66.989,0.066,67
67.99277208366534,67.985,0.067,68
68.9925493192242,68.98500000000001,0.068,69
70.00061898801631,69.98500000000001,0.069,70
70.97587218385675,70.985,0.0695,71
71.98776301816117,71.985,0.07050000000000001,72
72.99295452141044,72.98500000000003,0.07150000000000001,73
73.99840633169735,73.98500000000001,0.07250000000000001,74
74.966971182793,74.983,0.073,75
75.99447087677112,75.983,0.0745,76
76.98235347439322,76.983,0.0755,77
77.9688308518004,77.98100000000002,0.0765,78
78.97116836614802,78.981,0.0775,79
79.97211877746923,79.98,0.0785,80
80.98195024871771,80.97800000000001,0.0795,81
81.96387216092576,81.97800000000002,0.0805,82
82.96386013207916,82.97800000000004,0.0815,83
83.97003005750874,83.977,0.0825,84
84.97750975884853,84.976,0.0835,85
85.98140805029657,85.97600000000001,0.0845,86
86.9740946772196,86.97499999999998,0.0855,87
87.98221546513709,87.97500000000002,0.08650000000000001,88
88.98618944944454,88.97499999999998,0.08750000000000001,89
89.96581383645997,89.97500000000002,0.0885,90
90.9750803085938,90.973,0.0895,91
91.97853906839865,91.973,0.0905,92
92.9674145296531,92.973,0.0915,93
93.97616672238516,93.973,0.0925,94
94.96263477165444,94.97200000000002,0.0935,95
95.95364037535182,95.972,0.0945,96
96.95633419438491,96.972,0.0955,97
97.99234554866729,97.972,0.097,98
98.98812635381802,98.972,0.098,99
99.99563223348838,99.972,0.099,100
100.99061836007512,100.96999999999998,0.1,101
101.94968698622,101.96900000000001,0.1005,102
102.95776277414008,102.969,0.1015,103
103.96102255076299,103.969,0.10250000000000001,104
104.96609166727477,104.969,0.10350000000000001,105
105.97297174497179,105.969,0.10450000000000001,106
106.97500859136808,106.96900000000002,0.1055,107
107.98550902566046,107.96799999999999,0.1065,108
108.97504064013455,108.96600000000001,0.1075,109
109.98025219324211,109.966,0.1085,110
110.98281124955352,110.96600000000001,0.1095,111
111.98326385679952,111.965,0.1105,112
112.97323226863776,112.965,0.1115,113
113.97557731976433,113.965,0.1125,114
114.98138810563505,114.963,0.1135,115
115.98563569521362,115.96300000000001,0.1145,116
116.9737513730918,116.96299999999998,0.1155,117
117.9636229683906,117.961,0.1165,118
118.95525203059015,118.95899999999999,0.11750000000000001,119
119.95818801348092,119.95899999999997,0.11850000000000001,120
120.958967652355,120.95800000000001,0.11950000000000001,121
121.96771015839288,121.958,0.1205,122
122.9489493924307,122.95700000000002,0.1215,123
123.93981355904151,123.95500000000001,0.1225,124
124.95274250130085,124.95300000000002,0.1235,125
125.94712441504866,125.95199999999998,0.1245,126
126.95569719023322,126.952,0.1255,127
127.95699125394043,127.95200000000001,0.1265,128
128.96514495160343,128.95200000000003,0.1275,129
129.96146160856944,129.95100000000002,0.1285,130
130.96974285096456,130.95100000000005,0.1295,131
131.9582035077418,131.95000000000005,0.1305,132
132.95692355076508,132.95,0.1315,133
133.98072900985034,133.95000000000002,0.1325,134
134.9670129489634,134.94800000000004,0.1335,135
135.96243049299244,135.94799999999998,0.1345,136
136.96243745913222,136.944,0.1355,137
137.96190081604118,137.944,0.1365,138
138.97168273179787,138.94199999999998,0.1375,139
139.91756493752837,139.942,0.138,140
140.97245110169212,140.94200000000004,0.1395,141
141.96568903091588,141.94100000000003,0.1405,142
142.955479641831,142.93900000000002,0.14150000000000001,143
143.94468309159146,143.93399999999997,0.14250000000000002,144
144.94134765400554,144.93300000000002,0.14350000000000002,145
145.93339965001374,145.93099999999995,0.14450000000000002,146
146.92024610710783,146.92999999999998,0.1455,147
147.8949460710755,147.92799999999997,0.1465,148
148.90712101450984,148.92799999999997,0.1475,149
149.89965392486985,149.921,0.1485,150
150.9014120665632,150.92099999999994,0.1495,151
151.9170510432948,151.91999999999993,0.1505,152
152.9268993325568,152.92,0.1515,153
153.9500831444574,153.915,0.1525,154
154.94017785154912,154.91499999999994,0.1535,155
155.9261502141828,155.91299999999995,0.1545,156
156.94464122374794,156.909,0.1555,157
157.93458858356504,157.90900000000002,0.1565,158
158.87477255497174,158.90799999999996,0.157,159
159.9049959474618,159.90799999999996,0.158,160
160.8885238875552,160.907,0.159,161
161.88891213488643,161.89999999999998,0.16,162
162.88397965867517,162.9,0.161,163
163.87839144633128,163.89799999999997,0.162,164
164.86218037025967,164.898,0.163,165
165.92491945470962,165.898,0.1645,166
166.90777102342153,166.89799999999997,0.1655,167
167.90756438171243,167.89699999999996,0.1665,168
168.90492402301686,168.897,0.1675,169
169.9098534932045,169.89099999999993,0.1685,170
170.91411641402073,170.891,0.1695,171
171.9224288031156,171.891,0.1705,172
172.9170771737379,172.891,0.1715,173
173.91634901867013,173.88899999999998,0.17250000000000001,174
174.89480519840245,174.88799999999995,0.17350000000000002,175
175.90747598723502,175.88799999999998,0.17450000000000002,176
176.87677826865794,176.88700000000003,0.17550000000000002,177
177.86609160777377,177.88700000000003,0.1765,178
178.8730930556549,178.885,0.1775,179
179.88712596770998,179.885,0.1785,180
180.89868382054306,180.88299999999998,0.1795,181
181.89703275892506,181.88099999999994,0.1805,182
182.8845173638677,182.88099999999997,0.1815,183
183.86766923180247,183.88000000000002,0.1825,184
184.8584214913452,184.878,0.1835,185
185.85739030540586,185.87800000000004,0.1845,186
186.85082879013848,186.87599999999998,0.1855,187
187.83212776764282,187.87499999999997,0.1865,188
188.83303276575026,188.87199999999999,0.1875,189
189.90120531550843,189.86899999999997,0.189,190
190.885393424463,190.86499999999998,0.19,191
191.88864490186435,191.86099999999996,0.191,192
192.88210381700242,192.85999999999996,0.192,193
193.8771921371199,193.859,0.193,194
194.87572120666115,194.854,0.194,195
195.86561925526345,195.851,0.195,196
196.86559745489964,196.85000000000002,0.196,197
197.8424036987007,197.849,0.197,198
198.8571358174987,198.84900000000002,0.198,199
199.86504031982807,199.84400000000002,0.199,200
200.84910607410802,200.83899999999997,0.2,201
201.8627058032125,201.83899999999997,0.201,202
202.85668141197226,202.83700000000002,0.202,203
203.8309746255049,203.83599999999993,0.203,204
204.8354657284232,204.83599999999996,0.20400000000000001,205
205.8458530544269,205.83400000000003,0.20500000000000002,206
206.8468962279402,206.83400000000003,0.20600000000000002,207
207.82696227898663,207.82899999999998,0.20700000000000002,208
208.80677291580318,208.82899999999998,0.20800000000000002,209
209.8046798216578,209.82699999999997,0.209,210
210.7852099286372,210.825,0.21,211
211.79796383951688,211.823,0.211,212
212.79639761261578,212.82199999999995,0.212,213
213.79459307996788,213.82100000000005,0.213,214
214.80299634193153,214.81900000000002,0.214,215
215.80686603363418,215.81599999999997,0.215,216
216.81480814389795,216.811,0.216,217
217.8218994400391,217.81099999999998,0.217,218
218.80777356359607,218.80899999999997,0.218,219
219.83288960045175,219.807,0.219,220
220.81575937705486,220.80699999999996,0.22,221
221.81380224263148,221.804,0.221,222
222.81900656653772,222.80400000000003,0.222,223
223.77498183944635,223.79899999999998,0.223,224
224.76100358147443,224.79799999999992,0.224,225
225.7492068661032,225.79299999999998,0.225,226
226.7476752200554,226.79100000000003,0.226,227
227.74585730683734,227.78899999999993,0.227,228
228.8333366030094,228.78799999999995,0.2285,229
229.7438400779651,229.786,0.229,230
230.7436374346214,230.78500000000003,0.23,231
231.74313726148597,231.78500000000003,0.231,232
232.74233557738066,232.779,0.232,233
233.7274647792104,233.77700000000004,0.233,234
234.73855932702878,234.77599999999998,0.234,235
235.72303896264967,235.77499999999995,0.23500000000000001,236
236.7285056527406,236.77000000000004,0.23600000000000002,237
237.7229898744328,237.76700000000005,0.23700000000000002,238
238.71525724061408,238.76700000000002,0.23800000000000002,239
239.7235421166729,239.761,0.23900000000000002,240
240.72773624836418,240.75899999999996,0.24000000000000002,241
241.74610241468906,241.75900000000001,0.241,242
242.7282102315874,242.75899999999996,0.242,243
243.70615833303944,243.756,0.243,244
244.70205188642277,244.756,0.244,245
245.78901039080438,245.74999999999997,0.2455,246
246.79409304693036,246.74800000000005,0.2465,247
247.78995546114092,247.747,0.2475,248
248.795607399061,248.747,0.2485,249
249.7882058127044,249.74699999999996,0.2495,250
250.80331507543153,250.74599999999992,0.2505,251
251.78817629072236,251.746,0.2515,252
252.78283047231935,252.74099999999999,0.2525,253
253.77773862546383,253.73599999999996,0.2535,254
254.68365077374224,254.73499999999993,0.254,255
255.67803288774627,255.73399999999998,0.255,256
256.6848017002129,256.73099999999994,0.256,257
257.6803239696843,257.72899999999987,0.257,258
258.7809836768719,258.72699999999986,0.2585,259
259.6631227120339,259.7209999999999,0.259,260
260.76055696962777,260.71999999999997,0.2605,261
261.7484310169128,261.71699999999987,0.2615,262
262.73844956373085,262.7119999999999,0.2625,263
263.70552346115346,263.7109999999999,0.2635,264
264.7030365609711,264.70700000000005,0.2645,265
265.6827272585262,265.70500000000004,0.2655,266
266.6858332514553,266.701,0.2665,267
267.69950090983247,267.699,0.2675,268
268.7127685359405,268.699,0.2685,269
269.71592822237415,269.697,0.2695,270
270.72060435191776,270.696,0.2705,271
271.7008742320919,271.69200000000006,0.2715,272
272.69169714842536,272.688,0.2725,273
273.68855404127993,273.682,0.2735,274
274.6778112018006,274.6749999999999,0.2745,275
275.6815604527106,275.6699999999999,0.2755,276
276.6750984861117,276.664,0.2765,277
277.6785953100692,277.66099999999994,0.2775,278
278.6744647965681,278.65699999999987,0.2785,279
279.6744340115716,279.65400000000005,0.2795,280
280.66152226199,280.6530000000001,0.2805,281
281.6755861848216,281.65299999999996,0.28150000000000003,282
282.69574890668457,282.65299999999996,0.28250000000000003,283
283.6807464676644,283.65000000000015,0.28350000000000003,284
284.69474785837343,284.648,0.28450000000000003,285
285.588752299772,285.6440000000001,0.28500000000000003,286
286.5817309062571,286.6430000000001,0.28600000000000003,287
287.7030828910301,287.6410000000001,0.28750000000000003,288
288.5727585103845,288.64,0.28800000000000003,289
289.5780539678134,289.63899999999995,0.289,290
290.58681455809943,290.6349999999999,0.29,291
291.58453413795286,291.632,0.291,292
292.57646183809095,292.62999999999994,0.292,293
293.56852670564217,293.625,0.293,294
294.5587418315423,294.621,0.294,295
295.56232643494576,295.62000000000006,0.295,296
296.5879282421173,296.61699999999996,0.296,297
297.55800414014703,297.611,0.297,298
298.5693220861073,298.60900000000004,0.298,299
299.57016427706117,299.59899999999993,0.299,300
300.5664847875711,300.59700000000004,0.3,301
301.5529433281059,301.592,0.301,302
302.5368389851833,302.58700000000005,0.302,303
303.5448356117471,303.58299999999997,0.303,304
304.53828382105985,304.5830000000001,0.304,305
305.544531127571,305.58200000000005,0.305,306
306.5228219415208,306.57800000000003,0.306,307
307.5366561504347,307.5700000000001,0.307,308
308.54258677212846,308.56499999999994,0.308,309
309.55869165191996,309.565,0.309,310
310.5507717131784,310.5589999999999,0.31,311
311.54629706062417,311.5570000000001,0.311,312
312.566786299575,312.55699999999996,0.312,313
313.5726050615993,313.5569999999999,0.313,314
314.56573130069546,314.5520000000001,0.314,315
315.5643277717356,315.5460000000001,0.315,316
316.5893211258084,316.5460000000001,0.316,317
317.5617722230292,317.53999999999996,0.317,318
318.5754842761709,318.53800000000007,0.318,319
319.5622403117451,319.53599999999994,0.319,320
320.5693613990362,320.531,0.32,321
321.4497546318946,321.52300000000014,0.3205,322
322.4397127865119,322.514,0.3215,323
323.5633947248146,323.50999999999993,0.323,324
324.42792894858496,324.50800000000015,0.3235,325
325.4336741610187,325.5080000000001,0.3245,326
326.4626244119319,326.50400000000013,0.3255,327
327.46035625215495,327.5000000000001,0.3265,328
328.47858795147795,328.4979999999998,0.3275,329
329.47302527747286,329.48999999999995,0.3285,330
330.4886703497347,330.48299999999995,0.3295,331
331.47363353437805,331.4770000000001,0.3305,332
332.490080905136,332.469,0.3315,333
333.4668864595982,333.46599999999984,0.3325,334
334.436150319688,334.4629999999999,0.3335,335
335.42871537965266,335.4599999999999,0.3345,336
336.3958984548939,336.45699999999994,0.3355,337
337.3802309121235,337.4519999999998,0.3365,338
338.395510571741,338.45,0.3375,339
339.3970744731827,339.4489999999999,0.3385,340
340.3587026571334,340.438,0.3395,341
341.36372428742794,341.435,0.3405,342
342.3597981664296,342.42999999999967,0.3415,343
343.3842007739164,343.429,0.3425,344
344.3657893581396,344.42399999999986,0.3435,345
345.35496492762286,345.4199999999998,0.34450000000000003,346
346.39191796534794,346.4119999999997,0.34550000000000003,347
347.4060610323129,347.4029999999998,0.34650000000000003,348
348.3890041957615,348.3969999999996,0.34750000000000003,349
349.3934422940035,349.3899999999999,0.34850000000000003,350
350.3895405761049,350.386,0.34950000000000003,351
351.3856226471233,351.38399999999996,0.35050000000000003,352
352.24750060056266,352.37999999999994,0.35100000000000003,353
353.25084129358424,353.374,0.35200000000000004,354
354.25626301017024,354.37199999999996,0.353,355
355.2400410256313,355.3700000000002,0.354,356
356.2335469495799,356.365,0.355,357
357.2137335463195,357.3630000000001,0.356,358
358.2113503836933,358.35800000000006,0.357,359
359.21593590381,359.3500000000002,0.358,360
360.18544862965535,360.3390000000001,0.359,361
361.31685891190176,361.33199999999994,0.3605,362
362.16071573040205,362.32300000000004,0.361,363
363.1630146678009,363.3139999999999,0.362,364
364.16175626463286,364.31399999999996,0.363,365
365.16326481173274,365.3019999999998,0.364,366
366.156974889298,366.29699999999985,0.365,367
367.1675482320263,367.2919999999999,0.366,368
368.1830262145697,368.28299999999984,0.367,369
369.1709187230522,369.27900000000017,0.368,370
370.1629719691403,370.27200000000005,0.369,371
371.1790118294974,371.26699999999994,0.37,372
372.17801207246663,372.2670000000001,0.371,373
373.17835943020236,373.26300000000015,0.372,374
374.1523789223106,374.2580000000001,0.373,375
375.1376422926082,375.254,0.374,376
376.14199622013575,376.25299999999993,0.375,377
377.1292014942533,377.2429999999999,0.376,378
378.13552890463205,378.23500000000007,0.377,379
379.1581750529394,379.23300000000023,0.378,380
380.00729454745294,380.22700000000015,0.3785,381
381.0058968164131,381.22199999999987,0.3795,382
382.0158326900516,382.2149999999999,0.3805,383
383.0378441856324,383.2100000000001,0.3815,384
384.0290264277379,384.20599999999985,0.3825,385
385.0422938648818,385.19799999999987,0.3835,386
386.04472823861323,386.1919999999999,0.3845,387
387.03127635612185,387.1820000000001,0.3855,388
388.002611997307,388.17199999999997,0.3865,389
389.0154696484599,389.16600000000005,0.3875,390
390.0267960960476,390.16299999999995,0.3885,391
390.8481631915602,391.1510000000002,0.389,392
391.83224688146424,392.14000000000004,0.39,393
392.82771483845386,393.1290000000001,0.391,394
393.81294863014045,394.118,0.392,395
394.79008532986023,395.1099999999999,0.393,396
395.78656674694577,396.1030000000001,0.394,397
396.80171743661367,397.09099999999995,0.395,398
397.78852114972295,398.083,0.396,399
398.8041498688149,399.07700000000017,0.397,400
399.8051584219293,400.07300000000004,0.398,401
400.8183653062496,401.0630000000001,0.399,402
401.81546394817127,402.05600000000015,0.4,403
402.6572213020998,403.0439999999999,0.4005,404
403.66747991882545,404.0280000000001,0.4015,405
404.650661152574,405.018,0.4025,406
405.64021519163816,406.01399999999995,0.4035,407
406.63396786981656,407.0029999999998,0.4045,408
407.61586682506214,407.99499999999995,0.4055,409
408.6136439369842,408.98699999999985,0.40650000000000003,410
409.64708300195576,409.981,0.40750000000000003,411
410.6350296597981,410.96900000000005,0.40850000000000003,412
411.6154564578519,411.9540000000001,0.40950000000000003,413
412.6008057168102,412.94599999999986,0.41050000000000003,414
413.6020952032176,413.9290000000001,0.41150000000000003,415
414.6024709604429,414.9219999999999,0.41250000000000003,416
415.579139819836,415.90600000000006,0.41350000000000003,417
416.5636745187177,416.89700000000016,0.41450000000000004,418
417.3832221792554,417.8830000000001,0.41500000000000004,419
418.37508081578244,418.8790000000001,0.41600000000000004,420
419.38885115557434,419.8730000000001,0.417,421
420.3869511786698,420.87099999999987,0.418,422
421.36564471035524,421.8600000000003,0.419,423
422.34040299984923,422.8520000000002,0.42,424
423.3489470605874,423.8420000000002,0.421,425
424.33360170205617,424.8319999999998,0.422,426
425.3054198801601,425.819,0.423,427
426.3007136382149,426.8170000000002,0.424,428
427.3306775742984,427.8140000000001,0.425,429
428.33000874038385,428.8000000000001,0.426,430
429.29713803905224,429.786,0.427,431
430.2900388554516,430.76999999999964,0.428,432
431.12056864840144,431.76299999999975,0.4285,433
432.12532192946674,432.75399999999985,0.4295,434
433.1216467868289,433.74499999999983,0.4305,435
434.10578603352195,434.73500000000024,0.4315,436
435.1315061592414,435.72699999999986,0.4325,437
436.11888978389436,436.71200000000016,0.4335,438
437.1337045558192,437.6990000000002,0.4345,439
438.12657453060604,438.69100000000003,0.4355,440
439.1266826933891,439.67900000000014,0.4365,441
440.0935215896715,440.66599999999994,0.4375,442
441.08483633641214,441.65700000000004,0.4385,443
441.90330694832505,442.6439999999999,0.439,444
442.8899788808787,443.634,0.44,445
443.88841095421174,444.61600000000016,0.441,446
444.91671084429964,445.59799999999996,0.442,447
445.9470555876759,446.5940000000003,0.443,448
446.91530516217045,447.5770000000004,0.444,449
447.90211113687275,448.56300000000005,0.445,450
448.8908886621548,449.5459999999998,0.446,451
449.7041077715331,450.52900000000017,0.4465,452
450.7154194185951,451.515,0.4475,453
451.7257121178008,452.50200000000024,0.4485,454
452.7167846803893,453.48600000000033,0.4495,455
453.6908618902936,454.47100000000046,0.4505,456
454.67675744293655,455.4550000000003,0.4515,457
455.6988226801477,456.43600000000015,0.4525,458
456.6688997529782,457.42600000000033,0.4535,459
457.659186824791,458.41400000000044,0.4545,460
458.63848896182157,459.39800000000014,0.4555,461
459.6441480646945,460.38900000000046,0.4565,462
460.43777047573985,461.37,0.457,463
461.40810355811055,462.35699999999997,0.458,464
462.43081509581447,463.3349999999997,0.459,465
463.42035931259466,464.316,0.46,466
464.4202896603817,465.29699999999997,0.461,467
465.44672190093416,466.2820000000002,0.462,468
466.45830725973576,467.27100000000036,0.463,469
467.2645556705857,468.2520000000001,0.4635,470
468.2697966102906,469.23299999999995,0.4645,471
469.26395941385823,470.2169999999997,0.4655,472
470.2423982713639,471.20199999999994,0.4665,473
471.26588915401237,472.18199999999996,0.4675,474
472.25132970228833,473.1610000000001,0.4685,475
473.2649402594488,474.13699999999994,0.46950000000000003,476
474.2519915247373,475.1209999999999,0.47050000000000003,477
475.0563578919511,476.11099999999993,0.47100000000000003,478
476.0794438280974,477.1029999999998,0.47200000000000003,479
477.0705098068357,478.0960000000003,0.47300000000000003,480
478.0797883789214,479.0730000000001,0.47400000000000003,481
479.0647121139125,480.056,0.47500000000000003,482
480.04847899523475,481.03800000000007,0.47600000000000003,483
481.0318598042003,482.0210000000001,0.47700000000000004,484
482.0482498793335,482.9960000000002,0.47800000000000004,485
483.04564674950313,483.98000000000036,0.47900000000000004,486
484.0138856295706,484.9560000000005,0.48000000000000004,487
484.8327323459694,485.941,0.4805,488
485.8403471043304,486.9190000000002,0.4815,489
486.8483806034807,487.89300000000014,0.4825,490
487.8700969417934,488.87200000000024,0.4835,491
488.85710771204964,489.85300000000007,0.4845,492
489.8726352197069,490.8279999999999,0.4855,493
490.65883894280705,491.8090000000001,0.486,494
491.6333655974307,492.77800000000013,0.487,495
492.6521073981419,493.76599999999985,0.488,496
493.63129235063644,494.7489999999998,0.489,497
494.64613944932523,495.72799999999995,0.49,498
495.6370569721822,496.7060000000001,0.491,499
496.64799336956935,497.666,0.492,500
497.6373083966774,498.63100000000003,0.493,501
498.62934945277163,499.6029999999999,0.494,502
499.59181752799867,500.57399999999956,0.495,503
500.5711605164396,501.544,0.496,504
501.3551146433353,502.5200000000002,0.4965,505
502.3569283633603,503.4939999999998,0.4975,506
503.3520062343106,504.4649999999998,0.4985,507
504.3284660280648,505.4329999999998,0.4995,508
505.3369164268997,506.39900000000006,0.5005,509
506.30455406051686,507.37300000000016,0.5015,510
507.26774537703074,508.3369999999997,0.5025,511
508.24155376848955,509.2949999999996,0.5035,512
509.2275919894989,510.269,0.5045,513
510.21635036526317,511.24699999999996,0.5055,514
511.21499296629423,512.221,0.5065,515
512.1797530786257,513.1960000000001,0.5075,516
513.1711027730663,514.1750000000003,0.5085,517
514.1380666584505,515.142,0.5095,518
515.1340582076696,516.1089999999998,0.5105,519
516.0808629268657,517.0740000000003,0.5115,520
517.0910837645804,518.0470000000001,0.5125,521
518.0680581179641,519.0039999999998,0.5135,522
519.0821729697699,519.9610000000004,0.5145,523
520.047759593166,520.9350000000005,0.5155,524
521.0457121819774,521.8970000000003,0.5165,525
522.0351653948162,522.8570000000001,0.5175,526
523.0369864614445,523.8289999999998,0.5185,527
524.0037587835305,524.7960000000002,0.5195,528
524.8061271606263,525.7640000000002,0.5199999999999999,529
525.8085987948098,526.7340000000005,0.5209999999999999,530
526.7719148982942,527.6860000000001,0.5219999999999999,531
527.74113939932,528.6450000000003,0.5229999999999999,532
528.7316209227395,529.6020000000004,0.5239999999999999,533
529.7482571417414,530.5710000000001,0.5249999999999999,534
530.7304732938117,531.523,0.5259999999999999,535
531.7429151625148,532.4819999999994,0.5269999999999999,536
532.7589308958416,533.45,0.5279999999999999,537
533.7639378934242,534.4050000000001,0.5289999999999999,538
534.739249380801,535.3709999999998,0.5299999999999999,539
535.7115805277551,536.3189999999998,0.5309999999999999,540
536.7321106970414,537.2739999999998,0.5319999999999999,541
537.509831341313,538.2289999999999,0.5325,542
538.5233601295498,539.1920000000002,0.5335,543
539.5111575038363,540.1480000000005,0.5345,544
540.5114565309384,541.1150000000004,0.5355,545
541.4867708408714,542.0730000000004,0.5365,546
542.4933554794699,543.0140000000002,0.5375,547
543.4544978072919,543.9540000000006,0.5385,548
544.4526573024501,544.8970000000005,0.5395,549
545.4306466393048,545.8390000000002,0.5405,550
546.4375485327932,546.7860000000003,0.5415,551
547.4037673520074,547.7289999999999,0.5425,552
548.3956415973455,548.6730000000005,0.5435,553
549.3779322169661,549.6220000000001,0.5445,554
550.3645807767302,550.5530000000002,0.5455,555
551.336683275804,551.4899999999998,0.5465,556
552.3131298286347,552.437,0.5475,557
553.3104017906483,553.3960000000002,0.5485,558
554.3087647797879,554.3509999999997,0.5495,559
555.2892444963369,555.2850000000001,0.5505,560
556.2658310935061,556.2259999999999,0.5515,561
557.2880935781541,557.1690000000001,0.5525,562
558.274266918261,558.1120000000001,0.5535,563
559.2532296545359,559.0449999999997,0.5545,564
560.2365592247301,559.9729999999998,0.5555,565
561.2358710356773,560.9170000000003,0.5565,566
562.2138641079083,561.8649999999998,0.5575,567
563.2369170940862,562.8039999999997,0.5585,568
564.2336643978779,563.7409999999999,0.5595,569
565.2339830932499,564.6749999999998,0.5605,570
566.2395446857705,565.6059999999998,0.5615,571
567.0238010731855,566.5339999999999,0.5619999999999999,572
567.9987188505071,567.442999999999,0.563,573
568.9688332145279,568.3749999999992,0.564,574
569.9683585421961,569.303,0.565,575
570.9722992802274,570.2389999999999,0.566,576
571.9706297138781,571.1599999999994,0.567,577
572.9532914123478,572.0820000000001,0.568,578
573.9679849021065,573.0099999999998,0.569,579
574.998021506079,573.9349999999989,0.57,580
575.9805170791379,574.8550000000004,0.571,581
576.9674090424171,575.7630000000005,0.572,582
577.9763521736792,576.6880000000001,0.573,583
578.9729181910193,577.6089999999998,0.574,584
579.959599723658,578.5149999999999,0.575,585
580.9565867901922,579.433,0.576,586
581.9588442546641,580.3439999999995,0.577,587
582.9579457192699,581.2669999999993,0.578,588
583.947126191461,582.1710000000003,0.579,589
584.953402040526,583.0829999999996,0.58,590
585.7359297353556,583.9899999999991,0.5804999999999999,591
586.7110316574083,584.895,0.5814999999999999,592
587.9159348867455,585.8009999999998,0.583,593
588.694783062562,586.6909999999997,0.5834999999999999,594
589.6559853269965,587.5819999999997,0.5844999999999999,595
590.6546748085169,588.485,0.5854999999999999,596
591.6680028754089,589.3910000000003,0.5864999999999999,597
592.6747471919348,590.2689999999999,0.5874999999999999,598
593.6280891196433,591.1560000000004,0.5884999999999999,599
594.6053932173822,592.05,0.5894999999999999,600
595.6271707062002,592.9710000000006,0.5904999999999999,601
596.6278476219854,593.8559999999995,0.5914999999999999,602
597.6133463986599,594.7479999999993,0.5924999999999999,603
598.6092590359212,595.6560000000001,0.5934999999999999,604
599.5882470729284,596.5310000000005,0.5944999999999999,605
600.5810741496025,597.4160000000004,0.5954999999999999,606
601.5603659428297,598.3020000000001,0.5964999999999999,607
602.575800688434,599.1910000000007,0.5974999999999999,608
603.5536919361844,600.0740000000004,0.5984999999999999,609
604.5385889889196,600.9759999999999,0.5994999999999999,610
605.5270699887686,601.8570000000002,0.6004999999999999,611
606.4856060453285,602.7280000000007,0.6014999999999999,612
607.4597334358932,603.6079999999997,0.6024999999999999,613
608.4451814882996,604.4990000000008,0.6034999999999999,614
609.4238743320518,605.3779999999996,0.6044999999999999,615
610.4173600169893,606.2410000000006,0.6054999999999999,616
611.4135853416993,607.1279999999996,0.6064999999999999,617
612.4134189132986,608.0030000000006,0.6074999999999999,618
613.4116789813725,608.8690000000003,0.6084999999999999,619
614.4421113769231,609.7250000000004,0.6094999999999999,620
615.4225099404113,610.5830000000002,0.6104999999999999,621
616.3934925483583,611.444,0.6114999999999999,622
617.3923375248839,612.3250000000006,0.6124999999999999,623
618.3835134602143,613.1940000000003,0.6134999999999999,624
619.4121827239076,614.0619999999998,0.6144999999999999,625
620.4010393049115,614.9339999999999,0.6154999999999999,626
621.4222197397877,615.7939999999993,0.6164999999999999,627
622.4348631674776,616.6429999999999,0.6174999999999999,628
623.1925154581324,617.494,0.618,629
624.1859742897403,618.332,0.619,630
625.169083851277,619.199,0.62,631
626.16889355958,620.0680000000002,0.621,632
627.1705813471989,620.927,0.622,633
628.1942705877887,621.7779999999997,0.623,634
629.2006135612314,622.6239999999991,0.624,635
630.2053386057294,623.4730000000003,0.625,636
631.1786246887206,624.3180000000003,0.626,637
632.1774395899567,625.1569999999999,0.627,638
633.1544134483571,625.9860000000001,0.628,639
634.1464106466584,626.8070000000005,0.629,640
635.1261940329176,627.6539999999993,0.63,641
636.1236665137243,628.4910000000002,0.631,642
637.1097916367437,629.2949999999995,0.632,643
638.081894917157,630.0970000000011,0.633,644
639.0487661200253,630.9289999999996,0.634,645
640.0404201874168,631.7639999999997,0.635,646
641.0445394390179,632.5600000000001,0.636,647
642.0399207676898,633.3829999999998,0.637,648
643.0353945862985,634.2219999999995,0.638,649
644.0105806424012,635.0369999999999,0.639,650
644.9920304635511,635.8529999999998,0.64,651
646.0099295771332,636.6919999999999,0.6409999999999999,652
646.7380949182254,637.4930000000004,0.6415,653
647.9705371633431,638.3049999999998,0.6429999999999999,654
648.6964708080498,639.1059999999999,0.6435,655
649.6966537237784,639.9029999999995,0.6445,656
650.6710952075229,640.7060000000005,0.6455,657
651.6687536048771,641.5249999999997,0.6465,658
652.657570011834,642.3249999999995,0.6475,659
653.6580537875572,643.1329999999999,0.6485,660
654.6184127471067,643.9370000000002,0.6495,661
655.6208087307842,644.751,0.6505,662
656.6259672097659,645.5369999999995,0.6515,663
657.6437435989726,646.3520000000003,0.6525,664
658.6132217642842,647.1719999999992,0.6535,665
659.6123194744636,647.9550000000004,0.6545,666
660.6025059896642,648.7400000000002,0.6555,667
661.5819616076574,649.5269999999998,0.6565,668
662.5857225624823,650.3160000000001,0.6575,669
663.5814526063718,651.1150000000005,0.6585,670
664.570931805286,651.8840000000005,0.6595,671
665.5721672523769,652.6649999999998,0.6605,672
666.3107009998483,653.4359999999998,0.6609999999999999,673
667.2964195454714,654.1980000000001,0.6619999999999999,674
668.3246072048847,655.002,0.6629999999999999,675
669.323972341989,655.7550000000007,0.6639999999999999,676
670.2890188067763,656.5059999999999,0.6649999999999999,677
671.2540572344056,657.2779999999998,0.6659999999999999,678
672.2299553730951,658.0500000000002,0.6669999999999999,679
673.2330541170345,658.7819999999997,0.6679999999999999,680
673.9630372320115,659.524,0.6685,681
674.9541313154289,660.2989999999991,0.6695,682
675.9479745895778,661.0699999999996,0.6705,683
676.9518436168322,661.8179999999996,0.6715,684
677.9539338542835,662.612,0.6725,685
678.9178224052862,663.3829999999999,0.6735,686
679.8999079474189,664.1339999999999,0.6745,687
680.8737878723205,664.8820000000001,0.6755,688
681.8978448001355,665.6459999999994,0.6765,689
682.8845205382863,666.378,0.6775,690
683.8785107725065,667.1299999999995,0.6785,691
684.9072717204235,667.8939999999994,0.6795,692
685.895819189981,668.6730000000002,0.6805,693
686.8807021389078,669.407,0.6815,694
687.8463238754163,670.1410000000003,0.6825,695
688.8339274868761,670.8969999999998,0.6835,696
689.8426443143642,671.6420000000004,0.6845,697
690.8284105923882,672.3999999999996,0.6855,698
691.5744527036634,673.0980000000002,0.6859999999999999,699
692.5746559516853,673.8230000000002,0.6869999999999999,700
693.5601327691297,674.5769999999997,0.688,701
694.587057837838,675.3279999999996,0.689,702
695.5882049355793,676.0750000000002,0.69,703
696.6124269730667,676.8149999999997,0.691,704
697.5877319258591,677.5439999999999,0.692,705
698.3104110179584,678.2709999999998,0.6925,706
699.5493148422122,679.005,0.694,707
700.2750952537477,679.7049999999996,0.6945,708
701.2490491533944,680.4430000000006,0.6955,709
702.2183180409951,681.1429999999989,0.6965,710
703.2060789772411,681.8679999999999,0.6975,711
704.2179430463527,682.5750000000004,0.6985,712
705.1991518800836,683.2959999999996,0.6995,713
706.1626488521752,683.991,0.7005,714
707.1660799359717,684.6940000000002,0.7015,715
708.1396971703058,685.3869999999998,0.7025,716
708.8746224470417,686.0830000000002,0.703,717
709.8693110250056,686.7909999999994,0.704,718
710.8639653852083,687.4889999999997,0.705,719
711.852981400028,688.2150000000003,0.706,720
712.8148523461736,688.9300000000005,0.707,721
713.7990765207,689.6509999999997,0.708,722
714.8066398388289,690.3709999999995,0.709,723
715.7991942073965,691.0869999999993,0.71,724
716.762643339973,691.7689999999998,0.711,725
717.7372537980963,692.4549999999994,0.712,726
718.7474574677743,693.1489999999998,0.713,727
719.7313289030152,693.835,0.714,728
720.7104302311376,694.5229999999991,0.715,729
721.696980790886,695.2040000000002,0.716,730
722.675929557605,695.871,0.717,731
723.6708167162803,696.5809999999993,0.718,732
724.3835366980751,697.2209999999998,0.7184999999999999,733
725.650972807405,697.9330000000008,0.72,734
726.4007818626055,698.6130000000003,0.7204999999999999,735
727.3989467775307,699.2890000000006,0.7214999999999999,736
728.3819205443311,699.9839999999998,0.7224999999999999,737
729.369540119287,700.6820000000002,0.7234999999999999,738
730.355184813615,701.3660000000001,0.7244999999999999,739
731.3227354243911,702.0249999999995,0.7254999999999999,740
732.3461351392074,702.7460000000001,0.7264999999999999,741
733.2964096584541,703.4050000000001,0.7274999999999999,742
734.2930890071842,704.0850000000003,0.7284999999999999,743
735.3096577928073,704.7820000000003,0.7294999999999999,744
736.2995386910834,705.4289999999992,0.7304999999999999,745
737.3007559117079,706.0939999999995,0.7314999999999999,746
738.2961813552453,706.7639999999993,0.7324999999999999,747
738.9777249796729,707.393,0.733,748
739.9392956385988,708.0370000000001,0.734,749
740.9370064834028,708.7039999999996,0.735,750
741.9432303158504,709.3720000000005,0.736,751
742.9331239688564,710.0470000000004,0.737,752
743.9219589990884,710.7189999999997,0.738,753
744.9135618600923,711.3430000000001,0.739,754
745.9242296041632,712.0250000000005,0.74,755
746.9233126144345,712.6959999999996,0.741,756
747.9079031311711,713.3530000000003,0.742,757
748.9154285591321,713.9909999999999,0.743,758
749.9113327210343,714.6260000000003,0.744,759
750.8734605802885,715.3010000000002,0.745,760
751.8431322306444,715.9409999999996,0.746,761
752.5594249695965,716.5359999999996,0.7464999999999999,762
753.5545913069782,717.1809999999998,0.7474999999999999,763
754.5351760165556,717.837,0.7484999999999999,764
755.5233467002405,718.4809999999995,0.7494999999999999,765
756.5316777543466,719.1110000000009,0.7505,766
757.5031725632808,719.7779999999999,0.7515,767
758.7872320007098,720.4459999999997,0.753,768
759.5008836986534,721.052,0.7535,769
760.478729968868,721.6409999999989,0.7545,770
761.4612734075698,722.2799999999994,0.7555,771
762.4494935021607,722.9360000000003,0.7565,772
763.4434014868659,723.5759999999997,0.7575,773
764.4498121364151,724.172999999999,0.7585,774
765.4133100338233,724.7879999999999,0.7595,775
766.4116684373522,725.4299999999997,0.7605,776
767.4011285045868,726.0689999999995,0.7615,777
768.3572964737226,726.6519999999997,0.7625,778
769.308387998952,727.2550000000002,0.7635,779
770.020409277175,727.8740000000001,0.764,780
771.0138541541257,728.5029999999997,0.765,781
771.9915131234092,729.1170000000004,0.766,782
772.9826945457012,729.7370000000002,0.767,783
773.9991745335207,730.3330000000003,0.768,784
775.0184762894412,730.9389999999995,0.7689999999999999,785
776.0082511026279,731.557,0.7699999999999999,786
776.9772608278156,732.1370000000007,0.7709999999999999,787
777.7113653071627,732.7500000000007,0.7715,788
778.7023716761885,733.353,0.7725,789
779.6863332785994,733.9559999999996,0.7735,790
780.653395278553,734.5229999999999,0.7745,791
781.6694773699993,735.169,0.7755,792
782.6972505429002,735.7660000000001,0.7765,793
783.4041441466607,736.3390000000007,0.7769999999999999,794
784.39490109073,736.9430000000006,0.7779999999999999,795
785.1155495474385,737.501,0.7785,796
786.1471919918184,738.0999999999995,0.7795,797
787.1184403995685,738.6750000000002,0.7805,798
787.8208479362129,739.2119999999996,0.7809999999999999,799
788.8112371357441,739.8290000000001,0.7819999999999999,800
789.7964940865671,740.4179999999999,0.7829999999999999,801
790.7924578792395,740.954,0.7839999999999999,802
791.7535416102821,741.5410000000003,0.7849999999999999,803
792.7501150517336,742.143,0.7859999999999999,804
793.7554455398455,742.7309999999994,0.7869999999999999,805
794.4387157433216,743.2689999999997,0.7875,806
795.427525003314,743.8480000000006,0.7885,807
796.429071238401,744.4310000000004,0.7895,808
797.42546071699,745.0259999999997,0.7905,809
798.4077132125923,745.605,0.7915,810
799.3977312174525,746.1609999999994,0.7925,811
800.3915392358749,746.769000000001,0.7935,812
801.3531956401056,747.3290000000003,0.7945,813
802.3685679277054,747.9109999999997,0.7955,814
803.3227678734854,748.4770000000001,0.7965,815
804.2987238495043,749.0709999999997,0.7975,816
805.2804581697268,749.5929999999997,0.7985,817
805.9980517745263,750.156,0.7989999999999999,818
807.0292501734021,750.7620000000001,0.7999999999999999,819
807.9980835769381,751.3210000000007,0.8009999999999999,820
809.0178813804777,751.9079999999994,0.8019999999999999,821
810.0103728955949,752.4400000000004,0.8029999999999999,822
811.0036539218704,753.0410000000004,0.8039999999999999,823
812.0178526825197,753.6170000000006,0.8049999999999999,824
813.0127282010467,754.1649999999996,0.8059999999999999,825
813.7114632060387,754.696,0.8065,826
814.6965820525846,755.229,0.8075,827
815.6814657676709,755.8059999999991,0.8085,828
816.6812587914881,756.3380000000001,0.8095,829
817.657593093119,756.8910000000006,0.8105,830
818.6538993475666,757.4680000000005,0.8115,831
819.639859967443,757.993,0.8125,832
820.3138406082006,758.523,0.813,833
821.6100379407612,759.082,0.8145,834
822.3053328927671,759.6249999999999,0.815,835
823.3195017973354,760.1350000000003,0.816,836
823.9669612801415,760.6360000000001,0.8165,837
824.9580679654355,761.1779999999998,0.8175,838
825.9377490729025,761.6930000000004,0.8185,839
826.9293748443484,762.2389999999996,0.8195,840
827.9176999617766,762.796,0.8205,841
828.8915091111244,763.3440000000002,0.8215,842
829.8568857416797,763.8500000000006,0.8225,843
830.8454381325771,764.3919999999995,0.8235,844
831.5466817297264,764.883000000001,0.824,845
832.5569590462101,765.3910000000004,0.825,846
833.547586684624,765.9390000000001,0.826,847
834.5338632322038,766.4440000000008,0.827,848
835.4891624035915,766.9379999999994,0.828,849
836.4902452271097,767.5070000000002,0.829,850
837.4931291564948,768.0429999999998,0.83,851
838.4926870093133,768.5909999999997,0.831,852
839.2062251226738,769.1189999999995,0.8315,853
840.2296926390176,769.6310000000003,0.8325,854
841.2251867997396,770.1450000000004,0.8334999999999999,855
841.8928702688338,770.6459999999998,0.834,856
842.8793443282905,771.154,0.835,857
843.8881902188248,771.6599999999996,0.836,858
844.8720550327834,772.1580000000002,0.837,859
845.562184548987,772.6869999999999,0.8374999999999999,860
846.5359608876847,773.1869999999991,0.8384999999999999,861
847.8208760823035,773.7130000000002,0.84,862
848.4960230376388,774.208,0.8404999999999999,863
849.4905950428896,774.7080000000003,0.8414999999999999,864
850.1676025002648,775.1719999999996,0.842,865
851.1727514023073,775.6990000000004,0.843,866
852.156917336397,776.1489999999993,0.844,867
853.1210892329822,776.6459999999996,0.845,868
854.0880414511046,777.1279999999997,0.846,869
854.7891684653919,777.622999999999,0.8464999999999999,870
855.8019939729322,778.1650000000003,0.8474999999999999,871
856.8000065649053,778.6919999999994,0.8484999999999999,872
857.7842121674466,779.1420000000007,0.8494999999999999,873
858.4778854185832,779.6379999999996,0.85,874
859.4727033881305,780.1299999999997,0.851,875
860.4422206882881,780.629000000001,0.852,876
861.4395515278301,781.0999999999992,0.853,877
862.1142337440134,781.5619999999992,0.8534999999999999,878
863.1242929894748,782.0639999999993,0.8544999999999999,879
864.1090038277341,782.5709999999996,0.8554999999999999,880
865.0787616688569,783.0500000000001,0.8564999999999999,881
866.3578795549977,783.5679999999996,0.858,882
867.3219359529519,784.0379999999998,0.859,883
868.0027272250516,784.5020000000001,0.8594999999999999,884
868.9973180537582,784.9969999999993,0.8604999999999999,885
869.9685162599937,785.4549999999997,0.8614999999999999,886
870.6527174581348,785.9239999999995,0.862,887
871.6461136337279,786.4010000000002,0.863,888
872.6402407564553,786.8719999999995,0.864,889
873.6698051105483,787.3730000000003,0.865,890
874.3568959552921,787.8449999999996,0.8654999999999999,891
875.3435378380021,788.2980000000001,0.8664999999999999,892
876.318254101143,788.7540000000008,0.8674999999999999,893
877.3042135714111,789.2290000000003,0.8684999999999999,894
877.9931182537075,789.694000000001,0.869,895
879.3088982912535,790.2210000000001,0.8704999999999999,896
879.9766305005852,790.6739999999995,0.871,897
880.952555780821,791.1270000000003,0.872,898
881.9408139244767,791.6130000000002,0.873,899
882.9244930688976,792.0750000000007,0.874,900
883.9417180824984,792.6180000000008,0.875,901
884.8918502612402,793.0670000000005,0.876,902
885.875525458828,793.5029999999997,0.877,903
886.550693060415,793.9260000000003,0.8775,904
887.5398038509778,794.3800000000009,0.8785,905
888.5126199981855,794.8379999999997,0.8795,906
889.502074913542,795.2780000000006,0.8805,907
890.4975600070915,795.7869999999991,0.8815,908
891.4745899433277,796.2080000000001,0.8825,909
892.1386326940856,796.6619999999998,0.883,910
893.1306831997312,797.0929999999997,0.884,911
894.099968645537,797.5589999999997,0.885,912
895.087013732184,798.0129999999998,0.886,913
895.7410218430763,798.4140000000008,0.8865,914
896.7270942898189,798.8790000000005,0.8875,915
897.718142588927,799.347,0.8885,916
899.0250613801226,799.8080000000003,0.89,917
899.6702124795718,800.2450000000006,0.8905,918
900.969295863547,800.7250000000007,0.892,919
901.6475322980028,801.1339999999992,0.8925,920
902.6356270580477,801.6150000000005,0.8935,921
903.6448281915186,802.0399999999998,0.8945,922
904.3006941015558,802.4559999999999,0.895,923
905.2809765086255,802.893,0.896,924
906.2748546711177,803.3240000000004,0.8969999999999999,925
906.9491592690604,803.7440000000004,0.8975,926
907.9539100789468,804.1740000000004,0.8985,927
908.6311520208099,804.601,0.8989999999999999,928
909.6004277950956,805.0319999999998,0.8999999999999999,929
910.5736028910779,805.4559999999998,0.9009999999999999,930
911.8687621990531,805.919,0.9025,931
912.874840213609,806.3780000000002,0.9035,932
913.5468799337172,806.8099999999995,0.9039999999999999,933
914.5465681894539,807.2500000000006,0.9049999999999999,934
915.5220438540003,807.6779999999995,0.9059999999999999,935
916.1779828052806,808.0660000000004,0.9065,936
917.167587701002,808.5040000000004,0.9075,937
918.1524507203846,808.909,0.9085,938
918.8312976675804,809.3229999999998,0.9089999999999999,939
919.787978192344,809.6850000000004,0.9099999999999999,940
920.7692079730379,810.1139999999995,0.9109999999999999,941
921.7652478290534,810.5470000000003,0.9119999999999999,942
922.4273001915025,810.9639999999994,0.9125,943
923.4168668457152,811.4039999999999,0.9135,944
924.0589683019987,811.7460000000001,0.9139999999999999,945
925.0605579716438,812.1990000000001,0.9149999999999999,946
926.0672049649121,812.6429999999998,0.9159999999999999,947
927.0297927682049,813.0480000000001,0.9169999999999999,948
928.0028492046066,813.4310000000003,0.9179999999999999,949
928.9885817510656,813.8460000000005,0.9189999999999999,950
929.6626934188121,814.2040000000003,0.9195,951
930.3338183766567,814.6160000000007,0.9199999999999999,952
931.3134772889864,815.0589999999997,0.9209999999999999,953
932.2894109248722,815.4730000000004,0.9219999999999999,954
933.2835368850538,815.8530000000004,0.9229999999999999,955
934.2684645372399,816.2700000000002,0.9239999999999999,956
935.233194013147,816.6780000000001,0.9249999999999999,957
936.2403054791074,817.1030000000001,0.9259999999999999,958
937.2162243955355,817.5099999999998,0.9269999999999999,959
938.1905893630263,817.9309999999997,0.9279999999999999,960
938.8700709796617,818.3290000000001,0.9285,961
939.865362071114,818.707000000001,0.9295,962
940.5268745790684,819.0749999999994,0.9299999999999999,963
941.1666271052244,819.4439999999995,0.9305,964
942.1623742124515,819.8739999999996,0.9315,965
943.1753475637029,820.2869999999999,0.9325,966
943.8471605283976,820.6489999999998,0.9329999999999999,967
944.8402978517149,821.033,0.9339999999999999,968
945.8119858228762,821.4659999999994,0.9349999999999999,969
946.8175007158986,821.8879999999998,0.9359999999999999,970
947.4555488063191,822.2439999999997,0.9365,971
948.7386048700646,822.6429999999997,0.938,972
949.7472039500092,823.053,0.939,973
950.7342931577332,823.4589999999998,0.94,974
951.3784828192406,823.8150000000003,0.9405,975
952.0073958850211,824.1519999999996,0.941,976
953.3232409132463,824.5809999999999,0.9425,977
954.016362872816,824.9810000000001,0.943,978
954.9929250537904,825.3709999999998,0.944,979
955.6678868457066,825.7279999999997,0.9445,980
957.0092306674084,826.1719999999998,0.946,981
957.6628149311288,826.5550000000007,0.9465,982
958.6417482136499,826.9319999999994,0.9475,983
959.6481032610768,827.338,0.9485,984
960.6115649612973,827.7289999999999,0.9495,985
961.5935202902883,828.098,0.9505,986
962.2334540799469,828.4499999999997,0.951,987
963.1929664342013,828.8110000000003,0.952,988
964.1620380529279,829.1750000000003,0.953,989
965.1496520579443,829.5599999999994,0.954,990
965.7821330530377,829.9079999999998,0.9545,991
966.4395396484442,830.2429999999998,0.955,992
967.4005900830438,830.6189999999996,0.956,993
968.391435494617,830.9899999999998,0.957,994
969.4166318227888,831.4089999999999,0.958,995
970.3952888600518,831.7910000000002,0.959,996
971.3768183985839,832.175,0.96,997
972.337578605989,832.5420000000004,0.961,998
973.3124559645166,832.8969999999995,0.962,999
974.342072393628,833.3140000000003,0.963,1000
974.9501986913133,833.5909999999999,0.9634999999999999,1001
975.6115964608792,833.9359999999997,0.964,1002
976.5896881816268,834.3010000000008,0.965,1003
977.5616161873737,834.6610000000001,0.966,1004
978.2241426906232,835.002000000001,0.9664999999999999,1005
979.1948411634812,835.3620000000001,0.9674999999999999,1006
980.1899136771492,835.7370000000002,0.9684999999999999,1007
980.832059578584,836.0939999999999,0.969,1008
982.1456967259093,836.4799999999998,0.9704999999999999,1009
982.800006598922,836.845,0.971,1010
984.1061961587112,837.2110000000009,0.9724999999999999,1011
984.726148138381,837.5280000000005,0.973,1012
985.7043053711097,837.9039999999999,0.974,1013
987.0140087642541,838.2800000000004,0.9754999999999999,1014
987.6840644655734,838.6230000000003,0.976,1015
988.3134209908822,838.9520000000008,0.9764999999999999,1016
988.9703534432088,839.2619999999993,0.977,1017
989.5990781427273,839.5760000000001,0.9774999999999999,1018
990.5700391437571,839.9119999999998,0.9784999999999999,1019
991.2233530991118,840.2570000000005,0.979,1020
992.2124370568373,840.5970000000004,0.98,1021
992.865293764688,840.933,0.9804999999999999,1022
993.4944369738987,841.23,0.981,1023
994.4781045518966,841.5630000000002,0.982,1024
995.120467688418,841.8959999999998,0.9824999999999999,1025
996.1097278140289,842.2700000000004,0.9834999999999999,1026
997.0618330317209,842.5949999999998,0.9844999999999999,1027
998.0259549292506,842.9489999999997,0.9854999999999999,1028
998.9963865729712,843.2689999999999,0.9864999999999999,1029
999.9754337139224,843.6220000000006,0.9874999999999999,1030
1000.623512432527,843.9629999999995,0.988,1031
1001.9353223230017,844.3180000000002,0.9894999999999999,1032
1002.9069693983805,844.6600000000004,0.9904999999999999,1033
1003.8538998122871,844.9990000000006,0.9914999999999999,1034
1004.4932427054183,845.3249999999992,0.992,1035
1005.4721980072809,845.6329999999997,0.993,1036
1006.4609634545609,845.9870000000001,0.994,1037
1007.4145960307607,846.3239999999998,0.995,1038
1008.0611519890148,846.6619999999998,0.9954999999999999,1039
1009.051512800621,846.9869999999996,0.9964999999999999,1040
1009.672179616182,847.2850000000004,0.997,1041
1010.6508282487767,847.6350000000003,0.998,1042
1011.6578109726252,847.9829999999996,0.999,1043
1012.297998198355,848.2800000000009,0.9994999999999999,1044
1013.250467698886,848.6049999999994,1.0005,1045
1013.900554827457,848.9169999999992,1.001,1046
1014.8759800619744,849.2499999999993,1.002,1047
1015.853145613509,849.5919999999998,1.003,1048
1016.8239337136831,849.8920000000002,1.004,1049
1017.4395099716821,850.2039999999998,1.0045,1050
1018.7637445670714,850.5649999999996,1.006,1051
1019.7223008605556,850.9059999999997,1.007,1052
1020.3657429940844,851.1980000000002,1.0075,1053
1021.3380423815413,851.5020000000006,1.0085,1054
1022.3237218501367,851.844,1.0095,1055
1023.291347309944,852.1549999999993,1.0105,1056
1023.9257336192105,852.4860000000002,1.011,1057
1024.886142700858,852.7889999999998,1.012,1058
1025.8867889195635,853.131,1.013,1059
1026.8611781693714,853.4549999999998,1.014,1060
1027.4782778372985,853.7300000000001,1.0145,1061
1028.4746562498347,854.0909999999989,1.0155,1062
1029.451743816072,854.42,1.0165,1063
1030.441111009428,854.7369999999995,1.0175,1064
1031.0642596088908,855.0309999999997,1.018,1065
1032.0417041187586,855.3120000000007,1.019,1066
1033.0056454907049,855.6419999999998,1.02,1067
1033.9677907652972,855.9429999999994,1.021,1068
1034.6052082093863,856.2470000000003,1.0215,1069
1035.5859033156473,856.5840000000005,1.0225,1070
1036.2568553826845,856.8979999999998,1.023,1071
1037.2502908944007,857.2030000000005,1.024,1072
1037.8607497388139,857.4880000000005,1.0245,1073
1039.2024207550462,857.83,1.026,1074
1039.8607288069215,858.1309999999997,1.0265,1075
1040.479228198133,858.4170000000004,1.027,1076
1041.439806649333,858.6920000000011,1.028,1077
1042.4375045212544,859.0479999999995,1.029,1078
1043.0180209786595,859.2949999999996,1.0294999999999999,1079
1044.0107526917136,859.6189999999999,1.0305,1080
1045.0182498954214,859.9319999999999,1.0314999999999999,1081
1045.6706133338469,860.2280000000007,1.032,1082
1046.6649142946133,860.5480000000002,1.033,1083
1046.9240325272324,860.7860000000007,1.033,1084
1047.5948848070395,861.0910000000009,1.0334999999999999,1085
1048.923024534951,861.4340000000001,1.035,1086
1049.5781037675386,861.7270000000001,1.0354999999999999,1087
1050.5391486453684,862.0160000000001,1.0365,1088
1051.1723233464852,862.3099999999996,1.037,1089
1052.159203114976,862.6030000000001,1.038,1090
1053.1335822464964,862.9090000000006,1.039,1091
1054.0894901937868,863.2269999999991,1.04,1092
1054.7133188167247,863.4799999999988,1.0405,1093
1055.7105716845092,863.788,1.0414999999999999,1094
1056.3421464010016,864.0819999999993,1.042,1095
1057.3224886726357,864.386,1.043,1096
1058.2700088851977,864.6700000000002,1.044,1097
1059.2180386377297,864.9450000000003,1.045,1098
1060.1773206020894,865.204,1.046,1099
1060.8129796542225,865.4889999999999,1.0465,1100
1061.4512636281509,865.7669999999999,1.047,1101
1062.417781518876,866.0619999999993,1.048,1102
1063.3872235703896,866.3599999999998,1.049,1103
1064.3595946032185,866.6329999999997,1.05,1104
1064.6324772449977,866.8910000000002,1.05,1105
1065.6139541056739,867.1600000000002,1.051,1106
1066.2288981831111,867.4260000000008,1.0514999999999999,1107
1067.2064877154876,867.7259999999997,1.0525,1108
1068.531681557287,868.0390000000002,1.054,1109
1069.1440891776892,868.2989999999994,1.0545,1110
1070.144919076072,868.6059999999998,1.0554999999999999,1111
1070.7711254699402,868.8799999999991,1.056,1112
1071.7620758094295,869.1929999999995,1.057,1113
1072.399702693861,869.4450000000004,1.0574999999999999,1114
1073.001465131954,869.7000000000003,1.058,1115
1073.9720235436512,869.9880000000005,1.059,1116
1075.276981710337,870.2739999999998,1.0605,1117
1075.5071988972243,870.4840000000002,1.0605,1118
1076.4936055127848,870.7699999999998,1.0614999999999999,1119
1077.8136662883383,871.1000000000001,1.063,1120
1078.7928787919377,871.3779999999999,1.064,1121
1079.4150235972052,871.6170000000008,1.0645,1122
1080.3878737270024,871.8919999999998,1.0655,1123
1080.9827711299085,872.1530000000007,1.066,1124
1081.9698007854518,872.4330000000002,1.067,1125
1082.9270905874166,872.7020000000002,1.068,1126
1083.8873092303443,872.9670000000001,1.069,1127
1084.4967514794785,873.2189999999991,1.0695,1128
1085.4699520193467,873.5049999999997,1.0705,1129
1086.1030141959639,873.7480000000002,1.071,1130
1087.0795273987083,874.0379999999993,1.072,1131
1087.7071033800817,874.2900000000001,1.0725,1132
1088.3130259847085,874.5240000000006,1.073,1133
1089.3223869770798,874.83,1.074,1134
1090.3006735637912,875.1290000000006,1.075,1135
1091.6186340131676,875.4009999999998,1.0765,1136
1092.2234860249353,875.6589999999993,1.077,1137
1092.8261082980457,875.8910000000001,1.0775,1138
1093.453327371088,876.1410000000002,1.078,1139
1094.4216619173046,876.4069999999999,1.079,1140
1095.04457201301,876.6389999999997,1.0795,1141
1096.0174295024447,876.9310000000006,1.0805,1142
1096.9883579617565,877.1980000000003,1.0815,1143
1097.964691410254,877.4759999999999,1.0825,1144
1098.9280800858078,877.7089999999996,1.0835,1145
1099.536684830781,877.958,1.084,1146
1099.8023736585837,878.1819999999999,1.084,1147
1101.1541791499772,878.4790000000003,1.0855,1148
1101.7635519637902,878.7150000000008,1.086,1149
1102.3976623167805,878.9720000000003,1.0865,1150
1102.6490754795043,879.1700000000001,1.0865,1151
1103.276134061371,879.4039999999999,1.087,1152
1104.215413864337,879.6579999999998,1.088,1153
1104.830750134706,879.9020000000004,1.0885,1154
1105.8322664881005,880.183,1.0895,1155
1106.8294107391926,880.4709999999998,1.0905,1156
1107.4641079680275,880.7350000000001,1.091,1157
1108.7859179645147,881.0080000000002,1.0925,1158
1109.7403003289303,881.2579999999998,1.0935,1159
1110.347702129567,881.506000000001,1.0939999999999999,1160
1111.3534588542511,881.7970000000006,1.095,1161
1112.3252076494764,882.031,1.0959999999999999,1162
1112.9359601679544,882.2689999999997,1.0965,1163
1113.903603484958,882.5379999999999,1.0975,1164
1114.8606170058017,882.7739999999997,1.0985,1165
1115.8527476422776,883.0660000000006,1.0995,1166
1116.8577832439817,883.3260000000005,1.1005,1167
1117.8138166606352,883.5740000000002,1.1015,1168
1118.0776453850167,883.8070000000007,1.1015,1169
1119.0430066802226,884.0540000000001,1.1025,1170
1120.0212598343471,884.2940000000007,1.1035,1171
1120.9851254886826,884.5619999999998,1.1045,1172
1121.9867340251146,884.8199999999996,1.1055,1173
1122.5970621303672,885.0439999999993,1.1059999999999999,1174
1123.5871136538399,885.3240000000004,1.107,1175
1124.195495671676,885.5640000000009,1.1075,1176
1124.806569640345,885.7600000000014,1.1079999999999999,1177
1126.1404663849694,886.0420000000003,1.1095,1178
1127.0912647615933,886.2839999999994,1.1105,1179
1127.6846229486107,886.496,1.111,1180
1128.661139648964,886.758,1.1119999999999999,1181
1129.2637424451996,886.964,1.1125,1182
1129.8578081844937,887.1779999999998,1.113,1183
1130.4483220671161,887.3770000000002,1.1135,1184
1131.055262135002,887.612,1.1139999999999999,1185
1132.0548029484357,887.8770000000002,1.115,1186
1132.6597774846118,888.0930000000004,1.1155,1187
1132.9035443850105,888.281,1.1155,1188
1133.5075484212832,888.4940000000005,1.1159999999999999,1189
1134.8588692464593,888.7749999999995,1.1175,1190
1135.0891868846938,888.9830000000004,1.1175,1191
1136.4303433174052,889.2429999999995,1.119,1192
1137.3688095540717,889.4710000000005,1.1199999999999999,1193
1138.3277905080777,889.7200000000007,1.121,1194
1138.9411146041468,889.9320000000006,1.1215,1195
1139.9008840182441,890.164000000001,1.1225,1196
1141.2427350695175,890.4219999999996,1.1239999999999999,1197
1141.83188451549,890.6340000000001,1.1245,1198
1142.4665055832645,890.8740000000005,1.125,1199
1143.4368285447356,891.1239999999998,1.126,1200
1144.4441564332653,891.377,1.127,1201
1144.6607948650449,891.5659999999995,1.127,1202
1145.6461042053882,891.7870000000001,1.128,1203
1146.2706944597562,892.029000000001,1.1285,1204
1146.8677490810549,892.246,1.129,1205
1148.2371598274854,892.5230000000004,1.1305,1206
1149.2002880941502,892.7450000000006,1.1315,1207
1150.1651457483617,892.992,1.1325,1208
1150.7520677343991,893.1860000000008,1.133,1209
1151.335379747268,893.3670000000004,1.1335,1210
1151.9315267878535,893.5840000000004,1.134,1211
1152.910419878643,893.8130000000003,1.135,1212
1153.4817382121776,894.0160000000011,1.1355,1213
1154.4538053660049,894.2520000000004,1.1365,1214
1155.8195530864296,894.528,1.138,1215
1156.0415545525368,894.7100000000003,1.138,1216
1157.4033226162471,894.9600000000007,1.1395,1217
1157.9950474502139,895.1700000000002,1.14,1218
1158.9807718343332,895.4279999999998,1.141,1219
1159.9618967604722,895.6390000000007,1.142,1220
1160.9231398442003,895.8609999999999,1.143,1221
1162.2970646577453,896.152,1.1445,1222
1162.864831788192,896.3379999999996,1.145,1223
1163.46463795181,896.534,1.1455,1224
1164.0531579990643,896.7360000000009,1.146,1225
1164.2584619780555,896.882,1.146,1226
1164.8714678524186,897.0930000000005,1.1465,1227
1166.6063902437083,897.387,1.1485,1228
1167.1907713622284,897.5930000000001,1.149,1229
1167.783000702047,897.7909999999997,1.1495,1230
1168.7582743396263,898.0129999999996,1.1505,1231
1170.1222112270373,898.2729999999999,1.152,1232
1170.6974196554613,898.4499999999996,1.1525,1233
1171.3150731407038,898.6659999999998,1.153,1234
1172.2766778766054,898.8789999999997,1.154,1235
1172.4484381491247,899.0360000000002,1.154,1236
1173.0384514866546,899.2110000000006,1.1544999999999999,1237
1173.6004294779796,899.3969999999996,1.155,1238
1174.5593129362546,899.5829999999996,1.156,1239
1174.7954674335376,899.7840000000001,1.156,1240
1175.8076013848747,900.0329999999999,1.157,1241
1176.7637014498725,900.2290000000007,1.158,1242
1177.7138096304943,900.4379999999999,1.159,1243
1178.6849354241804,900.6570000000004,1.16,1244
1179.3051791371502,900.8920000000006,1.1604999999999999,1245
1179.8960088520453,901.0680000000007,1.161,1246
1181.6216758735766,901.3379999999997,1.163,1247
1182.2119179013662,901.5339999999993,1.1635,1248
1182.784279534066,901.7010000000005,1.164,1249
1182.9997224665585,901.8730000000004,1.164,1250
1183.6020037624264,902.0660000000006,1.1644999999999999,1251
1184.9733697081647,902.3170000000006,1.166,1252
1185.18650626361,902.4910000000003,1.166,1253
1186.2013190741816,902.7549999999994,1.167,1254
1187.5381801153535,902.9680000000003,1.1684999999999999,1255
1187.7244890273196,903.1290000000001,1.1684999999999999,1256
1189.0752620338828,903.354,1.17,1257
1189.694974108388,903.5740000000003,1.1704999999999999,1258
1189.9087271418,903.7349999999998,1.1704999999999999,1259
1190.492421054578,903.9230000000006,1.171,1260
1191.0918455368972,904.0959999999998,1.1715,1261
1191.664223815376,904.2749999999997,1.172,1262
1192.2601179727405,904.4670000000002,1.1724999999999999,1263
1192.8341361908601,904.6480000000004,1.173,1264
1194.1883421411012,904.8800000000001,1.1744999999999999,1265
1194.7577186020187,905.0530000000005,1.175,1266
1195.3272600228174,905.2099999999999,1.1755,1267
1196.2951769281492,905.4229999999997,1.1764999999999999,1268
1196.891175866802,905.6169999999994,1.177,1269
1197.8819536825335,905.8489999999998,1.178,1270
1199.232839663249,906.0629999999999,1.1795,1271
1199.812779625408,906.2439999999996,1.18,1272
1200.4163585893477,906.4510000000001,1.1804999999999999,1273
1201.0149065027117,906.625,1.181,1274
1201.9724224685456,906.8280000000007,1.182,1275
1202.5596920034984,907.0060000000001,1.1824999999999999,1276
1202.7528994487507,907.1689999999999,1.1824999999999999,1277
1203.7086301687325,907.3549999999996,1.1835,1278
1204.6765448606532,907.5599999999994,1.1844999999999999,1279
1205.6422784466633,907.763,1.1855,1280
1206.2162389214336,907.9349999999991,1.186,1281
1207.1695854790125,908.1189999999999,1.187,1282
1207.7544581926932,908.2900000000004,1.1875,1283
1208.3552238571206,908.4850000000007,1.188,1284
1208.9535510834387,908.6709999999997,1.1885,1285
1209.929139630681,908.8779999999998,1.1895,1286
1211.2824397536542,909.1030000000004,1.191,1287
1211.8790143881656,909.285,1.1915,1288
1212.0693937733588,909.4299999999998,1.1915,1289
1213.0411699893282,909.6360000000009,1.1925,1290
1213.614616204933,909.8000000000006,1.193,1291
1214.571318911244,909.9899999999998,1.194,1292
1215.9380437830935,910.2260000000002,1.1955,1293
1216.5149348055295,910.4019999999994,1.196,1294
1217.4794861752957,910.594,1.197,1295
1217.708740875932,910.7609999999999,1.197,1296
1219.0471168708818,910.9670000000001,1.1985,1297
1219.6407208834837,911.1560000000005,1.199,1298
1220.6264865258909,911.3640000000006,1.2,1299
1221.6179830766184,911.5619999999998,1.201,1300
1222.5861422877656,911.7590000000002,1.202,1301
1223.175492210057,911.9360000000006,1.2025,1302
1223.3672048389662,912.0799999999999,1.2025,1303
1224.3163426658834,912.2550000000005,1.2035,1304
1224.514791631859,912.4240000000008,1.2035,1305
1225.4988732024876,912.6240000000003,1.2045,1306
1226.478098167787,912.8219999999994,1.2055,1307
1227.065930297799,912.989,1.206,1308
1228.0312850139971,913.1849999999993,1.207,1309
1229.357334270746,913.3659999999996,1.2085,1310
1230.3488856423453,913.5760000000001,1.2095,1311
1230.536136377813,913.7139999999991,1.2095,1312
1230.3588696040129,913.8629999999996,1.209,1313
1231.3549499082071,914.0559999999998,1.21,1314
1231.929569454697,914.2279999999996,1.2105,1315
1232.5349239598079,914.4080000000005,1.211,1316
1233.1165248059551,914.5819999999998,1.2115,1317
1234.4670285349082,914.7949999999995,1.213,1318
1235.8022901484983,914.9739999999998,1.2145,1319
1235.9781422947706,915.127,1.2145,1320
1236.9381428525712,915.2909999999994,1.2155,1321
1237.5529755302837,915.4879999999999,1.216,1322
1238.5216734971036,915.6740000000005,1.2169999999999999,1323
1239.0929354867944,915.8410000000001,1.2175,1324
1239.669696287761,916.003,1.218,1325
1239.8646284414588,916.142000000001,1.218,1326
1240.058225443418,916.2740000000001,1.218,1327
1241.0120774177713,916.4489999999997,1.2189999999999999,1328
1242.3981280190806,916.6840000000004,1.2205,1329
1242.5706335391442,916.8220000000001,1.2205,1330
1243.557665076877,917.000999999999,1.2215,1331
1244.5290638428864,917.188,1.2225,1332
1245.0845649365635,917.3389999999994,1.2229999999999999,1333
1246.4489727664225,917.5600000000012,1.2245,1334
1247.4175743365402,917.7340000000003,1.2255,1335
1247.606719681495,917.8819999999995,1.2255,1336
1248.1898610889048,918.0379999999994,1.226,1337
1249.171340958324,918.2369999999999,1.2269999999999999,1338
1249.7307399982626,918.383,1.2275,1339
1250.299692875359,918.5289999999998,1.228,1340
1250.8943362011298,918.7039999999989,1.2285,1341
1252.2676462771017,918.9259999999992,1.23,1342
1253.2293777532093,919.1010000000003,1.2309999999999999,1343
1253.8073408325458,919.258999999999,1.2315,1344
1254.7737701308959,919.4310000000003,1.2325,1345
1255.3494577764047,919.58,1.2329999999999999,1346
1256.7213241327277,919.7860000000001,1.2345,1347
1256.902094936247,919.9139999999998,1.2345,1348
1257.084214775612,920.0680000000004,1.2345,1349
1258.061533341299,920.244,1.2355,1350
1259.0190044035571,920.4159999999998,1.2365,1351
1259.2135084059205,920.5579999999999,1.2365,1352
1260.5837011994872,920.7600000000007,1.238,1353
1260.3931456565842,920.8800000000001,1.2375,1354
1260.982537518351,921.0599999999996,1.238,1355
1261.939954112358,921.2099999999995,1.2389999999999999,1356
1262.5121816845158,921.3759999999994,1.2395,1357
1263.0913323889981,921.5210000000002,1.24,1358
1263.6598092911531,921.6800000000001,1.2405,1359
1265.0096926835663,921.8599999999993,1.242,1360
1265.6017157807235,922.032,1.2425,1361
1266.1572878194852,922.1630000000001,1.2429999999999999,1362
1266.3132517570773,922.2880000000001,1.2429999999999999,1363
1266.893435468459,922.440999999999,1.2435,1364
1267.4859916205805,922.6040000000004,1.244,1365
1268.827280383975,922.7859999999995,1.2455,1366
1269.4162905258515,922.9550000000003,1.246,1367
1270.3963030278228,923.1220000000001,1.2469999999999999,1368
1271.7650248429977,923.326,1.2485,1369
1271.556301968088,923.4450000000004,1.248,1370
1272.11612574196,923.5850000000006,1.2485,1371
1273.481818695043,923.7740000000006,1.25,1372
1274.0244132768546,923.9000000000003,1.2505,1373
1274.5644163101822,924.0320000000005,1.251,1374
1275.1345467046283,924.1630000000002,1.2515,1375
1276.1197380455637,924.3530000000002,1.2525,1376
1275.887579878705,924.4619999999998,1.252,1377
1276.4648907905457,924.6129999999998,1.2525,1378
1277.790834854382,924.7559999999996,1.254,1379
1278.7348189683303,924.9089999999991,1.255,1380
1279.3101377530086,925.0659999999997,1.2555,1381
1279.8924463772805,925.2289999999997,1.256,1382
1281.227041404945,925.3780000000006,1.2575,1383
1281.8016409210975,925.5300000000011,1.258,1384
1282.3654388211999,925.6690000000002,1.2585,1385
1282.1370208725334,925.7860000000002,1.258,1386
1283.9055737526862,925.9949999999999,1.26,1387
1284.0686742993375,926.1089999999996,1.26,1388
1284.6262051884746,926.2429999999998,1.2605,1389
1285.2099353747224,926.4050000000008,1.261,1390
1285.356679522867,926.5039999999999,1.261,1391
1285.9227788669125,926.6379999999999,1.2615,1392
1287.288286721194,926.8279999999996,1.263,1393
1287.077381992738,926.9520000000001,1.2625,1394
1288.0430488810264,927.1089999999998,1.2635,1395
1288.9994758954267,927.2640000000002,1.2645,1396
1289.5555058959471,927.4,1.265,1397
1290.111676091271,927.5389999999999,1.2655,1398
1291.8544472535007,927.7159999999997,1.2675,1399
1292.4139241075572,927.853999999999,1.268,1400
1292.9597647671694,927.9750000000004,1.2685,1401
1294.337440932829,928.1719999999992,1.27,1402
1294.8947707460834,928.3010000000008,1.2705,1403
1295.0796242663212,928.4339999999996,1.2705,1404
1295.2355082050274,928.5500000000012,1.2705,1405
1295.4341567640877,928.69,1.2705,1406
1295.59279971056,928.7979999999999,1.2705,1407
1296.5564707797264,928.9500000000011,1.2715,1408
1297.1268162454344,929.0969999999995,1.272,1409
1298.0717592818114,929.2509999999993,1.273,1410
1298.6397236297305,929.3850000000001,1.2735,1411
1299.1705071243146,929.502000000001,1.274,1412
1299.7484324587633,929.6479999999992,1.2745,1413
1301.0858610263356,929.7970000000003,1.276,1414
1302.0461613685156,929.9459999999993,1.277,1415
1302.2151350588583,930.0729999999999,1.277,1416
1303.5815675675415,930.2409999999994,1.2785,1417
1304.1564565204653,930.3919999999995,1.279,1418
1305.1110334200127,930.5379999999998,1.28,1419
1304.8605005691325,930.6240000000001,1.2795,1420
1305.4274024450021,930.7740000000003,1.28,1421
1305.9708524773757,930.8840000000002,1.2805,1422
1308.1326045972671,931.0929999999998,1.283,1423
1308.7155985389031,931.2359999999993,1.2834999999999999,1424
1309.295964139373,931.3829999999996,1.284,1425
1309.4489730624912,931.5030000000006,1.284,1426
1310.026754628985,931.644,1.2845,1427
1310.9892431361043,931.7929999999998,1.2854999999999999,1428
1311.554881900512,931.9170000000001,1.286,1429
1311.7094710084195,932.035,1.286,1430
1312.2892308396586,932.1870000000001,1.2865,1431
1312.852419178738,932.306,1.287,1432
1313.0043158192977,932.4219999999995,1.287,1433
1313.9499359768547,932.5559999999997,1.288,1434
1314.5037740867565,932.6789999999992,1.2885,1435
1315.433207939826,932.8150000000002,1.2894999999999999,1436
1315.6104591954268,932.9409999999995,1.2894999999999999,1437
1316.5836148901024,933.0870000000008,1.2905,1438
1316.3517796031754,933.1940000000001,1.29,1439
1317.724830671077,933.372000000001,1.2914999999999999,1440
1318.676464498704,933.4990000000007,1.2925,1441
1318.0140894884275,933.5679999999999,1.2914999999999999,1442
1318.9896700489735,933.7280000000002,1.2925,1443
1320.3613764460254,933.8980000000003,1.294,1444
1320.1097325606033,933.9890000000001,1.2934999999999999,1445
1320.269229129946,934.1000000000003,1.2934999999999999,1446
1321.6179136891315,934.255,1.295,1447
1321.7831577645015,934.3719999999994,1.295,1448
1323.150846575991,934.5280000000009,1.2965,1449
1323.68447240229,934.642999999999,1.297,1450
1323.8246805903668,934.7479999999995,1.297,1451
1324.7689225808303,934.8709999999994,1.298,1452
1324.5239663072884,934.9709999999993,1.2974999999999999,1453
1325.4895641715088,935.1139999999999,1.2985,1454
1325.6228837148863,935.2059999999998,1.2985,1455
1326.179557110583,935.3419999999999,1.299,1456
1327.1514389506078,935.4889999999997,1.3,1457
1328.1307145824715,935.6370000000005,1.301,1458
1328.2642371506931,935.7430000000007,1.301,1459
1329.2256861431642,935.8860000000003,1.302,1460
1329.3649153740303,935.979000000001,1.302,1461
1329.9126365930056,936.1030000000004,1.3025,1462
1330.0462810262463,936.1949999999997,1.3025,1463
1330.592764395492,936.3019999999999,1.303,1464
1331.948465835014,936.4649999999998,1.3045,1465
1331.694563151312,936.5540000000007,1.304,1466
1332.2357987147243,936.6599999999997,1.3045,1467
1332.8011103923425,936.787,1.305,1468
1333.3552862439824,936.9209999999995,1.3054999999999999,1469
1333.101210856747,936.9979999999996,1.305,1470
1334.435830192149,937.1419999999998,1.3065,1471
1335.0002682812847,937.2599999999999,1.307,1472
1334.3438059118223,937.3409999999997,1.306,1473
1335.7257055763475,937.5010000000002,1.3074999999999999,1474
1335.8668118086475,937.6089999999998,1.3074999999999999,1475
1337.6408693959254,937.7790000000005,1.3094999999999999,1476
1338.5876572447512,937.904,1.3105,1477
1339.5616498626996,938.0539999999995,1.3114999999999999,1478
1340.9319999880645,938.2090000000003,1.313,1479
1340.6874463990794,938.3049999999996,1.3125,1480
1341.6197684580422,938.4339999999999,1.3135,1481
1342.5878273577773,938.57,1.3145,1482
1342.7096945176497,938.6569999999996,1.3145,1483
1342.4550783285035,938.7509999999995,1.314,1484
1343.0058600573407,938.8609999999999,1.3145,1485
1343.163153717176,938.98,1.3145,1486
1344.1375855414947,939.1159999999995,1.3155,1487
1344.6703235203574,939.2250000000001,1.316,1488
1345.6325498349702,939.3569999999991,1.317,1489
1346.5752396450805,939.477999999999,1.318,1490
1346.345902136654,939.5909999999993,1.3175,1491
1347.3272516311838,939.748,1.3185,1492
1348.2663272048133,939.8680000000006,1.3195,1493
1347.9942579407507,939.942,1.319,1494
1349.3735382419216,940.0940000000002,1.3205,1495
1350.7420849649657,940.2399999999999,1.322,1496
1351.308999478301,940.3700000000006,1.3225,1497
1351.8390178444672,940.4820000000001,1.323,1498
1352.7882321163422,940.5960000000003,1.324,1499
1352.1153425826772,940.6729999999995,1.323,1500
