x,A,B,all
0.0,0.0,2.7755575615628914e-14,0.0
0.001,0.0017302838626151275,0.005378618837138825,0.000312683186490654
0.002,0.0008769370213364625,0.0006228183892792418,0.0005787780144227479
0.003,0.0002612301817308969,0.005526540639754588,0.0008858879133749508
0.004,0.000512980386930781,0.004608799208997798,0.0013223318067850701
0.005,0.0009443123456662487,0.010399009886851367,0.001290309925393666
0.006,0.00047305047229952634,0.010205998425091643,0.0016243941008034543
0.007,2.9743142971223568e-05,0.01076293072214342,0.0021314746392777466
0.008,5.896162924929127e-05,0.010871321226303732,0.0021698173009581686
0.009000000000000001,0.001458296044162422,0.006588509264967792,0.002456874540086698
0.010000000000000002,0.0009797292598427872,0.01029557960321735,0.002787496730309178
0.011000000000000003,0.0014801815259692763,0.007623305415671596,0.0026687040162367746
0.012000000000000004,0.002392130864679256,0.006481189063067787,0.0031808722532165913
0.013000000000000005,0.002967313475842884,0.006399455436941461,0.0036273438916833937
0.014000000000000005,0.0032805830405688925,0.006362513234024311,0.003871473325598305
0.015000000000000006,0.0007833314256083804,0.01568420032735886,0.003631313834060714
0.016000000000000007,0.0015862655006728414,0.013851352062950288,0.003923421965400397
0.017000000000000008,0.00012159950885758237,0.022899264235190526,0.00444843766915757
0.01800000000000001,0.002353590991322889,0.032527825281007366,0.004251719827988709
0.01900000000000001,0.0021569079214749302,0.032058123306988054,0.004302575143744282
0.02000000000000001,0.0012393826518195432,0.0324935214237121,0.005109753625142705
0.02100000000000001,0.0027680121277314468,0.040893374987056925,0.005424194375208146
0.022000000000000013,0.0031418729157882018,0.046194530561686174,0.006086546572538691
0.023000000000000013,0.0039005006944306296,0.052378961581090434,0.006593976875944447
0.024000000000000014,0.0032681293138817377,0.05126386315517679,0.00686965499126969
0.025000000000000015,1.449843345582272e-05,0.03943807504118982,0.007298475913619046
0.026000000000000016,0.00022725054627145645,0.03855633399232871,0.007310359759338251
0.027000000000000017,0.0006668543221889484,0.040064725216477165,0.006837099348109003
0.028000000000000018,0.0001251795920006353,0.03840345108860136,0.006951365005603975
0.02900000000000002,0.0012791684618322133,0.04647045851225866,0.007463520318891631
0.03000000000000002,0.004161217146820858,0.06097262096489187,0.0077262448749823584
0.03100000000000002,0.005230867808959789,0.06603697886466471,0.007735624349155591
0.03200000000000002,0.004832859480478229,0.06438373220749002,0.007722050819052721
0.03300000000000002,0.003521939608275318,0.061921558130584274,0.00831255382536515
0.03400000000000002,0.0011122147893119602,0.05358273608014724,0.008749083755583002
0.035000000000000024,0.0013084052495092949,0.05602241384037697,0.008996172682278907
0.036000000000000025,0.0011394426225642,0.05458834402992958,0.008846365961536878
0.037000000000000026,0.0014943648664556683,0.05926760655098521,0.009359592847524445
0.03800000000000003,0.002034528057719994,0.062452455083042153,0.009449041526776112
0.03900000000000003,0.0013565545083125729,0.058570717929887044,0.009282587370208081
0.04000000000000003,0.0028200076778393053,0.06321737272502903,0.008867184352213774
0.04100000000000003,0.001025675753662864,0.04947118603984535,0.007884770735852665
0.04200000000000003,0.00038772336837821506,0.052736194365633426,0.008957164727294548
0.04300000000000003,0.0009634982189378376,0.05798973510206743,0.009374303764245032
0.04400000000000003,0.001309911297919939,0.0504663878797948,0.009903864019638388
0.04500000000000003,0.002978568483158762,0.04676088863482178,0.01060964720062344
0.046000000000000034,0.003166045938556008,0.04861848753962395,0.011063610855779402
0.047000000000000035,0.005220666436062102,0.03965158555725318,0.011185222126458923
0.048000000000000036,0.006547562494035361,0.035971623975878206,0.011629194022824665
0.04900000000000004,0.00908433023692988,0.028503963591220288,0.0124280491468857
0.05000000000000004,0.011797354203697735,0.02443880109559574,0.013967361913492632
0.05100000000000004,0.010542672716186658,0.030205659877513374,0.013907317671692844
0.05200000000000004,0.011349283824710786,0.029654772050907552,0.014471950263654467
0.05300000000000004,0.008533808126777955,0.045503917399918735,0.014819839464455992
0.05400000000000004,0.009452374722350559,0.041149067393668734,0.014825248603958171
0.05500000000000004,0.008105750791043958,0.04782915178403275,0.014817831855944055
0.05600000000000004,0.006845205661959024,0.05457466368866825,0.014884436967796311
0.057000000000000044,0.006301828526150578,0.05724633831777072,0.014855628216369782
0.058000000000000045,0.007916374590650432,0.056571899832239286,0.016060539286238903
0.059000000000000045,0.008184055431846466,0.056454908425528284,0.016238661785059335
0.060000000000000046,0.008541487779968847,0.05479657376360965,0.01623578324106563
0.06100000000000005,0.009002306212570041,0.052172396415450184,0.01616119105162632
0.06200000000000005,0.00970180295204553,0.05333238174012502,0.016914418300454283
0.06300000000000004,0.009260945603286556,0.05427448152867306,0.01667883089558101
0.06400000000000004,0.009110882814312547,0.05319051449171477,0.016352201915167487
0.06500000000000004,0.00972713044668609,0.05266983620673355,0.0167596635115158
0.06600000000000004,0.010433501971710701,0.054518578424586565,0.017630435886810923
0.06700000000000005,0.008946230280642939,0.0633789144491112,0.017803806760875895
0.06800000000000005,0.01051096972773363,0.06056499921757563,0.018630784553446834
0.06900000000000005,0.011241211658101612,0.06108516502110032,0.019301591376059562
0.07000000000000005,0.011856831738061305,0.06575877293663326,0.02054577580944702
0.07100000000000005,0.010895226646560468,0.07285145762970502,0.02085046719743236
0.07200000000000005,0.010279212324544582,0.07721944163573358,0.021001031271173844
0.07300000000000005,0.008873041169988242,0.08782610384103959,0.02147790866624421
0.07400000000000005,0.00978662561562535,0.08735011187784925,0.022130818247495153
0.07500000000000005,0.008016628275411905,0.09565215613473586,0.02191868257257269
0.07600000000000005,0.00971197200562915,0.08589654851095177,0.021760583659052084
0.07700000000000005,0.010535635488830098,0.08672893497161208,0.022547633556654536
0.07800000000000006,0.01026357292406087,0.09252599277152723,0.023190803634061213
0.07900000000000006,0.009029489716973446,0.09807126814467873,0.022977104835835593
0.08000000000000006,0.0089159916142859,0.10364681712463722,0.02370716818259497
0.08100000000000006,0.01096469632807116,0.09819732313917556,0.024542924647010786
0.08200000000000006,0.010529255372574153,0.10056813424753905,0.024499642586501696
0.08300000000000006,0.010457230215702405,0.09796673987978842,0.023992489536880112
0.08400000000000006,0.007139334016529133,0.12447157476135008,0.025225318287670842
0.08500000000000006,0.00691718562918181,0.12202420771562696,0.02460429279139387
0.08600000000000006,0.008201248888270203,0.11783030123675278,0.02499400664409498
0.08700000000000006,0.008836581980048205,0.11804567785756695,0.02551201756628138
0.08800000000000006,0.007997130548360836,0.1253705646722006,0.025861094609289575
0.08900000000000007,0.007717265410473789,0.12402159464561621,0.025362470487293846
0.09000000000000007,0.008208745206138594,0.12305227128016713,0.025577185330349694
0.09100000000000007,0.008465687040664192,0.12237677163325665,0.02563848370088567
0.09200000000000007,0.0076033917184604284,0.12794209890694694,0.025686505512090174
0.09300000000000007,0.008383976764217182,0.12953547651174327,0.026531167696000387
0.09400000000000007,0.0052313643380867605,0.13799258223707114,0.02505229062558529
0.09500000000000007,0.0049162320465756726,0.14913327047673938,0.026376797326021235
0.09600000000000007,0.0047708603882254536,0.14815329587230971,0.026039366025993962
0.09700000000000007,0.007110225772784575,0.13599769123177743,0.026170005313064303
0.09800000000000007,0.006517273219434769,0.14440609609193059,0.026841536645450234
0.09900000000000007,0.004041972112101374,0.1569804410681104,0.02650963322161907
0.10000000000000007,0.0037993174045815826,0.15954695373210812,0.026606017844263224
0.10100000000000008,0.004705335987783134,0.1649886229624105,0.028100276242849744
0.10200000000000008,0.005159436229463709,0.16289372184459716,0.02810918716513967
0.10300000000000008,0.004548295129830513,0.16413400325673325,0.027692750946069124
0.10400000000000008,0.003323316499331501,0.16106892683000265,0.02612801268145471
0.10500000000000008,0.0052308821376706015,0.1652384423798413,0.02828803016996687
0.10600000000000008,0.005315838022309957,0.16182476054869238,0.027797213502370192
0.10700000000000008,0.006214824898940512,0.16654654342190583,0.029170707040430923
0.10800000000000008,0.005855986296165548,0.1665153849506955,0.02878490933020238
0.10900000000000008,0.003962239953371086,0.17298087121511863,0.028005007334887245
0.11000000000000008,0.0017039202401993568,0.17915925192238216,0.026863895708365237
0.11100000000000008,0.00199472641869,0.1732327183986886,0.02619645383751468
0.11200000000000009,0.0022701627508423224,0.17055447148937336,0.025978553019072113
0.11300000000000009,0.0024004002035618406,0.16533492842011588,0.02528229472330578
0.11400000000000009,0.002500016764957991,0.16364439335294156,0.025058008054438887
0.11500000000000009,0.0005480960867791508,0.16766301927240937,0.023865340626556698
0.11600000000000009,0.002596037864945859,0.18660755157667344,0.023713133300217768
0.11700000000000009,0.0010485827433444623,0.18249923343005278,0.024393088607800924
0.11800000000000009,0.0010791497838115642,0.18901494709411878,0.025183428705243618
0.11900000000000009,0.0007937995478766925,0.19265431693786403,0.025845128032174997
0.12000000000000009,0.001004810955326437,0.195738319771703,0.0259996049285879
0.1210000000000001,0.001917805134800169,0.1995325832926182,0.02564226209056087
0.1220000000000001,0.00017691961410168692,0.1964590745095194,0.026944319336860433
0.1230000000000001,0.0012380301942802971,0.19317980115143055,0.027329843409565412
0.1240000000000001,0.00021280712393110604,0.1954642145436293,0.026299834958530385
0.12500000000000008,0.00048783480640797434,0.19034889811496863,0.025286353574168478
0.12600000000000008,0.0006073722136557049,0.18355373180956133,0.025237541719458068
0.12700000000000009,0.0001183435330783138,0.18185945374732002,0.02450721056159088
0.12800000000000009,0.0009433903238211944,0.1808570769393687,0.02500912435891991
0.1290000000000001,0.0017507124575411495,0.18264868200715786,0.025869407053603292
0.1300000000000001,0.0021576792877504272,0.17226906003967377,0.02476672371491015
0.1310000000000001,0.0016030462760889866,0.16691126324616407,0.023503284497051188
0.1320000000000001,0.0027072626241479584,0.16052278516633217,0.023548289967105753
0.1330000000000001,0.0027750110522170445,0.1579526657996734,0.023201543156286013
0.1340000000000001,0.004226151283516632,0.1537565908252525,0.023846276513669884
0.1350000000000001,0.005793024472508117,0.14612527156511382,0.024147799399001718
0.1360000000000001,0.007283232642794442,0.14123123834914125,0.024746921413726756
0.1370000000000001,0.005506333845241237,0.14845335582795277,0.024081138758252147
0.1380000000000001,0.004475684927304167,0.1608659188301135,0.024728747463333776
0.1390000000000001,0.004907772186139397,0.15360910301350902,0.02410360373541799
0.1400000000000001,0.006063306865592858,0.15293717191864326,0.02496169650088307
0.1410000000000001,0.006379165609064445,0.14320457885075877,0.02392870164661789
0.1420000000000001,0.007300172564101204,0.13782937994156794,0.023988404774598678
0.1430000000000001,0.007976339845447178,0.13829866469835644,0.02458373471665516
0.1440000000000001,0.009259706779932578,0.13428443353083727,0.025140685564230363
0.1450000000000001,0.008889372019603011,0.13823232945770927,0.025264537841854326
0.1460000000000001,0.00910972647093931,0.13828552285942633,0.025410264748951698
0.1470000000000001,0.011094719231773586,0.12757694542194914,0.0257469979069047
0.1480000000000001,0.011992574906014153,0.13220077086197243,0.027063550926136104
0.1490000000000001,0.014525354625684155,0.11309620452046273,0.02684542481012805
0.1500000000000001,0.014430788934171199,0.1207198733807833,0.027671114160784525
0.1510000000000001,0.013148473664604986,0.12613791968948676,0.02717649256797731
0.1520000000000001,0.013652349921437662,0.11879968913390852,0.02666482227121853
0.1530000000000001,0.013390499288055056,0.11584255319015999,0.02602811259928968
0.1540000000000001,0.013269302932275916,0.12013391743621665,0.02640743082369833
0.1550000000000001,0.013106976153403227,0.1167579558627983,0.02580851949860576
0.1560000000000001,0.013419813019780402,0.12165829896387992,0.026639402330708727
0.1570000000000001,0.013205249647157689,0.12066241974642836,0.02628635989277464
0.1580000000000001,0.014167265218623406,0.11388987949254487,0.026267719381409746
0.1590000000000001,0.012176637649647677,0.1125614611791399,0.02431729577512728
0.16000000000000011,0.013132179910819351,0.0971198297191571,0.023257766698053475
0.16100000000000012,0.013359732216399895,0.09748664999210366,0.02346869588764854
0.16200000000000012,0.01584183079789656,0.08787284175799812,0.024469711757135155
0.16300000000000012,0.018839348491026173,0.08939123229498754,0.027262314672841688
0.16400000000000012,0.019544964073521635,0.09355358983655193,0.02835121547432827
0.16500000000000012,0.02196118069979675,0.06918710323722524,0.027563353419803833
0.16600000000000012,0.020292584510074187,0.06879785783693838,0.026027464987541205
0.16700000000000012,0.01973161357201886,0.08269162683511389,0.02714998404944996
0.16800000000000012,0.018322978741616102,0.08404430508065813,0.026040936906454523
0.16900000000000012,0.018272093929395647,0.0888582331581222,0.026533599962639782
0.17000000000000012,0.015562957970277957,0.0921339906131873,0.024494841426631206
0.17100000000000012,0.015372595316601836,0.09878256952497524,0.025069460603292765
0.17200000000000013,0.013353877776921076,0.10031800258040716,0.023430159057119888
0.17300000000000013,0.014420246529373761,0.0939133538459083,0.023600994910146784
0.17400000000000013,0.016003244637537176,0.0890033297510296,0.02440666494278586
0.17500000000000013,0.0159882534690804,0.09028386992791528,0.02451237230077388
0.17600000000000013,0.018747369308832085,0.08370693703753543,0.026176247820063954
0.17700000000000013,0.01705198977091346,0.09535611308888581,0.025976220497725914
0.17800000000000013,0.01958582300221646,0.08707142540003254,0.02725229583814388
0.17900000000000013,0.02121900481841892,0.08416089609860632,0.028345858609690428
0.18000000000000013,0.021478034317496345,0.08213445893485811,0.02832343953746939
0.18100000000000013,0.02103177482329024,0.0781456667849857,0.02745617580283135
0.18200000000000013,0.021635772015705556,0.06804815249090226,0.02683956782871278
0.18300000000000013,0.021989054483150527,0.06298987065262396,0.026571037347217656
0.18400000000000014,0.020658207966697196,0.06793273157683809,0.02592343396090009
0.18500000000000014,0.019070825029592696,0.05814244097098882,0.023408283772846275
0.18600000000000014,0.016878678216749696,0.06751681744937675,0.022480882770507107
0.18700000000000014,0.015374682751570341,0.0787365895828611,0.022360409603732628
0.18800000000000014,0.014798412966917267,0.08899633943296213,0.022950783803786255
0.18900000000000014,0.014107968432561934,0.10110328230215543,0.023633486546940325
0.19000000000000014,0.014349183616858642,0.09486222680344963,0.023136038778718324
0.19100000000000014,0.01582701457459303,0.08925155291535575,0.023814033321331356
0.19200000000000014,0.016956388958015624,0.08191394863330999,0.02399933234260845
0.19300000000000014,0.016589824254185394,0.06637233931526682,0.021970139813868986
0.19400000000000014,0.0159963620285584,0.06045550618400394,0.02078552639469311
0.19500000000000015,0.01464844756214404,0.06349692485706802,0.019892647044997686
0.19600000000000015,0.015770025359115744,0.06294710428557909,0.02081793584075158
0.19700000000000015,0.015611317904505671,0.0651740470584934,0.020896645653227935
0.19800000000000015,0.016473513775085217,0.06225766086981413,0.02133972857733461
0.19900000000000015,0.014303319294814676,0.06940932317595754,0.020140230587283023
0.20000000000000015,0.014451620581769981,0.06635408480463435,0.019930959944920477
0.20100000000000015,0.012136583706466307,0.07549441901501125,0.01880218146297255
0.20200000000000015,0.014028094636103479,0.0656573359862901,0.019442147964337717
0.20300000000000015,0.01641931862823608,0.04939763226015897,0.01986654352030359
0.20400000000000015,0.013987070809411235,0.05381232934366473,0.01813579436668677
0.20500000000000015,0.013207725691089052,0.05241521211881989,0.017278416008432995
0.20600000000000016,0.011385954112780372,0.049452210264252304,0.015324934950498824
0.20700000000000016,0.012420704919931374,0.04418315990278429,0.015696539357392354
0.20800000000000016,0.012317269284258348,0.04194147539876379,0.0153623724494759
0.20900000000000016,0.012451219258391459,0.03180481769906394,0.014434095258966018
0.21000000000000016,0.014383888570608997,0.0180776567468924,0.014761115327887934
0.21100000000000016,0.015436170285587152,0.017932182287384447,0.015690221709518955
0.21200000000000016,0.01591416269251688,0.024774180805794088,0.01681287693708473
0.21300000000000016,0.019062965986960542,0.022154195533671806,0.019375485473678088
0.21400000000000016,0.01861805116109081,0.020562731078586808,0.018813996176867524
0.21500000000000016,0.016741595956690416,0.02557227898709635,0.01762832045641914
0.21600000000000016,0.016638574633315695,0.020919151619035264,0.017066974332946735
0.21700000000000016,0.014084153899412075,0.03235296660305897,0.01590610452104988
0.21800000000000017,0.01122018933908111,0.03674390919566724,0.013756926216474409
0.21900000000000017,0.011908637026346085,0.0374107428377386,0.014434679026339159
0.22000000000000017,0.011421974382124988,0.03218007298839905,0.013471262854416322
0.22100000000000017,0.010810386314417634,0.03469756263456204,0.013160560203127761
0.22200000000000017,0.012218410784593015,0.022902838894408896,0.01326618938109828
0.22300000000000017,0.011721134322671975,0.022199348647033112,0.012745222053195934
0.22400000000000017,0.011709939387002032,0.030441618379729113,0.013534358216438995
0.22500000000000017,0.012401786694767705,0.013544734148771342,0.012512748320222252
0.22600000000000017,0.012472357644108863,0.01556008280699271,0.012771106873683958
0.22700000000000017,0.013778938470831587,0.003926870360402914,0.01282882595769831
0.22800000000000017,0.017689537993209443,0.004384489393037264,0.016410728537095153
0.22900000000000018,0.016472279457545612,0.024491205427296672,0.017240258758129855
0.23000000000000018,0.016208578626003955,0.021249482041952192,0.016689728622987683
0.23100000000000018,0.01898811640925373,0.006335932139592649,0.016578482052957106
0.23200000000000018,0.017703123709108495,0.00548088729820184,0.01654423086026393
0.23300000000000018,0.018428679342895854,0.011007275795592934,0.015646635399741832
0.23400000000000018,0.0179555130165938,0.022245723600179183,0.014168535913599083
0.23500000000000018,0.018560218801428,0.01117692109058857,0.015768730404741596
0.23600000000000018,0.020263482889538775,0.03456948090153297,0.015132492744641473
0.23700000000000018,0.022884345524791704,0.03492543845855462,0.017493013723883837
0.23800000000000018,0.02445594906633959,0.03523690134062229,0.01890780832293045
0.23900000000000018,0.02532812218507145,0.05366913074161472,0.018009391722081013
0.24000000000000019,0.024029301907064506,0.05899290172888585,0.016363529492580187
0.2410000000000002,0.024709200771106356,0.05719285166554589,0.017172634127088266
0.2420000000000002,0.02493803284844248,0.04867579044657842,0.01818768077879279
0.2430000000000002,0.02464612049211792,0.05624743781267764,0.017252958616423775
0.2440000000000002,0.025731538503643077,0.0569850815038937,0.018197354210805445
0.2450000000000002,0.025192458857559392,0.051988505503390924,0.018186763074549563
0.2460000000000002,0.024400312037766214,0.04887310847725939,0.017772181230858542
0.2470000000000002,0.02258764677820331,0.0425275880061356,0.016717980178936328
0.2480000000000002,0.021932942518057733,0.04914301832467644,0.015547439878497604
0.2490000000000002,0.021945232022842664,0.05747592269878692,0.0148337679137058
0.25000000000000017,0.02401139487063166,0.06738907833688561,0.015854297449381927
0.25100000000000017,0.024288139248861928,0.07401380909290761,0.015544481508909611
0.25200000000000017,0.023899507076233582,0.07643383798627279,0.015005440602665352
0.25300000000000017,0.022087895843019487,0.061683970304932015,0.014688382187774554
0.25400000000000017,0.023760958968315385,0.08285579346399478,0.014373760979569963
0.25500000000000017,0.022016992142793918,0.07081947101090875,0.0138720308143813
0.25600000000000017,0.023180652336980516,0.0839827171377003,0.013809615251538348
0.2570000000000002,0.023900199099245255,0.0969295599171743,0.013368874508191787
0.2580000000000002,0.025140624555196806,0.1078561045723986,0.013587181114045945
0.2590000000000002,0.025019358813249782,0.11874827232344774,0.012571719177714802
0.2600000000000002,0.02553893011988862,0.10051353928715624,0.01466418638109938
0.2610000000000002,0.027048194671837722,0.1060798732782529,0.015601579864842507
0.2620000000000002,0.02618420669802567,0.11566309692966667,0.014028663362062276
0.2630000000000002,0.022903235057677187,0.11298423262462802,0.01129891404879543
0.2640000000000002,0.022814776693622616,0.11785284908795612,0.010842858617498964
0.2650000000000002,0.02293482865781592,0.1287043782719584,0.010072058512785961
0.2660000000000002,0.023473244805960202,0.12470896790175812,0.010947180988536448
0.2670000000000002,0.02366313614500676,0.1337041764831717,0.010405122038340944
0.2680000000000002,0.024849160939581876,0.15189343499730737,0.010007218982738873
0.2690000000000002,0.024706744487276635,0.1455591245670769,0.010458570487861895
0.2700000000000002,0.023002872946552042,0.1287643255053513,0.010348423799759702
0.2710000000000002,0.02250412801904039,0.12997585910598017,0.009833796570997078
0.2720000000000002,0.021686241260671958,0.13704483681545282,0.008541001076984016
0.2730000000000002,0.020899659432015168,0.12429639279177603,0.008918098309480345
0.2740000000000002,0.02155335830741506,0.14384254801100543,0.007949267308799926
0.2750000000000002,0.02143049955597354,0.14845228481428138,0.007504794926562626
0.2760000000000002,0.019150739766658452,0.1337539533073088,0.006661802096938205
0.2770000000000002,0.017516831790167296,0.13153624757056206,0.005384774650533546
0.2780000000000002,0.017504454576577393,0.1458053345034845,0.0042559636888223696
0.2790000000000002,0.016195300537374807,0.15328079768893207,0.0024930911624855075
0.2800000000000002,0.013779585420947149,0.16721430646286392,0.0008050301053327977
0.2810000000000002,0.014427883057176958,0.17715179750979698,0.0009581005140345971
0.2820000000000002,0.014896308227728394,0.1867198882106654,0.0012414561849628674
0.2830000000000002,0.016395103702156064,0.19059431539072882,0.00011649518308064831
0.2840000000000002,0.01753699748766416,0.18581750506429623,0.0013717895789556575
0.2850000000000002,0.016534845151114023,0.18221263622087436,0.0007909814444963293
0.2860000000000002,0.015168228372808673,0.15836294033540857,0.0014724622086958027
0.2870000000000002,0.014545371500427272,0.15394671949235822,0.0012937848715866567
0.2880000000000002,0.014184959916597127,0.171168613801048,0.0003447246597899845
0.2890000000000002,0.013334134147590411,0.19112117788580782,0.0026404324116198427
0.2900000000000002,0.012996978473344384,0.19814492511901055,0.0034441026889668333
0.2910000000000002,0.01461433255471334,0.20315770521025941,0.0022855095406654176
0.2920000000000002,0.01298804693208795,0.21000119034979212,0.004257737758143386
0.2930000000000002,0.011910934269980087,0.2047093191465282,0.0047834220262484685
0.2940000000000002,0.014400208942714795,0.206385741935355,0.0025570424543239563
0.2950000000000002,0.016744951862948144,0.22167543505646353,0.0015063785934560868
0.2960000000000002,0.015667759072183686,0.21164762315864094,0.001671525743611969
0.2970000000000002,0.01934823592079703,0.23373664776996267,0.00010546665070215834
0.2980000000000002,0.01889322557583454,0.22571224444638788,0.00036096361294106667
0.2990000000000002,0.019102356845108876,0.23352186510644318,2.7376735185413158e-05
0.3000000000000002,0.020250857259469037,0.24982893730604894,7.484761100697781e-05
0.3010000000000002,0.021340124529358333,0.262668874516377,3.738489977218326e-05
0.3020000000000002,0.021111112872187067,0.26367397790556,0.00017601543495057538
0.3030000000000002,0.021074533855488266,0.2701024041082315,0.0006162618441958121
0.3040000000000002,0.02071890015692903,0.2540774335567568,0.00032238742396533147
0.3050000000000002,0.023100481716701086,0.25869873789388975,0.002255330510468653
0.3060000000000002,0.024361284561483124,0.24156117386588088,0.004761653583453946
0.3070000000000002,0.026038757381558215,0.2600756097345467,0.005020088781497799
0.3080000000000002,0.024256165134670164,0.2674494189612618,0.0028999791841855236
0.3090000000000002,0.021705587116069094,0.2656296881827044,0.0007432015040313282
0.3100000000000002,0.021202860034277727,0.2584733753406077,0.0008715010817355804
0.3110000000000002,0.018863132659518358,0.2612217004282289,0.0014273180758642414
0.3120000000000002,0.01759755578184946,0.27569147208606937,0.0035782748543666935
0.3130000000000002,0.01827901497923446,0.29588062797521625,0.0043292983008546265
0.3140000000000002,0.016267352122413658,0.2994285920256178,0.006372907432330532
0.3150000000000002,0.015408205929129849,0.29954670162367614,0.007100254019819625
0.3160000000000002,0.01759887536140761,0.3101898183668547,0.005748112100723484
0.3170000000000002,0.018557717350925276,0.3220693950698036,0.005622223602888975
0.3180000000000002,0.01976849856417997,0.3481212022141154,0.006262500237501416
0.31900000000000023,0.016462309550298374,0.3675157237199237,0.01061660431316157
0.32000000000000023,0.012297285703578596,0.3632102477859644,0.014090035306365056
0.32100000000000023,0.01457224605873537,0.3785934698557671,0.012964300585765344
0.32200000000000023,0.014634529306288084,0.3672960804167999,0.01201920121979076
0.32300000000000023,0.015789617597375943,0.37658793051614975,0.011500467684715293
0.32400000000000023,0.016091732861437214,0.3919925086563084,0.012196040392365116
0.32500000000000023,0.012384104159765486,0.3894268284115025,0.015370138216543112
0.32600000000000023,0.013691161824145726,0.40053674588735044,0.01482434312781774
0.32700000000000023,0.012015590272298962,0.40213074050861486,0.016394887658199495
0.32800000000000024,0.011114036786894875,0.3902422250736593,0.01631974927156485
0.32900000000000024,0.011800288262911901,0.3872964426844289,0.015383326336893478
0.33000000000000024,0.01462792281249353,0.37561672178106015,0.011857816445817713
0.33100000000000024,0.014536606344150778,0.39143690128683956,0.01292453052963575
0.33200000000000024,0.014506853897736314,0.3931698173444896,0.012973667678603662
0.33300000000000024,0.014159526078653912,0.38638617872802844,0.012744246171798531
0.33400000000000024,0.015391492248012383,0.3933712865215743,0.011970419870278352
0.33500000000000024,0.014179137004447864,0.4090444194777683,0.014055618023282613
0.33600000000000024,0.015004197827866862,0.41066244203765356,0.013294965386010195
0.33700000000000024,0.014291995904805968,0.4084573690445745,0.013714227914445008
0.33800000000000024,0.014001571282228077,0.436777842113799,0.01576500923184895
0.33900000000000025,0.014363524127655692,0.4420861549837144,0.015673688538766255
0.34000000000000025,0.014825478240477336,0.4614905681974646,0.01641526040026745
0.34100000000000025,0.016728110274499615,0.47013586118064754,0.015095886545404093
0.34200000000000025,0.01792919028453457,0.47253253297065073,0.014018871858008135
0.34300000000000025,0.019078593358441972,0.46557172590884205,0.012378708130979217
0.34400000000000025,0.02107943197377294,0.4679347713871064,0.01055129133864515
0.34500000000000025,0.01985418812585494,0.4906120457532514,0.013055125713179495
0.34600000000000025,0.02063243593507527,0.5224517677320303,0.014267802902377067
0.34700000000000025,0.021530531919617752,0.5310641098331811,0.013859635055528167
0.34800000000000025,0.01982458149327023,0.5273981915678754,0.015096983698388166
0.34900000000000025,0.021443285858066395,0.5333768268237103,0.01384153392120278
0.35000000000000026,0.020317257593866062,0.553707361763086,0.01606750836338553
0.35100000000000026,0.02015938475815776,0.5571543561411231,0.016306677227209035
0.35200000000000026,0.01804122220742881,0.5679075158282916,0.018843462098103756
0.35300000000000026,0.02066221540687966,0.5935889036341799,0.01787869337922863
0.35400000000000026,0.02257040642205697,0.6097697339162026,0.016973010407566394
0.35500000000000026,0.023119630850893445,0.6110819206102536,0.016401686813529916
0.35600000000000026,0.02246065868937632,0.6175245638442689,0.01728324205415181
0.35700000000000026,0.021565743995303678,0.6335986307652958,0.018983749106054753
0.35800000000000026,0.021881500440320976,0.6349160152592527,0.01862692498162943
0.35900000000000026,0.01875043723855407,0.6438528104394952,0.021974740352913955
0.36000000000000026,0.016631049749546226,0.6360488458037913,0.02333951817995916
0.36100000000000027,0.01362231172146805,0.6358741612216742,0.026012322398985696
0.36200000000000027,0.01217802042385271,0.6304860253479925,0.026899289257112373
0.36300000000000027,0.01279579086203429,0.6486181352178179,0.027287300433440166
0.36400000000000027,0.012349731945004917,0.6531623854900384,0.027841433934876054
0.36500000000000027,0.012394461888504507,0.6696400101189742,0.028656035536395775
0.36600000000000027,0.011607955807043798,0.6511827484765113,0.028136695397706846
0.36700000000000027,0.011964991121259181,0.6668315224708389,0.02860235060016924
0.36800000000000027,0.012518999987649345,0.6559080061299101,0.027284094849011734
0.36900000000000027,0.012358315132762915,0.6676697480018823,0.02799745185755426
0.3700000000000003,0.011698469405389928,0.6745419831165956,0.02888494044970294
0.3710000000000003,0.008907321679833033,0.6537598304863004,0.03013523865716536
0.3720000000000003,0.00871388309827745,0.6831987495513374,0.03191937526586529
0.3730000000000003,0.009214492884784858,0.6970545699341699,0.03212132499298768
0.3740000000000003,0.0074584552964888145,0.6867978728386359,0.033026468321775804
0.3750000000000003,0.006214128250851282,0.6826241702697597,0.033811179607204735
0.3760000000000003,0.006723352837323741,0.6836701541041982,0.03325145143519349
0.3770000000000003,0.005988381550329872,0.7134060754444748,0.035530132401818536
0.3780000000000003,0.009739487967864356,0.7256013849946611,0.032556022741568026
0.3790000000000003,0.011869601904513586,0.7550837527564602,0.03210174245141738
0.3800000000000003,0.0136790712479844,0.7616158664547569,0.030617152487021265
0.3810000000000003,0.014743693820711414,0.7591022851674212,0.02931306597205963
0.3820000000000003,0.016652816327229546,0.7444238623897388,0.0265187317407569
0.3830000000000003,0.016906808961051307,0.7324494632708991,0.02544507940675817
0.3840000000000003,0.017722071793187646,0.7457511718351852,0.02528103112613301
0.3850000000000003,0.01713788935731933,0.7624284549447896,0.026623238571298155
0.3860000000000003,0.01604020393549307,0.7757576180257203,0.02825563773820347
0.3870000000000003,0.01773311519606056,0.7724100052273483,0.02631322906540729
0.3880000000000003,0.017576136721890415,0.7805807471958541,0.02676302959671701
0.3890000000000003,0.01775825138825676,0.7877164647486697,0.02683232975856574
0.3900000000000003,0.01569483021504541,0.7775550519821901,0.02805860337503172
0.3910000000000003,0.017717075775950424,0.7957416298992656,0.02700090999041954
0.3920000000000003,0.016920871006994652,0.7724835891340949,0.02631135177739081
0.3930000000000003,0.018915485334955125,0.7802130740807023,0.024698446855616677
0.3940000000000003,0.019025330931520888,0.8042278189379305,0.025756513440597338
0.3950000000000003,0.018697764154577926,0.8203101709289988,0.026786348510961292
0.3960000000000003,0.018115578664925896,0.8265785728397375,0.02751713012223163
0.3970000000000003,0.021899116068330404,0.833281035872562,0.02414105327817664
0.3980000000000003,0.022249600133750953,0.8220901732779733,0.02304125583208563
0.3990000000000003,0.022345594469944993,0.8108235398602995,0.02218297589555016
0.4000000000000003,0.021649875980365534,0.7980390278745622,0.021997392014660475
0.4010000000000003,0.02166628088201297,0.7906701768498414,0.021433140231943995
0.4020000000000003,0.023182750372465706,0.809378992904542,0.020841645520000503
0.4030000000000003,0.022603655842927277,0.7866619293043124,0.02002766534322956
0.4040000000000003,0.022656194693549882,0.7853341260296272,0.019756476344523266
0.4050000000000003,0.02388199456365003,0.7781437221734365,0.01806585563718102
0.4060000000000003,0.023667756669233358,0.7904993515033856,0.01876896002384704
0.4070000000000003,0.022153489896147117,0.7952124802435424,0.02030008185642294
0.4080000000000003,0.01979237408274478,0.812614705153817,0.023295176481066358
0.4090000000000003,0.01756107974071775,0.8238933138854168,0.025843926246990813
0.4100000000000003,0.02001078287738612,0.8419573683612709,0.02430320620128898
0.4110000000000003,0.019550458580033632,0.8542525706720253,0.0252175056208992
0.4120000000000003,0.018575752506125188,0.8526099612442698,0.025898472294977774
0.4130000000000003,0.017734143307779268,0.8620237740521125,0.027021817553277618
0.4140000000000003,0.019354765612348324,0.8764376656689323,0.026061959708813146
0.4150000000000003,0.022165378858961984,0.8759829052808544,0.02320997110736542
0.4160000000000003,0.02118507888496084,0.8812908509277405,0.02424872951505294
0.4170000000000003,0.022401702860011044,0.8798145563736075,0.022857435047983512
0.4180000000000003,0.02171130519629942,0.8905268753594542,0.023892235773475858
0.4190000000000003,0.020331142472998522,0.8789007430101538,0.02445674572030046
0.4200000000000003,0.022105837546909125,0.8967557405390346,0.023505522709275913
0.4210000000000003,0.02285616699551208,0.8998029563731652,0.0227824102279701
0.4220000000000003,0.023849644589966777,0.8809460506792831,0.02073842755021765
0.4230000000000003,0.022816427297964098,0.9066351617355346,0.02283446091560272
0.4240000000000003,0.024699175980843396,0.8985894059969555,0.020484900054845098
0.4250000000000003,0.02395630508136418,0.8830358708355136,0.02026530350135538
0.4260000000000003,0.023943163515757305,0.8830204073452331,0.020119564252846195
0.4270000000000003,0.02487556670033011,0.9091713477093601,0.02035307086041115
0.4280000000000003,0.023617903201302883,0.9155622932248444,0.021699531752101316
0.4290000000000003,0.02589166480190125,0.943001676114406,0.02070620921483182
0.4300000000000003,0.02646519701861107,0.9319971308924123,0.019462133143882107
0.4310000000000003,0.025996317885145823,0.9298231377811174,0.01963996885192589
0.43200000000000033,0.02778598692587234,0.9204563384102802,0.017323831690468302
0.43300000000000033,0.02795308232950187,0.9264700471594858,0.017291567939814814
0.43400000000000033,0.029073182665760432,0.9283351822501784,0.016152422120166633
0.43500000000000033,0.028435249917087367,0.9069903785818539,0.015585032621428112
0.43600000000000033,0.02980724169243709,0.9307070857163763,0.015243305041244092
0.43700000000000033,0.028293962814905267,0.9320976128370662,0.01659005780427618
0.43800000000000033,0.028663313839846227,0.9349591341925847,0.016212380575132367
0.43900000000000033,0.03083560454165481,0.9353602838605457,0.01400043393668616
0.44000000000000034,0.030503354626878008,0.9629395986488765,0.01544455652807755
0.44100000000000034,0.029480243881127827,0.9700618388627161,0.016587406823278177
0.44200000000000034,0.027611404817069363,0.9859390796249407,0.018941349872809477
0.44300000000000034,0.02604674944732857,0.9743355800831986,0.019731273223113077
0.44400000000000034,0.02611610959336956,0.9903698648005228,0.020239853050498992
0.44500000000000034,0.024793432298338858,0.9977247027625409,0.021673722505554514
0.44600000000000034,0.024956161303314996,0.9826096516018792,0.020661302381067656
0.44700000000000034,0.02431363944027353,0.9662243575158225,0.020365270333770717
0.44800000000000034,0.022074523110415325,0.9586986768389492,0.02200165587177324
0.44900000000000034,0.022046854729326146,0.9564795175851434,0.02177017431935297
0.45000000000000034,0.02206585776009975,0.9759441535315733,0.02247218324709102
0.45100000000000035,0.02399945115346629,1.0141354850618645,0.022181414091631064
0.45200000000000035,0.02241981961445701,1.02861027669679,0.024173243944555937
0.45300000000000035,0.02299751669431103,1.0280057947671686,0.02342765569629853
0.45400000000000035,0.023711091401768185,1.0154255134519405,0.02202041235900676
0.45500000000000035,0.023721578278008245,1.0259637161765347,0.02231352767241112
0.45600000000000035,0.025458685778871275,1.0489590972712264,0.021503643664249512
0.45700000000000035,0.024832443912348394,1.0571865019628608,0.02229628208959814
0.45800000000000035,0.02668897274158856,1.0741243636723437,0.021095363518889996
0.45900000000000035,0.026042887567830714,1.0819446923544715,0.021883963546287206
0.46000000000000035,0.024707116647537934,1.0707651930025857,0.022502949551501585
0.46100000000000035,0.027085026025314714,1.0829831596926422,0.020589406678973656
0.46200000000000035,0.02630544975826834,1.1130356006063062,0.02246468041258351
0.46300000000000036,0.02536809306753004,1.1166392153388691,0.02334226165209629
0.46400000000000036,0.026595211858486713,1.1396783868647886,0.022983540017625204
0.46500000000000036,0.028697638104069507,1.1784354126601841,0.02245436085725655
0.46600000000000036,0.02740119880136867,1.1638921699359304,0.022890913345074548
0.46700000000000036,0.02924013152754387,1.1790043163562898,0.021593044965016954
0.46800000000000036,0.02906249320823793,1.1922882034129179,0.022144327608646996
0.46900000000000036,0.02793946701918231,1.200674008887135,0.02339072704575721
0.47000000000000036,0.026092426910509347,1.2092190875478463,0.025335823548135305
0.47100000000000036,0.026357693868562893,1.2189658670758963,0.025306388207552273
0.47200000000000036,0.02504287521426974,1.243889784694963,0.027423796720140944
0.47300000000000036,0.02392645856147721,1.2738340941673234,0.029554570274636434
0.47400000000000037,0.024976677409859784,1.30106080679713,0.02948846143377467
0.47500000000000037,0.022585382281587494,1.314027977185589,0.032122707201251294
0.47600000000000037,0.025854315735663762,1.3267471503352992,0.029317953808531375
0.47700000000000037,0.025246900141589486,1.3249545094524926,0.029628431740429846
0.47800000000000037,0.024453492727332254,1.33022788186655,0.030408577835174977
0.47900000000000037,0.025976732627746843,1.3197258176058189,0.02832120474627738
0.48000000000000037,0.026110689180182677,1.3425917844406057,0.028929188003755546
0.48100000000000037,0.028751676310891094,1.3518804297324774,0.026574849683940912
0.4820000000000004,0.029385408734596517,1.3479478570476455,0.025608809379921757
0.4830000000000004,0.02933082962497685,1.3589199360332151,0.025905953453924577
0.4840000000000004,0.03295996565439166,1.4090778508345028,0.024240616270517625
0.4850000000000004,0.033406395259494875,1.4078001347347122,0.02355522771271011
0.4860000000000004,0.03336747006935486,1.4073447872775262,0.023369605088141662
0.4870000000000004,0.034358650547110674,1.4188321341712693,0.022670971997875478
0.4880000000000004,0.03562394315269032,1.4502462453645173,0.022496940170462932
0.4890000000000004,0.034006269581942104,1.451493518177228,0.023890915467919195
0.4900000000000004,0.03341806442707793,1.4649061113765967,0.024776143285471088
0.4910000000000004,0.0328231408347257,1.5098785366208645,0.026904940653348957
0.4920000000000004,0.030740623741708564,1.5045527238632868,0.02848246407773977
0.4930000000000004,0.029898139430543196,1.518949986446566,0.02964067021503976
0.4940000000000004,0.03366313648738756,1.5602364821101018,0.027413768161575095
0.4950000000000004,0.03134721072234845,1.5424504046955487,0.028730515695124595
0.4960000000000004,0.033344035590678216,1.5503684463147882,0.026900316467775156
0.4970000000000004,0.03580511226615141,1.5727529772106719,0.02517879920667973
0.4980000000000004,0.03511869043657743,1.5630869439280348,0.025248408957560888
0.4990000000000004,0.03575407387650038,1.5667061708460346,0.024558204812771236
0.5000000000000003,0.0381133838867985,1.5661178977364476,0.02204904973198377
0.5010000000000003,0.036399769675151586,1.5838077053943067,0.024152354859722704
0.5020000000000003,0.03615039881767612,1.555689723640752,0.023110722851373146
0.5030000000000003,0.03715943146614742,1.5601626320648692,0.0220946194336714
0.5040000000000003,0.03860937559844591,1.5525713190230552,0.020200541582935664
0.5050000000000003,0.04073690932811052,1.5763207913396617,0.018829014600716957
0.5060000000000003,0.041236673426917995,1.6148403526176676,0.01956982944319071
0.5070000000000003,0.04328532980581335,1.6262234216212017,0.01780131326765341
0.5080000000000003,0.044763837073944185,1.6119316221302071,0.015627759907989015
0.5090000000000003,0.04600074463062862,1.644970601524694,0.015438585804585956
0.5100000000000003,0.04716060871908854,1.6869915562499564,0.01564690606292628
0.5110000000000003,0.04869322089593502,1.6890024076553931,0.014017726889667764
0.5120000000000003,0.047704835686101156,1.6648025551596595,0.013858903546744863
0.5130000000000003,0.0486048712837293,1.685021323745904,0.01350601207952179
0.5140000000000003,0.04523914943686931,1.7143264472280486,0.017589555235370036
0.5150000000000003,0.045117791902242896,1.7528491551554424,0.018874472443982177
0.5160000000000003,0.04686961402220369,1.7873523740550639,0.018200474098256945
0.5170000000000003,0.04691996442756402,1.7832611201360304,0.017769772985766444
0.5180000000000003,0.049852431493135056,1.7843759929215235,0.014748776457087772
0.5190000000000003,0.04993263557320404,1.8075821172910038,0.015267350442281863
0.5200000000000004,0.048755455380201096,1.8564345034141925,0.017907659618669063
0.5210000000000004,0.049219717064676746,1.8934983007244452,0.018535951042995942
0.5220000000000004,0.05005792297631124,1.8990050921090715,0.01767766120400664
0.5230000000000004,0.049033872122915094,1.9251130020078955,0.01934243690617347
0.5240000000000004,0.053559681920932335,1.9272123402030032,0.014802565374581935
0.5250000000000004,0.05552801131505704,1.9222211980161235,0.012481157596616312
0.5260000000000004,0.0565710404600965,1.9200535603509516,0.011152997513403214
0.5270000000000004,0.05562103375629537,1.9502643244073792,0.012876840396736365
0.5280000000000004,0.05310621489131324,1.977624543088877,0.016006312760024483
0.5290000000000004,0.05331122677513586,2.002106465114269,0.016405486637870437
0.5300000000000004,0.05597912575149023,2.019605366391307,0.01418092452383131
0.5310000000000004,0.056234194676811566,2.0436858027488443,0.014508694656838888
0.5320000000000004,0.05803347663760503,2.086784886889262,0.013992470823549832
0.5330000000000004,0.05370790280271513,2.105794893885292,0.018559355269333413
0.5340000000000004,0.050040609103099945,2.1252963574173385,0.022504543000168638
0.5350000000000004,0.0493781578397749,2.164063559139597,0.024198339940861784
0.5360000000000004,0.050973481225709674,2.1700328830007574,0.02259276122591065
0.5370000000000004,0.04876307666263181,2.1932388118909443,0.025245207986403118
0.5380000000000004,0.047684241584565974,2.2297031906534133,0.027246223825054098
0.5390000000000004,0.04963082220026275,2.232220289320588,0.02517797711119442
0.5400000000000004,0.049994027838158796,2.245815984480488,0.025010238519566734
0.5410000000000004,0.05078533661586831,2.256374650519438,0.02432521415750536
0.5420000000000004,0.05210472776684594,2.282523806352293,0.02364539083358893
0.5430000000000004,0.05385534825874489,2.3007009517250316,0.02227963983797393
0.5440000000000004,0.057866576656349505,2.3158757847711717,0.018625223779878623
0.5450000000000004,0.056108670039031965,2.3178278905476564,0.020112429275241123
0.5460000000000004,0.057623087960789715,2.328316907587777,0.01871490110435988
0.5470000000000004,0.056000183655572,2.359232187010505,0.021017385942183223
0.5480000000000004,0.05947005759095558,2.401265295472553,0.01874937665951542
0.5490000000000004,0.06121612121731739,2.4278996089374956,0.017640840212962097
0.5500000000000004,0.061853758464845525,2.4456379751300594,0.01731184103060507
0.5510000000000004,0.06227572318711291,2.4685756163516412,0.017356169456410307
0.5520000000000004,0.06395322665893188,2.4915368290367197,0.016181958535710285
0.5530000000000004,0.06319311627736493,2.507741426690643,0.0171463922425779
0.5540000000000004,0.060661530689481304,2.5307521626515075,0.02004074389309872
0.5550000000000004,0.05930709388511949,2.581986985292251,0.022690926913902607
0.5560000000000004,0.05777985763156265,2.5891935193591467,0.024101070975834433
0.5570000000000004,0.058413896069220386,2.6124650454229776,0.023926377860567248
0.5580000000000004,0.05679280226224742,2.6327416457944524,0.02583716126039647
0.5590000000000004,0.057639769000353495,2.6499927003859844,0.0252593020997803
0.5600000000000004,0.058040577780621855,2.679764381218058,0.025503197123209254
0.5610000000000004,0.057009280860604535,2.6870312048888247,0.02642609165398473
0.5620000000000004,0.0564603788580754,2.7162970746641077,0.027566215555635504
0.5630000000000004,0.05705314897388538,2.7931088499789016,0.029072053951803206
0.5640000000000004,0.0541822684105963,2.809531039248649,0.032050007855595156
0.5650000000000004,0.05414867574992599,2.840386895296605,0.03272199449155494
0.5660000000000004,0.054449252252414065,2.8762869471981505,0.033220172988454366
0.5670000000000004,0.05231423768530173,2.8884051370675357,0.035343169956727136
0.5680000000000004,0.05404640076986224,2.8885188453120945,0.03334904124147619
0.5690000000000004,0.05609240688500278,2.951042135786221,0.032953766136630785
0.5700000000000004,0.05541667790266488,2.9669352744564126,0.03376859644289643
0.5710000000000004,0.0544103789174613,3.0124257570081285,0.03579895515357295
0.5720000000000004,0.05406970586785572,3.0247053332195546,0.03617256540995286
0.5730000000000004,0.055882477632498526,3.0808474737706946,0.03577755929929747
0.5740000000000004,0.05485590625400284,3.1193319381682136,0.03759635859798314
0.5750000000000004,0.05436845666927424,3.1615580627944895,0.0389981497330205
0.5760000000000004,0.05660720460175685,3.19506301507468,0.03748765908295782
0.5770000000000004,0.05566173451909543,3.2222586412695446,0.038872863447019956
0.5780000000000004,0.05340140859111417,3.241386170335148,0.04129029471882095
0.5790000000000004,0.05345957756581792,3.2244076639723893,0.04038738307047454
0.5800000000000004,0.05336438046699691,3.2286532362386375,0.04026363247562617
0.5810000000000004,0.05373590358433838,3.231365039697884,0.03964214204434736
0.5820000000000004,0.05084596555859887,3.2437038307880646,0.04246901362366883
0.5830000000000004,0.050672715759373425,3.245098295360203,0.04233845454937055
0.5840000000000004,0.048967874261660035,3.264033109390708,0.04420560957702062
0.5850000000000004,0.04829919831369034,3.292050291071645,0.04532740031051567
0.5860000000000004,0.049867683467457555,3.351153162172857,0.04517053649788927
0.5870000000000004,0.052065805950424815,3.4013266794567,0.04413534587272464
0.5880000000000004,0.04936351748147929,3.4389458371458437,0.04749081875837608
0.5890000000000004,0.04989403843112959,3.480688056159419,0.0478188265980541
0.5900000000000004,0.04869891783985796,3.507939441522349,0.04940260249616573
0.5910000000000004,0.05051229786218585,3.4990631757082347,0.047031011096611196
0.5920000000000004,0.051726244784933574,3.4813791299253487,0.04499490571829065
0.5930000000000004,0.05257459654865451,3.527917439819532,0.04513355461055733
0.5940000000000004,0.05224069556223367,3.5697376403007954,0.046280906224841684
0.5950000000000004,0.05124641859187744,3.6222595548951286,0.04836473644909637
0.5960000000000004,0.05056433807297164,3.6408524341737145,0.04918601219993237
0.5970000000000004,0.050538491717222606,3.6369982093645885,0.048740192221530115
0.5980000000000004,0.05214882549593759,3.6519169559586695,0.0472281451067261
0.5990000000000004,0.053469991355242746,3.6747608809499526,0.046215208070581576
0.6000000000000004,0.05285824086285812,3.6804991964251808,0.046605529091228906
0.6010000000000004,0.05176493612774197,3.665144674237051,0.04688346283145398
0.6020000000000004,0.048223049789045805,3.658508975222547,0.04978679048342992
0.6030000000000004,0.05033261054705097,3.7325963255967785,0.04940415230038898
0.6040000000000004,0.04786537917289292,3.7280417391394503,0.051316471563676254
0.6050000000000004,0.04904022887512343,3.747740230116233,0.050347324289705564
0.6060000000000004,0.04743891515601463,3.7824591734190407,0.05248363407455675
0.6070000000000004,0.04778040625802319,3.7900619878622885,0.051992380284149986
0.6080000000000004,0.04777094751559025,3.8407705336196547,0.05300301774538052
0.6090000000000004,0.04708757872276843,3.881757348202886,0.054401078111337736
0.6100000000000004,0.0440916178740906,3.9168090746695254,0.05788523760025286
0.6110000000000004,0.04503097858101813,3.951732477955686,0.05753118205083123
0.6120000000000004,0.04403206836665618,3.9491652856401087,0.05806119013135383
0.6130000000000004,0.04151822263987089,3.949102642527637,0.060134451202954554
0.6140000000000004,0.040529221775236275,3.93668741413368,0.060398738991326285
0.6150000000000004,0.04231186144338818,3.9936222866288973,0.059793248337821125
0.6160000000000004,0.03971622606564615,4.020598212273138,0.0626563377316287
0.6170000000000004,0.039867691643342605,4.000096776105866,0.06159912957941598
0.6180000000000004,0.041178252452756525,4.048849891144571,0.061223093748503085
0.6190000000000004,0.03784834491429414,4.049903657324735,0.06412027965149764
0.6200000000000004,0.037219098649806895,4.054687893089527,0.06448493438374732
0.6210000000000004,0.03601076231443174,4.0437591718310255,0.06500904555781892
0.6220000000000004,0.0367252171048001,4.075715458804237,0.06476548857056043
0.6230000000000004,0.035717428534693375,4.092092091354346,0.06579655000850113
0.6240000000000004,0.040539741581351436,4.094763708111585,0.06079472418187815
0.6250000000000004,0.03894565184079056,4.089818658588601,0.061852489653854675
0.6260000000000004,0.04108804193758371,4.050836189601786,0.05840849927510562
0.6270000000000004,0.03958469756071062,4.071464232120572,0.06003121492188981
0.6280000000000004,0.03848097341705147,4.096256712128423,0.061367100394587745
0.6290000000000004,0.041677639976469116,4.145552372426218,0.05912238940797911
0.6300000000000004,0.03984209929224913,4.159673315798806,0.06089703664778333
0.6310000000000004,0.04016819463419999,4.176908572144491,0.06064063266852555
0.6320000000000005,0.04304981761373857,4.187576602278085,0.057727176827425015
0.6330000000000005,0.039636813165624465,4.217680180368196,0.06143303236669785
0.6340000000000005,0.03592989443921847,4.19324414158702,0.06407638811133042
0.6350000000000005,0.03499859617474859,4.2572496766054995,0.06619332592496639
0.6360000000000005,0.0330581178542919,4.276462252873192,0.06818757418979583
0.6370000000000005,0.0329333250512382,4.3078425545888335,0.06870631018847663
0.6380000000000005,0.03493629087876211,4.358225843087729,0.06760866535534862
0.6390000000000005,0.03376435326431769,4.388812808171375,0.06912076104676326
0.6400000000000005,0.03552983041673022,4.445294657885095,0.06839096025675387
0.6410000000000005,0.035449341641118015,4.484135275718038,0.06902851932114606
0.6420000000000005,0.03700433621784738,4.528841825291534,0.06820668400481622
0.6430000000000005,0.04050831822203867,4.596498399563083,0.06602910903884793
0.6440000000000005,0.04109975668307138,4.5872140112384505,0.06483957587817962
0.6450000000000005,0.04165307506634555,4.6086365788365855,0.06442379405187551
0.6460000000000005,0.04040066469732485,4.670388865302025,0.06672965341487257
0.6470000000000005,0.04005997849785751,4.718757331591976,0.06781980317426772
0.6480000000000005,0.04040925600236608,4.766328423823192,0.06821158533381402
0.6490000000000005,0.041788795572583484,4.761922043930074,0.06636305148887085
0.6500000000000005,0.042059645962749116,4.781975536947608,0.06617494964552996
0.6510000000000005,0.039834289842559115,4.838575165877998,0.06928078677688654
0.6520000000000005,0.04084051053380569,4.866182549682919,0.06854501108280583
0.6530000000000005,0.04356223993381991,4.9094199913370895,0.0664955382798158
0.6540000000000005,0.043047166167442884,4.912616774645509,0.06667021368971292
0.6550000000000005,0.040162453684473416,4.982740629836798,0.07071336631337828
0.6560000000000005,0.04182976757372238,4.989946073865102,0.06884532685329002
0.6570000000000005,0.041041271630430566,4.993630578664008,0.06929544642280994
0.6580000000000005,0.03978086947521009,5.005866343127525,0.07040404990910028
0.6590000000000005,0.0377330298382916,5.072997907246329,0.07353921022500512
0.6600000000000005,0.03749222356183761,5.095610531115601,0.07388355664732964
0.6610000000000005,0.037435899844435606,5.130772835315854,0.07433139321464195
0.6620000000000005,0.035761755305750965,5.156490646493576,0.07614212156657955
0.6630000000000005,0.03412537180846492,5.1813082703587465,0.07789330954589303
0.6640000000000005,0.033301203913904814,5.233799252817709,0.07947300373967747
0.6650000000000005,0.0316549748550107,5.288121025171724,0.08189170493389368
0.6660000000000005,0.028924694936544666,5.299224606690711,0.0843940630668119
0.6670000000000005,0.026430580882716895,5.250116496297378,0.08532011266797795
0.6680000000000005,0.029621352817247558,5.262708100149646,0.08207093003195984
0.6690000000000005,0.028041105707596572,5.251406958002924,0.0829563669561298
0.6700000000000005,0.02820283466887897,5.238888016300488,0.08211493220751036
0.6710000000000005,0.026004185070904202,5.271436679812092,0.08457743560167692
0.6720000000000005,0.028504863806182508,5.338041792286342,0.08318835712231389
0.6730000000000005,0.02571505398812123,5.322514400756095,0.08516809486120454
0.6740000000000005,0.025572436364793793,5.329211315817819,0.08504715109329827
0.6750000000000005,0.02674909074169942,5.38987126103292,0.08480900867529823
0.6760000000000005,0.026949695605071978,5.436870616305417,0.08522275692385915
0.6770000000000005,0.02445047408781044,5.466096450060122,0.08788865514269656
0.6780000000000005,0.02510779085871502,5.513091898999916,0.08784658475778107
0.6790000000000005,0.02574790381410817,5.554151515927899,0.0876886492064603
0.6800000000000005,0.024410099497629643,5.569175161422206,0.08890384439891981
0.6810000000000005,0.024660975375741585,5.645019443958105,0.08986367518621433
0.6820000000000005,0.02498096515824517,5.756783822111469,0.09151497070892065
0.6830000000000005,0.02871846565475408,5.7834137141574296,0.08799639574465362
0.6840000000000005,0.02594617125420733,5.801149137501926,0.09065828973728159
0.6850000000000005,0.02361799687421297,5.853466609483391,0.09361651120506344
0.6860000000000005,0.02415266420856706,5.8861147173064285,0.09335180532753005
0.6870000000000005,0.0247566090547684,5.889228923787465,0.09239489993151145
0.6880000000000005,0.027971650154070233,5.97831504725127,0.09068556441761122
0.6890000000000005,0.023864470234265047,6.010422617151696,0.09494347940675953
0.6900000000000005,0.02579958836524822,6.00708706844562,0.092543044782137
0.6910000000000005,0.025908465802827654,5.999957277989843,0.09185401960135552
0.6920000000000005,0.02465926645786885,6.022718519412736,0.09311640354108473
0.6930000000000005,0.02397979568138486,6.058860239315301,0.09409544839600806
0.6940000000000005,0.025271474339180835,6.143962535257423,0.09414882228901085
0.6950000000000005,0.025321621664959625,6.16346525078639,0.09406179873979303
0.6960000000000005,0.027528478645006876,6.227917778163754,0.09278148743800253
0.6970000000000005,0.028253443771894662,6.314919226144468,0.09340744497090443
0.6980000000000005,0.027819889519157547,6.3586142354863675,0.09427636658710216
0.6990000000000005,0.026103443248716884,6.319457844727427,0.09471438125450099
0.7000000000000005,0.025619276183854796,6.379217416467562,0.09595485745979963
0.7010000000000005,0.024449311444022175,6.421124175302414,0.09750094583769141
0.7020000000000005,0.02565853205106019,6.480083717014527,0.09705539830655958
0.7030000000000005,0.02850294894286797,6.525466373085366,0.09472874928484473
0.7040000000000005,0.02816402752484348,6.568914102075763,0.09547862157035245
0.7050000000000005,0.02713541269697083,6.634096691635066,0.0973350065391321
0.7060000000000005,0.03052299556530506,6.681158274557683,0.09449542318144134
0.7070000000000005,0.02741681623224278,6.697948965195517,0.09741455061349473
0.7080000000000005,0.02779287882060067,6.738047598974773,0.09738165316571926
0.7090000000000005,0.029813174178158548,6.702359183372463,0.09423672988501416
0.7100000000000005,0.03041523951958947,6.7866054833874365,0.09484835464701175
0.7110000000000005,0.03196624200470178,6.794798903371578,0.09302816226929593
0.7120000000000005,0.029565795153040936,6.864828183447209,0.09629286524613048
0.7130000000000005,0.028200269086190048,6.871859522176241,0.09730654477301995
0.7140000000000005,0.030621262486105347,6.901254239658757,0.09504280295883356
0.7150000000000005,0.030086506888086884,6.916218313381024,0.0953954621149716
0.7160000000000005,0.02949264088759926,6.964711705475461,0.09645390777269967
0.7170000000000005,0.027858536991062017,6.9910379082864305,0.09810104030103803
0.7180000000000005,0.028340724025241907,7.059117266668296,0.09847345045042076
0.7190000000000005,0.02965655632580355,7.09559788884227,0.09741584367364405
0.7200000000000005,0.03125527018700699,7.123770127662083,0.09591881236062672
0.7210000000000005,0.03215203711570195,7.154632244332908,0.0951595514412222
0.7220000000000005,0.03397863145030996,7.189821197871826,0.0935679254312571
0.7230000000000005,0.03244585969530228,7.223006575689712,0.09523143686773575
0.7240000000000005,0.03338472003438538,7.284673061799187,0.09500572848206179
0.7250000000000005,0.033213140512452305,7.362264621422506,0.09616459553376171
0.7260000000000005,0.03214374014899646,7.388071149279362,0.09722339413508013
0.7270000000000005,0.032035084954392036,7.402048266507371,0.09711615663071374
0.7280000000000005,0.03435110407314201,7.4742044701375905,0.09571668770572862
0.7290000000000005,0.030606765865773277,7.51027758194871,0.09958564107059181
0.7300000000000005,0.0264179987055585,7.519689804994762,0.10339297487807463
0.7310000000000005,0.024932779511364283,7.551664105363791,0.10496544357430107
0.7320000000000005,0.025099161732957585,7.55671530981518,0.10441745248716698
0.7330000000000005,0.02695443619813683,7.574510301551977,0.10244693647279719
0.7340000000000005,0.028282191401633287,7.566686210431329,0.10052383003132576
0.7350000000000005,0.027512967255528112,7.618784538174758,0.10175704221971796
0.7360000000000005,0.02357182783439639,7.5963041590419325,0.10474176242874474
0.7370000000000005,0.02247960774012658,7.651188624679508,0.10633810419781603
0.7380000000000005,0.02100636866256174,7.6769431122758585,0.10777680446450906
0.7390000000000005,0.01987493796476338,7.693765765217861,0.1087173886993419
0.7400000000000005,0.020158600734924943,7.739429161902069,0.10878664406286026
0.7410000000000005,0.021357277919444334,7.786646546197313,0.1079815336969859
0.7420000000000005,0.019364217923576742,7.844120057028808,0.11049117173024386
0.7430000000000005,0.02135286338678555,7.899785910024348,0.10905308563721122
0.7440000000000005,0.02160131204417801,7.918657019184519,0.10866471519026147
0.7450000000000006,0.021245231008616538,7.972290562488457,0.10948646625020902
0.7460000000000006,0.02266524113876251,7.983524759020924,0.10780878695585584
0.7470000000000006,0.023577204169063903,8.008511767154335,0.10687292231928652
0.7480000000000006,0.02362857477264831,8.090140718495245,0.10777765895050641
0.7490000000000006,0.023230551841727037,8.096939701071802,0.10780407627846529
0.7500000000000006,0.024169608720754902,8.16250446731872,0.10754533257245556
0.7510000000000006,0.021654368964339605,8.219130023490077,0.11051976217873094
0.7520000000000006,0.02044188128498417,8.199813216248106,0.11088860773808591
0.7530000000000006,0.02258818610639996,8.214364584188678,0.10854757165734429
0.7540000000000006,0.022489313361613254,8.25232020367563,0.1088171765447053
0.7550000000000006,0.02097210927267122,8.271817632405496,0.1101604059489127
0.7560000000000006,0.022857183747370953,8.300253429925922,0.10831238519614297
0.7570000000000006,0.022584006139189445,8.335905478601582,0.10870770330844148
0.7580000000000006,0.02169250863676942,8.349144758977118,0.10932618667541465
0.7590000000000006,0.019502039891666368,8.371415345252299,0.11137552036656233
0.7600000000000006,0.01807697807819948,8.406600654415719,0.11289063268581793
0.7610000000000006,0.021563869131596698,8.449227112274562,0.10969999406793125
0.7620000000000006,0.020904732318528744,8.529626212496213,0.11121988284859557
0.7630000000000006,0.01942675888557024,8.5761690369433,0.11296912020323444
0.7640000000000006,0.01998635502682008,8.668412285969731,0.11347905523690176
0.7650000000000006,0.022688662627950364,8.709474765511795,0.11101739232227172
0.7660000000000006,0.024218553682028365,8.729439040408286,0.10935335732693513
0.7670000000000006,0.022679304088488266,8.781983572586666,0.11124957312154052
0.7680000000000006,0.0193331572566368,8.836572315859382,0.11495333187313837
0.7690000000000006,0.017802929570274368,8.897117950342887,0.11696622726730713
0.7700000000000006,0.01563966523227989,8.92473169964867,0.119053317103438
0.7710000000000006,0.02001962098970069,9.034419650220409,0.11605624092771082
0.7720000000000006,0.019807877192582028,9.093656995355694,0.11673738891131234
0.7730000000000006,0.01876617414390646,9.147192939729045,0.11813726335966593
0.7740000000000006,0.019457761374635653,9.246331388976282,0.11857576560062556
0.7750000000000006,0.01810020147892401,9.330109769769937,0.12077208295863319
0.7760000000000006,0.015015614925910688,9.350664230224838,0.12362988699894373
0.7770000000000006,0.015052163446808191,9.411093303514143,0.12406527290890938
0.7780000000000006,0.012996772519963127,9.431677166991182,0.12590834059801168
0.7790000000000006,0.01304604577856214,9.472345811852277,0.12600499846228944
0.7800000000000006,0.01553919880060545,9.541442347927303,0.12415307356458
0.7810000000000006,0.01809561585421815,9.635217752255747,0.12263157666428284
0.7820000000000006,0.020549154862951505,9.66236448934394,0.12013392326521606
0.7830000000000006,0.017441693562752443,9.707946090471951,0.1234029906316671
0.7840000000000006,0.013350401826818759,9.735249786769467,0.1273458971476134
0.7850000000000006,0.01470916790368239,9.805894092821818,0.12661433341311357
0.7860000000000006,0.014691472966276323,9.883142705453626,0.12733780896548463
0.7870000000000006,0.01406107102784095,9.962920849092892,0.128699430680115
0.7880000000000006,0.019545670413609745,10.024451790953925,0.12374775642026568
0.7890000000000006,0.02198218402081732,10.03618610098782,0.1210057615776658
0.7900000000000006,0.018672916044988268,10.087780642601707,0.12454760995907445
0.7910000000000006,0.019646105964423545,10.129146497591659,0.12371009550013627
0.7920000000000006,0.01872535339544974,10.15169773478082,0.12444035296217447
0.7930000000000006,0.019677239657661556,10.150932630240765,0.12296287647004588
0.7940000000000006,0.01667205912958887,10.222698845753783,0.126510944166276
0.7950000000000006,0.018105754960524512,10.245655524139307,0.12492667596477144
0.7960000000000006,0.01841432552109344,10.301037670198047,0.12495106455704023
0.7970000000000006,0.016780614147328135,10.38706194607678,0.12735767844483653
0.7980000000000006,0.018181261451969712,10.421682549781272,0.12597909548499392
0.7990000000000006,0.015770001618218142,10.473973003661568,0.1286241090164572
0.8000000000000006,0.018437745528592543,10.528851112627068,0.126303836047887
0.8010000000000006,0.01837585943911351,10.586354338743893,0.1267086110383643
0.8020000000000006,0.01823176022128407,10.644318442846272,0.12719797171822225
0.8030000000000006,0.015991995795669952,10.762379194074226,0.13066257599983067
0.8040000000000006,0.014313091060009954,10.850308176071177,0.13311006850834
0.8050000000000006,0.014701756579329687,10.881168633221222,0.13265040131006214
0.8060000000000006,0.012474119246307749,10.910079927525567,0.13473734267667073
0.8070000000000006,0.018592075068045184,10.928054628796195,0.12843742952838438
0.8080000000000006,0.020624971798040986,11.03626088509732,0.12751729923437158
0.8090000000000006,0.021238132709709798,11.075368041470792,0.12695243072393442
0.8100000000000006,0.021079956669964983,11.164722417431001,0.12789756533336846
0.8110000000000006,0.023800552261474903,11.259379659758993,0.12608048400186528
0.8120000000000006,0.023371704116091758,11.354836624887854,0.12737277726725044
0.8130000000000006,0.023236471871329427,11.414543479302214,0.12783775632446134
0.8140000000000006,0.02190821712795022,11.431224191661798,0.12883605320121094
0.8150000000000006,0.01986725660048899,11.482745933013817,0.13105263614349252
0.8160000000000006,0.01974631992429858,11.578769172370302,0.13203201955237448
0.8170000000000006,0.019885723220410254,11.673329399294744,0.13272787406206069
0.8180000000000006,0.018408932101295055,11.701260405746774,0.13403021178030042
0.8190000000000006,0.019034191519065404,11.759973071396344,0.13371192573507898
0.8200000000000006,0.019015900183872426,11.873253028309938,0.13482410620993787
0.8210000000000006,0.02096864429149853,11.949920769105237,0.13345183464104807
0.8220000000000006,0.021964705246948876,11.984902229950748,0.13240965310550562
0.8230000000000006,0.017592318711793443,12.039328631012506,0.13694046703040647
0.8240000000000006,0.01669309632746044,12.046809919327508,0.1373642813259533
0.8250000000000006,0.014370059709943947,12.076075893242292,0.13950784871095187
0.8260000000000006,0.015708853636871998,12.168211334234298,0.13894771971476105
0.8270000000000006,0.014992669406907147,12.280517843451577,0.1406990444402812
0.8280000000000006,0.01421997621637125,12.28770482545173,0.140988631648821
0.8290000000000006,0.015434466154557496,12.346135815651225,0.14005438697220116
0.8300000000000006,0.010209934734839436,12.446660826667266,0.14606744497733415
0.8310000000000006,0.00993370298105919,12.487217531683797,0.1463405741371971
0.8320000000000006,0.008080036182922731,12.574945133831276,0.14883893864495654
0.8330000000000006,0.01009685540318456,12.67591711591639,0.14770479478626666
0.8340000000000006,0.011991573730920562,12.684296073292405,0.14537192675348812
0.8350000000000006,0.011917139320844419,12.737639234817328,0.1456173596454084
0.8360000000000006,0.010399212884370231,12.786776691129917,0.14722441582391538
0.8370000000000006,0.006471333544702928,12.821682939605417,0.15100585381976836
0.8380000000000006,0.006930925791286617,12.847201374952967,0.15032794454018797
0.8390000000000006,0.005835452714578955,12.893434314429156,0.15147288149776886
0.8400000000000006,0.005250955639464721,12.98588899249923,0.15275671759919388
0.8410000000000006,0.00757572531478979,13.031293859075149,0.1505111915883888
0.8420000000000006,0.0039026983186370295,13.046923169223597,0.15376634841883052
0.8430000000000006,0.00511028732834782,13.170388719876241,0.15370101223593283
0.8440000000000006,0.003317903718081551,13.251625915358156,0.15600460891021653
0.8450000000000006,0.003510812610650222,13.38524349534125,0.15706961945938044
0.8460000000000006,0.004184588941115194,13.445604303716951,0.15664310789424177
0.8470000000000006,0.005304821575602636,13.532723051716049,0.15614164817123344
0.8480000000000006,0.0046719049696402155,13.501684969157408,0.15574325978109244
0.8490000000000006,0.0012314717058329865,13.601122922938545,0.1599038907503763
0.8500000000000006,0.003147630334172134,13.686107291545525,0.15857761154493516
0.8510000000000006,0.0038125956355924244,13.795798563104796,0.1588186796842818
0.8520000000000006,0.006448913393830231,13.867391984850597,0.1565904208521022
0.8530000000000006,0.0033298372692784173,13.908423397586262,0.15962196726067007
0.8540000000000006,0.003594979473175606,13.939721457924817,0.15918126992023227
0.8550000000000006,0.004381236691069324,13.969150213730957,0.15820047261999332
0.8560000000000006,0.004305448337299332,14.031411709853128,0.15851197294493366
0.8570000000000007,0.005334698259723609,14.134894823923362,0.15828456538920102
0.8580000000000007,0.0071441568284056406,14.15643409104366,0.15618233520940103
0.8590000000000007,0.009443946510457067,14.173322231289687,0.15353408595741846
0.8600000000000007,0.011393198489973893,14.291207048191087,0.15257954218061956
0.8610000000000007,0.010789582975524247,14.386089972401141,0.1538324713875114
0.8620000000000007,0.009790064836166871,14.482289243115199,0.15548933997265044
0.8630000000000007,0.010562388809628061,14.519732134502652,0.1546123912266588
0.8640000000000007,0.010462258493029267,14.50868713477074,0.15395388676788557
0.8650000000000007,0.008159208764792114,14.594707347267732,0.15675329551122177
0.8660000000000007,0.0034605673323925786,14.623954547885038,0.16116592005035787
0.8670000000000007,0.00614898018898897,14.706893607241884,0.1589913772012598
0.8680000000000007,0.005781864751037763,14.79950197086677,0.1599561187354298
0.8690000000000007,0.006162984498434983,14.843208614686722,0.1595379570551027
0.8700000000000007,0.00844480471237424,14.918835988926736,0.15765859133291604
0.8710000000000007,0.008697691149970384,14.970440069000436,0.15746585972620197
0.8720000000000007,0.010706661074367648,15.07684156618785,0.15624988682134675
0.8730000000000007,0.009749607968157287,15.179084888261036,0.15790362082652645
0.8740000000000007,0.012749152224174595,15.260118771524525,0.15537140643270342
0.8750000000000007,0.013822424950688821,15.390897684944616,0.1553818538887782
0.8760000000000007,0.014120485887718073,15.489112603236434,0.1557309564560063
0.8770000000000007,0.013902164294984986,15.511571186139209,0.15560741593750999
0.8780000000000007,0.01417698320579488,15.59536332396305,0.1557866771512182
0.8790000000000007,0.016672389646500457,15.689235904130662,0.1538992668662348
0.8800000000000007,0.018166096133310477,15.778837914125258,0.1529420951252128
0.8810000000000007,0.019519154448521793,15.814854835343434,0.1514333804526024
0.8820000000000007,0.021672373439716962,15.930571429160166,0.1501523128204075
0.8830000000000007,0.02127242566283533,15.966273232046051,0.15036629047374664
0.8840000000000007,0.01921569391885971,16.0089874042175,0.1523050904091607
0.8850000000000007,0.018520001768058476,16.120547085541208,0.1537728329918966
0.8860000000000007,0.019303761281042456,16.142386875073267,0.15263729291846426
0.8870000000000007,0.0179342830157584,16.251168043248324,0.15472779050512786
0.8880000000000007,0.016452289440101048,16.352726423546194,0.15683388967615117
0.8890000000000007,0.015540971361601843,16.402378696991395,0.15771770821297737
0.8900000000000007,0.011436829363062971,16.477261073517678,0.16207106938968194
0.8910000000000007,0.012277220541464157,16.58061827257078,0.16189516458732633
0.8920000000000007,0.00812894914798595,16.628595107845243,0.1659486152102707
0.8930000000000007,0.00794427380499865,16.723157727177213,0.16666804366191026
0.8940000000000007,0.01196719204797883,16.813343139992327,0.16317256537024014
0.8950000000000007,0.010722201251598486,16.94759470258977,0.16542735361419791
0.8960000000000007,0.012581161201509875,17.03211453391402,0.16399088082385216
0.8970000000000007,0.015445457636085864,17.075612024851054,0.16104757399901162
0.8980000000000007,0.014362714362309485,17.15413607804908,0.162437052706194
0.8990000000000007,0.017818945117959072,17.2925356314008,0.16008148090242452
0.9000000000000007,0.019322039081467377,17.38987515714998,0.15914191829055216
0.9010000000000007,0.014159519323976907,17.507442913098604,0.16503456143771097
0.9020000000000007,0.01331070116643358,17.6145305183009,0.16653155132003053
0.9030000000000007,0.015051694443197582,17.677021650945655,0.16491535376510608
0.9040000000000007,0.013276377741198487,17.769040412668847,0.1671349059694328
0.9050000000000007,0.012893257101533984,17.859713912011657,0.16795894713276402
0.9060000000000007,0.012277622644426906,17.917800572993514,0.16860939828219432
0.9070000000000007,0.012360824466291396,18.02447574404284,0.16916267182413752
0.9080000000000007,0.014117802358465223,18.154999206173798,0.16835019644347282
0.9090000000000007,0.012608160445606826,18.265496469371445,0.17051620439858015
0.9100000000000007,0.005558185091111039,18.333750269696615,0.1776371852215573
0.9110000000000007,0.004464504766120617,18.406858090924903,0.178929249553829
0.9120000000000007,0.003915435209614953,18.497573766784203,0.1798948418794483
0.9130000000000007,0.0032866304859306065,18.60605022276851,0.18115184634571202
0.9140000000000007,0.0028127085902174822,18.636662207975732,0.1813075290346412
0.9150000000000007,0.0024548201413171914,18.77128642811558,0.18260694173380745
0.9160000000000007,0.002056075793732471,18.885534535068437,0.18369587696737041
0.9170000000000007,0.006454066357470998,18.908449592714177,0.17893698185897053
0.9180000000000007,0.0071994800029267165,18.939254504034203,0.17788350643942233
0.9190000000000007,0.0067624754338540365,19.023519851077804,0.17864040914546536
0.9200000000000007,0.0022958628469600564,19.03148943063731,0.1824636358177154
0.9210000000000007,0.0016693665334958792,19.125883361321,0.18682503961175695
0.9220000000000007,0.0005014689989687678,19.248472023301094,0.18644581323824624
0.9230000000000007,0.002225310582992589,19.396146463432366,0.18922058171944853
0.9240000000000007,0.001892664998325736,19.50330015369928,0.1894748678705648
0.9250000000000007,0.00014651157784603835,19.605928608620413,0.18798471181602042
0.9260000000000007,0.0033815272557082047,19.664326931497982,0.18478287132055934
0.9270000000000007,0.005466947161837451,19.810748196054583,0.18376089547574354
0.9280000000000007,0.007554614221814932,19.93286662628316,0.18244386987735797
0.9290000000000007,0.011720824964471157,20.057155195960267,0.17909392099561847
0.9300000000000007,0.013575168906094108,20.100259626109636,0.17706332623766768
0.9310000000000007,0.013388739696014623,20.151798221035786,0.17714924061731624
0.9320000000000007,0.011795030039907771,20.322679894703477,0.1800337747680694
0.9330000000000007,0.007584777562397111,20.405203451833206,0.18445784038916405
0.9340000000000007,0.009869183144411172,20.43913814086576,0.18188616968785132
0.9350000000000007,0.01034442809254728,20.484949371348215,0.18124251112397888
0.9360000000000007,0.010010529876623332,20.55638795321326,0.18169819249170946
0.9370000000000007,0.007573649489142189,20.599117541868182,0.1838957769391337
0.9380000000000007,0.00807353538011657,20.681349022236038,0.18364938502017553
0.9390000000000007,0.007477721429070335,20.76567964382564,0.18450837923406865
0.9400000000000007,0.005458086798982769,20.896876833399073,0.18731787683996348
0.9410000000000007,0.00038188747872256677,21.01318596637359,0.19372847394424508
0.9420000000000007,0.0017112873250529142,21.162864800941016,0.1926785856278457
0.9430000000000007,0.0024222492125125024,21.24579355824164,0.19221627619866055
0.9440000000000007,0.003942374519523635,21.320461138121054,0.19085551583556398
0.9450000000000007,0.0009792176478298736,21.29961486999771,0.1928229198848813
0.9460000000000007,0.0017531821107275025,21.43073669461739,0.19631627023395423
0.9470000000000007,0.004662467860623108,21.462563543386015,0.19883782863393373
0.9480000000000007,0.008485240859852054,21.45390152826166,0.20179934919559533
0.9490000000000007,0.009091417245648029,21.553031344321425,0.20281440650109048
0.9500000000000007,0.00798548195914617,21.68639779931572,0.20252445443200862
0.9510000000000007,0.010864344172331163,21.790272614913608,0.20583537360151571
0.9520000000000007,0.00866430207834373,21.821663875343287,0.20329332908397516
0.9530000000000007,0.006055407827369925,21.89077356549846,0.2007755955204697
0.9540000000000007,0.010161435211982987,21.944128492307772,0.2047196266181008
0.9550000000000007,0.010574972784041795,22.03562702160685,0.2054419255863219
0.9560000000000007,0.009222952772116792,22.15836299377499,0.20476849146204318
0.9570000000000007,0.008744559243916972,22.21486268209636,0.20420733357675605
0.9580000000000007,0.009888316783030954,22.288062619332667,0.20543798792616547
0.9590000000000007,0.00876496914277906,22.348975939813183,0.20428570932662757
0.9600000000000007,0.01159020987700149,22.441362274809297,0.20739187736785508
0.9610000000000007,0.010236254172465766,22.51051796192066,0.2061003990258926
0.9620000000000007,0.009928768582868116,22.58197826329096,0.20586829816297852
0.9630000000000007,0.0033412289438153157,22.60777931456579,0.1989111957883469
0.9640000000000007,0.0002921279840106076,22.665256072288592,0.19580796499480066
0.9650000000000007,0.0018353919687048967,22.758467301206604,0.19401244798039785
0.9660000000000007,0.0008094194226275425,22.85790335211568,0.1970055359393348
0.9670000000000007,0.00042170918575973104,22.952411043596783,0.1961061691896175
0.9680000000000007,0.0019183476064587475,23.034466816631156,0.19860003539716198
0.9690000000000007,0.0043595211872044706,23.118996873147097,0.20121928539129588
0.9700000000000008,0.002868500774352434,23.172112967017718,0.199598691855348
0.9710000000000008,0.0020226241516304692,23.272918111589558,0.1951376290492548
0.9720000000000008,0.005355446133291517,23.330854771622754,0.1917442339040089
0.9730000000000008,0.005140818123068505,23.421595834736788,0.19222028642692834
0.9740000000000008,0.005082106865373981,23.49204558656511,0.19231725804539462
0.9750000000000008,0.0034034976292734056,23.53435935042638,0.19370812259548062
0.9760000000000008,0.0014253340201443375,23.659608827035875,0.19912168777833636
0.9770000000000008,0.0016584577402997173,23.783789453100432,0.1999723526017397
0.9780000000000008,0.0017781658711668524,23.8876495143369,0.20048609445416748
0.9790000000000008,0.001146763134280983,24.03665018373352,0.2007460265148449
0.9800000000000008,0.00014456671366266116,24.153767865916645,0.2002881912060185
0.9810000000000008,0.002039165545290015,24.238823283081288,0.1983088680344721
0.9820000000000008,0.0004783537204076703,24.392489679335682,0.2017270723103913
0.9830000000000008,0.0012653333429179683,24.43247084817334,0.2021929589599779
0.9840000000000008,0.0015661542243151692,24.521680918375036,0.19961091935170114
0.9850000000000008,0.0023346131219132643,24.637062573260856,0.19935224476599864
0.9860000000000008,0.0009033780799739463,24.817901775110055,0.20197781248810567
0.9870000000000008,0.0015138115068937775,24.919484745782526,0.20172005562354406
0.9880000000000008,0.0032278365845203293,25.012070303798914,0.20027004105668028
0.9890000000000008,0.004026731726656301,25.036438013324638,0.19898664356281223
0.9900000000000008,0.004553179675840696,25.142309864707155,0.19885188250122607
0.9910000000000008,0.006100327418421229,25.207404046992107,0.19726510292362243
0.9920000000000008,0.008542293945914402,25.310955507903664,0.19520455347623286
0.9930000000000008,0.006734752593855234,25.437295409519162,0.1975931859837885
0.9940000000000008,0.0073745631566311965,25.602485563931683,0.19797405075154956
0.9950000000000008,0.010947850371990754,25.74678697920793,0.1952235845387419
0.9960000000000008,0.00899853455709241,25.87812640180918,0.1977980590992739
0.9970000000000008,0.010591819266518714,26.05645375719026,0.19736846164371535
0.9980000000000008,0.011736178761945779,26.109717254975187,0.1960351774608008
0.9990000000000008,0.009771042312234815,26.201818886574877,0.1981962017240343
1.0000000000000007,0.012626813910224109,26.33708320667502,0.1960453169187708
