estimated_true_dist,empirical_min_dist,empirical_true_dist,alpha,p_aa,p_bb
1.0005000833333622,1.0,1,0.5406666666666667,0.494,0.4126666666666667
1.9996661668130487,2.0,2,0.542778519012675,0.49565508021390375,0.4095922459893048
2.9998249917794757,3.0,3,0.5422813561209152,0.49439838673537984,0.4098140264396146
3.9999759671094344,3.9996666666666667,4,0.5427114677365429,0.4932962307108525,0.4083818197149844
4.998286622047592,4.999,5,0.5460264346662205,0.49550037214967185,0.4048311793761418
5.997575106575118,5.999,6,0.5477612773559625,0.4957811880627442,0.40251429865790816
7.000167266887075,6.9990000000000006,7,0.5484790419161677,0.49585608424336974,0.40210608424336974
8.000539241640777,7.999,8,0.5474236541085108,0.4947648472365259,0.40349296258153106
9.000574531143194,8.998999999999999,9,0.5472762246250957,0.4941974031943009,0.4038454172890575
9.999397675819676,9.998999999999999,10,0.5466431095406361,0.49310941828254845,0.4046398891966759
10.996403879429545,10.999,11,0.5468364894447592,0.4935421732402816,0.4047746865822465
11.999109307927625,11.998333333333335,12,0.5477779495033229,0.493615288402804,0.40396753832281335
12.999656265114474,12.998333333333333,13,0.5475198296789605,0.49296571798188876,0.40418822768434665
13.994874717564693,13.998333333333331,14,0.5483489570137656,0.49367183968660533,0.40362111395710915
14.99567106407228,14.998333333333333,15,0.5485539751594798,0.49357737731143836,0.40370771185244436
15.999461280675504,15.998333333333333,16,0.5482734543607972,0.49346071998581315,0.40408317077496014
16.999276479771336,16.998333333333335,17,0.5481655719568229,0.49345316657239224,0.4045628810257055
17.996654406847412,17.99833333333333,18,0.5470634800965019,0.4919013454697219,0.4062444104378241
18.999726754162186,18.998333333333335,19,0.5471831300540589,0.49175434950979463,0.4062942743260857
20.001881936702834,19.99833333333333,20,0.5469367295095199,0.49139080004322605,0.4069017686682756
20.999209132004783,20.99833333333333,21,0.5471092857663613,0.49070388558628414,0.40730593607305937
22.003084177353603,21.997666666666664,22,0.5471830985915492,0.4902145214521452,0.40726072607260727
23.00040268315561,22.996999999999996,23,0.5475571167085362,0.4903686087990487,0.40707094728497817
23.99883023157966,23.996999999999996,24,0.5470883898166514,0.4893873502708477,0.4081177996490425
24.999031663724555,24.996666666666666,25,0.5473500116137672,0.4894421080492898,0.4080669352704173
26.001700899091947,25.996666666666663,26,0.546903969808939,0.48869214834993335,0.40864334156238474
27.000511723578825,26.995666666666665,27,0.5473368655883994,0.48886663282525483,0.4084841334083332
28.001430938429557,27.99566666666666,28,0.54700222057735,0.48842644851994,0.4087196717175071
28.999674236639304,28.99566666666666,29,0.5469488148240121,0.488385269121813,0.4089878959567345
29.988090770407126,29.995333333333335,30,0.5470484929265655,0.48842118411191604,0.40886834873844613
30.98854527987266,30.99533333333333,31,0.5470015848211811,0.4881085278842887,0.40939426297141196
31.99077381740517,31.995333333333335,32,0.5471216566190613,0.48791911469762395,0.4097001014605602
32.993729644042446,32.995333333333335,33,0.5466079818939398,0.48727928176161284,0.4103464903216918
33.993473710219185,33.99533333333334,34,0.5461408290858978,0.4865342657342657,0.41107692307692306
34.99170046439852,34.995000000000005,35,0.546024269716065,0.48627498062671226,0.41140131629211646
35.98755246076522,35.99433333333333,36,0.5457300552894183,0.48550261166186975,0.41173648864726575
37.000340089588036,36.994,37,0.5460460553972629,0.48538389415564115,0.4117720595895405
37.99586345581823,37.99400000000001,38,0.5457604276224429,0.48490375699277544,0.41239287934214414
38.99018506774187,38.99366666666667,39,0.5455546771600387,0.4844244062521819,0.412725803716597
39.98761734367202,39.99366666666667,40,0.5455026225670814,0.484456945298995,0.41292861816725757
41.00111680539258,40.99300000000001,41,0.5450215295507373,0.48391419628413623,0.41335873113112725
42.00046480555404,41.992000000000004,42,0.5448294408473139,0.48354534879357575,0.4138429209351195
42.99722482140048,42.99099999999999,43,0.544521171373439,0.4830213682292529,0.41457309554046345
43.992085996839464,43.99033333333333,44,0.544519070555316,0.48263308611640576,0.41500826565732296
44.995272180456894,44.989999999999995,45,0.5447876238505814,0.48276687410244135,0.41498679148272255
45.98931149986964,45.99,46,0.5444641278824962,0.4818131920788284,0.4160880285064601
46.98500269633256,46.99,47,0.5445980249685013,0.4817273186649423,0.41623343810755487
47.98125529408177,47.989333333333335,48,0.5444874732688993,0.48124878936154086,0.41696493991022326
48.981283115123425,48.989333333333335,49,0.5443919725081982,0.4808854951716827,0.4172394944760075
49.98129431160046,49.98866666666666,50,0.5442334917230843,0.48049768188447717,0.4176030115131713
50.976694780301365,50.98866666666667,51,0.5439231830078173,0.48005679721469025,0.4179569047122435
52.00033408406518,51.98833333333333,52,0.5438092987135767,0.47964094094964166,0.4185598128847202
52.998093032248356,52.98766666666667,53,0.5436767963496,0.47942124188602303,0.4188602294484831
53.992040736128764,53.987,54,0.5438126610819494,0.47923109388788704,0.4192840425123739
54.98975674974088,54.986333333333334,55,0.5439695394734735,0.47914223234486253,0.4193572795992645
55.98658076840831,55.98633333333333,56,0.5439438828037189,0.4787420613894341,0.419666111927879
56.976673649787095,56.986333333333334,57,0.5437662578966926,0.4782025782688766,0.42023572744014737
57.97690176558616,57.98633333333333,58,0.5437907063174376,0.4779666683625633,0.42044669917942834
58.98064349507052,58.98533333333334,59,0.5438596491228069,0.4777872596757191,0.42074766757262616
59.98029161253164,59.985333333333344,60,0.5436623375090723,0.4771826239628465,0.4212400532381842
60.978098832460084,60.98533333333333,61,0.5434955641670685,0.47669759668836664,0.4217088196012895
61.97370740914862,61.98400000000001,62,0.5434182404962248,0.4763855405041343,0.4221244378743187
62.972535455378896,62.983666666666664,63,0.5433027812538754,0.4760786615791019,0.4222838069364715
63.9943882137809,63.983333333333334,64,0.5432698850932282,0.4758307851197829,0.42278744186360473
64.98184666068666,64.98166666666668,65,0.5433318365514145,0.4757376852142442,0.4229795872034402
65.98070958502818,65.98166666666667,66,0.5431658560022458,0.475243994241868,0.42359909666001927
66.98413159517568,66.98166666666665,67,0.5431463975472662,0.47515229868171044,0.4237200707788943
67.97876845901884,67.98166666666665,68,0.5432669464941501,0.4747740355728417,0.42397322668803017
68.97755607820402,68.98166666666667,69,0.5432816805121088,0.4747332689812122,0.4240719550472732
69.98748678426321,69.98100000000001,70,0.5431562597397289,0.4742874845105328,0.42450623372025387
70.98396123883853,70.981,71,0.5429602997312303,0.47369969515057814,0.4250364629955368
71.97766949595787,71.98099999999998,72,0.5428891433122603,0.47325215148433813,0.425497879516877
72.97007027196658,72.98033333333332,73,0.5426778170701438,0.472880741609893,0.4259833764382821
73.96833759285487,73.97899999999998,74,0.5424525096824919,0.47237822872615537,0.4265173872037482
74.9962513331403,74.97833333333335,75,0.5423515932482897,0.47192759242397747,0.4268356659169435
75.9832954741925,75.97666666666666,76,0.5422958972233735,0.47150509990553513,0.42719630750098647
76.9800037488963,76.97599999999998,77,0.5420359572855151,0.47102746139167745,0.42767235964111744
77.9826473948989,77.97599999999998,78,0.5420320479771766,0.47073779395789905,0.42805554740025253
78.98396289422338,78.97500000000001,79,0.5420218660390937,0.47055879511621684,0.42828543827182053
79.98700731851407,79.97399999999999,80,0.5419848190229701,0.4704056852463934,0.4283316316818662
80.98854814162634,80.97266666666667,81,0.5419705869876332,0.47008063132612793,0.4286498541773889
81.97587368019379,81.97266666666667,82,0.5419991433252229,0.46977702361427187,0.42895004171230433
82.97843214478642,82.97233333333334,83,0.5418990144233918,0.46960623184816624,0.42929508971790076
83.97311772689774,83.97133333333333,84,0.541660277771179,0.4689655557603481,0.42986880246644665
84.96432890655478,84.97133333333333,85,0.5415425702382223,0.4684062888061025,0.43047055171190346
85.9676096449465,85.97133333333333,86,0.5413240783405268,0.4678916742748402,0.4310919470691115
86.9646455427943,86.97133333333332,87,0.541240444644295,0.4676699198707452,0.4312897098316631
87.9620409043331,87.97066666666665,88,0.5412907458806533,0.4675105119424336,0.43152065542502926
88.96629844112746,88.97033333333333,89,0.5410642664885925,0.46702803275955707,0.43212286447158277
89.95847263019763,89.96999999999998,90,0.5410595986202953,0.46678344085102746,0.43240270004699444
90.95970032438396,90.96866666666665,91,0.5411681575101576,0.46670554554129995,0.432509808079737
91.95864700071903,91.96866666666666,92,0.5409961183225906,0.4664553396064472,0.4328711870297139
92.95616791387194,92.96866666666665,93,0.5408997512281144,0.46617190196755265,0.433091704061673
93.98981373034356,93.96733333333333,94,0.5407430077427504,0.46563671239427973,0.43349569321779263
94.94388383298835,94.96633333333331,95,0.5406592515508224,0.4654321242667108,0.4336941254234488
95.9464594648939,95.96566666666666,96,0.5406016331682316,0.46506712631649144,0.43410745340659
96.94940239908672,96.96566666666665,97,0.5405050581593603,0.4645606272238818,0.4346471865664794
97.94930145357249,97.96533333333333,98,0.5404497882819304,0.46419959473150957,0.43511144883485303
98.94802815805889,98.96466666666666,99,0.5403372190770924,0.46373265671882236,0.4355051450895105
99.94272538636476,99.96466666666666,100,0.5402732929328674,0.463341156688969,0.43590269680576893
100.94129001569183,100.96433333333333,101,0.5402134243242356,0.46284745020792295,0.4363795539107424
101.98471827327292,101.96433333333333,102,0.5401832676391934,0.4625160779657663,0.43673196794300984
102.96924667968396,102.96433333333331,103,0.540206714821144,0.46225138182730974,0.4370216514989689
103.97758585671984,103.96333333333334,104,0.5401259061291162,0.46207851425663904,0.43726883109258496
104.9753590749832,104.963,105,0.5400981217153835,0.46171251173903094,0.4375532209954698
105.98241067082805,105.96166666666666,106,0.5399927937760614,0.46129317894797955,0.43797086161930426
106.98121098570535,106.95966666666666,107,0.5400309424615908,0.4609949559123638,0.43831100073158524
107.96854970023558,107.958,108,0.5399142280611516,0.46052852168165115,0.43870556734412347
108.95987799636367,108.95800000000001,109,0.5398249718040461,0.46020904727633233,0.4390088127773356
109.95241257372935,109.95566666666667,110,0.5398126741159227,0.460017453827985,0.4392578328795971
110.93989039241188,110.95499999999998,111,0.5397478369352231,0.459511140279227,0.4397423972728861
111.94314827243278,111.95333333333333,112,0.5395340857607334,0.45894677502701176,0.440315685629727
112.94253328699136,112.95300000000002,113,0.539371054631986,0.4585150592975911,0.4407094207674796
113.93642355455577,113.95166666666668,114,0.5394213867828003,0.458260821010116,0.4409648869738397
114.93193995362557,114.95000000000002,115,0.5394172507826178,0.4579971281671222,0.4411969058316735
115.92943019747186,115.95,116,0.5392621464566141,0.45765329644997693,0.4416413093591517
116.92673812315613,116.94833333333331,117,0.5391590832247696,0.45719477444488804,0.4421531783287217
117.93011470998334,117.94800000000001,118,0.5390601145038169,0.4566988836716423,0.44257577695357464
118.93675365575986,118.94633333333334,119,0.5390439661907805,0.45653913296479487,0.4426689336630783
119.93765542316903,119.94533333333334,120,0.5387926037106786,0.45592315805197337,0.4432127321531227
120.93462297135235,120.94533333333335,121,0.5387598044628873,0.45563023770562,0.44357590756844234
121.93491896832171,121.94533333333334,122,0.5386496777520775,0.45534407685056344,0.44389729317233023
122.93295367360494,122.94466666666669,123,0.5385554063417894,0.455050227330642,0.4441240505536853
123.91828331912384,123.94399999999997,124,0.5385021723311686,0.45462847876544205,0.4444667192351728
124.91858388915945,124.94333333333334,125,0.5384894446140777,0.4542695372819084,0.4447737881826734
125.97231636671107,125.943,126,0.5383714716319509,0.4538852545968883,0.44516884724186706
126.95201192451604,126.94300000000003,127,0.5383672629573194,0.45359107990114234,0.4454851030648522
127.94737944269963,127.94233333333332,128,0.538250010735858,0.4532450203225268,0.44582707855995357
128.9496944675174,128.94033333333334,129,0.538172710372741,0.4528362933620155,0.4463216068976975
129.9508637218887,129.93966666666665,130,0.5380766719304422,0.4525426312694645,0.4466450334298843
130.95513508905142,130.93833333333336,131,0.5380309238859159,0.45229459691624224,0.44699303247750527
131.9445890692341,131.93666666666672,132,0.5379220771732361,0.4519383800989516,0.4473281320278171
132.93591725403832,132.9356666666667,133,0.5378089160298346,0.45153029329723343,0.44766737515574545
133.94071858443948,133.93533333333335,134,0.5377046148154998,0.45117771363776926,0.4480766587637013
134.93288964891374,134.93466666666666,135,0.5376283281921947,0.4508741056633826,0.4485063347505705
135.93059586001166,135.93433333333337,136,0.5376402387377074,0.45076937519735777,0.44861444189361027
136.92523813568465,136.9333333333333,137,0.5375251596117393,0.4504019737121953,0.4490875834786677
137.9017205983684,137.93099999999998,138,0.5375257686193013,0.4501768942961134,0.44937514316984395
138.96262996931557,138.93066666666672,139,0.5372870116208693,0.44959145351197727,0.44990864799025576
139.89868908404296,139.92966666666663,140,0.537187750046584,0.4492814111238991,0.4502131104000405
140.90895528598182,140.92833333333337,141,0.5371121780120967,0.44883656439861846,0.4506264653238208
141.9033483442798,141.9266666666667,142,0.536971147144286,0.4482803412500209,0.4511212979568577
142.90118731844515,142.92533333333327,143,0.5367953196864546,0.44803252249918524,0.4514126229412306
143.91143706503826,143.92466666666664,144,0.5365830504304713,0.44755294254807093,0.45191659102454135
144.89486895280226,144.92266666666666,145,0.5366076069170226,0.4474471107124168,0.45201132956234996
145.894147384818,145.9223333333333,146,0.5364382982378477,0.44698550724637687,0.45248861283643893
146.89488750596914,146.92200000000003,147,0.5363280706041235,0.4466857956773941,0.45283735524224344
147.95136901718803,147.92200000000003,148,0.5362148464542759,0.44633729431389907,0.45333525547294923
148.94979776804217,148.91966666666664,149,0.5361884996805178,0.4461579541953374,0.45354010475505807
149.9443351649659,149.91933333333338,150,0.5361071294825606,0.44583335041004596,0.45388672811550956
150.9473708561377,150.91866666666667,151,0.5360391361290158,0.44558846370793037,0.45421288840566676
151.95153443003065,151.91733333333335,152,0.5359861397313233,0.44532851803088913,0.454536561107737
152.941481305684,152.91666666666666,153,0.5358893228439234,0.44493117922686454,0.45490856436287913
153.9416704619194,153.91633333333337,154,0.5358672485024799,0.44467075100417897,0.4551344991276829
154.94187825020492,154.91533333333336,155,0.5358258659487262,0.4442758162951451,0.4554376507535654
155.94796138706494,155.91300000000004,156,0.5357159359549623,0.4437680890313362,0.4557689124985368
156.88149730188675,156.91099999999994,157,0.5356313815986398,0.44332067753481685,0.4561522883106321
157.94550208997939,157.909,158,0.5354880713974212,0.4429743499083925,0.4566471665970236
158.93697141031586,158.90833333333333,159,0.5353960006685216,0.44256793331168126,0.4570347114463169
159.927026511278,159.90733333333336,160,0.5353111816602629,0.4424718210954662,0.4570884399470233
160.9175120037342,160.90733333333333,161,0.5351781588228139,0.4420060066776363,0.4574620189465949
161.90884842852955,161.90599999999998,162,0.5349596584426912,0.44143634298467604,0.4579758085407409
162.90997381999566,162.90499999999997,163,0.5348457950955318,0.4409486084265954,0.45836017849046695
163.90572994504407,163.903,164,0.5348656765028474,0.4407171178751593,0.45866490972522656
164.9099204618954,164.9023333333333,165,0.5347106571652527,0.4402444482290177,0.4591285887986312
165.90954671099303,165.9013333333334,166,0.5346765008112814,0.4398175414741352,0.45943104245639144
166.92417789818387,166.89999999999998,167,0.5345072971828877,0.4392839540248014,0.45990970565621125
167.9279764645008,167.89899999999997,168,0.5345161752041993,0.43920463712454205,0.4599819772314981
168.9266931787087,168.89666666666665,169,0.5343633003617804,0.4387463380536117,0.46042741688461625
169.920455861072,169.89499999999998,170,0.5341997256075955,0.4384302687954967,0.4608174801353189
170.92862339319927,170.89466666666667,171,0.5341417317373438,0.43809177269668376,0.461156235817018
171.93224886768778,171.89299999999997,172,0.5340643994644115,0.43766891100245264,0.4615820224016996
172.9335288156311,172.89266666666668,173,0.5339397491608933,0.43728438278414694,0.4618973925178633
173.93279084696545,173.89166666666665,174,0.5338403085143348,0.43703496155163285,0.46221708539584694
174.84833061495303,174.88866666666667,175,0.5337350968597816,0.43671077886655213,0.46262248711991105
175.9228285269326,175.887,176,0.5336354094956494,0.43632519252778806,0.4630715214059863
176.92100979614892,176.88599999999997,177,0.5335447324879614,0.4358922705014567,0.4634483667017914
177.92445801024851,177.88566666666665,178,0.5333927369567307,0.43541881769703433,0.46389555949991684
178.92715976707606,178.88500000000002,179,0.5333511384122321,0.43507724624194427,0.4642690277514992
179.92340680121566,179.88266666666664,180,0.5332655405532644,0.4346744809238303,0.4647375219294018
180.8540760024659,180.8816666666667,181,0.533228074895201,0.434308605820849,0.4651099249977873
181.85941311432828,181.87866666666667,182,0.533181727385873,0.4339051424400177,0.4655396968707379
182.85673464599145,182.87733333333333,183,0.5330890266300863,0.43340085320565935,0.4660329005923334
183.86849263365067,183.876,184,0.5330104489673393,0.43300528452171255,0.4664049934900819
184.87158628361,184.87366666666668,185,0.5329729823376038,0.4326270149573303,0.4668124675006882
185.86838674697844,185.8733333333333,186,0.5328589354399158,0.4322205419607124,0.46716616258821375
186.8653151421608,186.8696666666667,187,0.532693649311481,0.43172395906831984,0.46760210989614515
187.8570654396904,187.86799999999994,188,0.5325550652789786,0.4312388325250209,0.46801482773991265
188.85309026701074,188.86466666666664,189,0.5324521660669026,0.4309781223004882,0.46840500953272524
189.8453518349924,189.86399999999995,190,0.532292908263539,0.4305189645799356,0.46880167881296975
190.8440592570394,190.86066666666667,191,0.5322131777057592,0.4302728190798715,0.46910758623831617
191.84769988967918,191.86,192,0.5321389742377688,0.42992256175718824,0.4694266839594378
192.83738025660324,192.85900000000004,193,0.532031963446437,0.42953556758067696,0.4698134085156049
193.83411727697018,193.85566666666665,194,0.5318901812742322,0.42911601812558436,0.47034528708306045
194.83522720889775,194.85433333333327,195,0.5318635129219579,0.42888257002843483,0.4705895698469357
195.82894312643086,195.85366666666664,196,0.5317587481831113,0.42848885749149057,0.47107178880800277
196.84124805303492,196.84900000000002,197,0.5316458691246515,0.42807562885726785,0.4714694210137164
197.83707900294576,197.84566666666666,198,0.5315381218616841,0.4275352762758802,0.4719654867089919
198.83394401952822,198.84433333333334,199,0.5313815984824752,0.4271325386459702,0.47245004347318775
199.821404298045,199.84266666666662,200,0.5313381655866595,0.4268827031641975,0.4726964318623745
200.8152652381006,200.84099999999998,201,0.5312797983581168,0.4265315401640607,0.4729916090800801
201.81073867477602,201.83966666666663,202,0.5312205405961299,0.4261478207646005,0.4733824241764266
202.80340353287426,202.83766666666662,203,0.5311537476588117,0.4258045392636173,0.47368480295963894
203.80751519302802,203.83566666666675,204,0.5310685127724997,0.4254795978799487,0.4740653557533004
204.79812762146585,204.83466666666672,205,0.5309772076223689,0.42513090574037593,0.47436569707774945
205.79718070814772,205.83433333333332,206,0.5309220438164843,0.42499148459928954,0.4745679603837357
206.79513159750323,206.83233333333337,207,0.5307420809111401,0.4244992295839753,0.47502131733660446
207.8039906247621,207.83000000000004,208,0.5306344127636904,0.42416555207687306,0.4753831324581002
208.80087282367845,208.82833333333338,209,0.53049926618897,0.42372387842408227,0.4757729149401602
209.79912826097774,209.82666666666668,210,0.5305060396387944,0.42363273601969087,0.4759104216002536
210.80282837717778,210.825,211,0.5304766207012037,0.4232739765330114,0.47621442970150196
211.81423799538192,211.82300000000004,212,0.530404261901737,0.4229640990514764,0.47655866104799205
212.81657775073168,212.82066666666665,213,0.5303106868348205,0.4224572472313467,0.4770528211061221
213.82952422068956,213.818,214,0.530233113291635,0.422105771732263,0.47742966514289964
214.8226595729694,214.81633333333335,215,0.530100353693062,0.4216375637496889,0.47795272958245577
215.81164848374183,215.8146666666666,216,0.5300034782209856,0.4212623277091255,0.478251990256654
216.81080635130266,216.8119999999999,217,0.529871109139274,0.4207985633132845,0.47870015472581623
217.80820389888578,217.80966666666666,218,0.5297668285649236,0.4203368332041435,0.4791658167333632
218.80871270763726,218.8083333333333,219,0.5296895365685601,0.42016504537635685,0.47945459398540835
219.8097360561186,219.806,220,0.5295222291390217,0.41984090816466413,0.479894926771073
220.7920641717233,220.80233333333337,221,0.5293815124757051,0.4194668168312797,0.48035757948474767
221.79128975344832,221.80100000000002,222,0.5292916257539626,0.4191177287421358,0.48070934224022693
222.79118292576914,222.7976666666667,223,0.5292060450978163,0.4186752226897442,0.4811763791591265
223.79223081729378,223.796,224,0.5291538949395638,0.41833077506334027,0.48150833132986887
224.78815699486964,224.794,225,0.5290551825925224,0.41800769116994524,0.4818333086821476
225.79665936935817,225.79299999999998,226,0.5290070226169575,0.4177262445111403,0.48216952259857765
226.7986169795048,226.79199999999994,227,0.528874692856631,0.417159960093116,0.48266637106011895
227.79235268640068,227.79066666666668,228,0.5287539160766795,0.4167639323917026,0.4831311683706637
228.79478193469313,228.7896666666667,229,0.5286666812687774,0.41644516310045926,0.4834758339609268
229.8080568808757,229.7853333333333,230,0.5285846288727488,0.4161990873441863,0.48374078213939203
230.80189345758458,230.78500000000003,231,0.5284881665654488,0.41572561312926426,0.4842227549326941
231.798557317406,231.78266666666667,232,0.5284328100001535,0.41549950215731823,0.4844857469484087
232.81499172373012,232.78166666666672,233,0.5283748793592717,0.4152163176245973,0.48482201434500244
233.80930277263718,233.78033333333335,234,0.5283168028973204,0.41486915701894667,0.4852170644892666
234.8138529733952,234.77933333333334,235,0.528234472359382,0.41445463587136694,0.48566324087376134
235.81557373898147,235.77833333333342,236,0.5281218884074261,0.4141021249323181,0.48612661193188716
236.81138027244083,236.77466666666672,237,0.5280394217877169,0.413655934968932,0.48646966309516354
237.80959140756548,237.77300000000005,238,0.5279869351201895,0.41337340124254707,0.4868140488106681
238.81855767140183,238.77133333333336,239,0.5279129834522377,0.4130788545509436,0.4871913818875316
239.81142764823383,239.76933333333335,240,0.5278228978401618,0.4127984036051426,0.4874674167562552
240.71698520761123,240.76699999999997,241,0.527654017379468,0.41228651354534745,0.4879969081272084
241.71715876374495,241.7666666666667,242,0.5275839127428121,0.41190178176998965,0.4883375055220144
242.71028216576644,242.76499999999996,243,0.5274733798253152,0.4115362242005199,0.48875610241003775
243.71985782343833,243.76000000000002,244,0.527387067601765,0.41115355739080506,0.48910627272593443
244.81451287963446,244.7586666666667,245,0.5273319193271664,0.41080211462567,0.48940110149025146
245.7979542635072,245.75533333333334,246,0.5272737005975822,0.410423464765286,0.48973195542166015
246.8061327766856,246.75366666666665,247,0.5272138530105923,0.4099968329491136,0.4901121725232558
247.7962501358447,247.752,248,0.5270893562175043,0.4096376221648364,0.49050862567552134
248.8037074554697,248.75033333333332,249,0.5270328880676496,0.4092628539225689,0.49083033448376195
249.8031127513876,249.74999999999997,250,0.5269299292222119,0.4089057343234323,0.4911708804809052
250.70734686827942,250.74833333333333,251,0.5268421370328397,0.4086941790835905,0.4913492770809243
251.71758582540585,251.746,252,0.5267662050810021,0.4083677879924746,0.49164067993800004
252.71849677325912,252.74233333333336,253,0.5266650047954843,0.4079780575804433,0.49202194241955677
253.72215940402435,253.74066666666664,254,0.5265726123739862,0.40766002871130413,0.4923804615894283
254.71543179000125,254.73666666666662,255,0.5264237954438545,0.40717176068602645,0.492785160147721
255.7010656251095,255.73566666666667,256,0.5262975836509066,0.4068260517203271,0.4931739482796728
256.7092351630014,256.734,257,0.5262236243933235,0.40646066794863295,0.49358280102262597
257.71862012605465,257.7330000000001,258,0.5261234137824519,0.4059042221968393,0.4940733016702346
258.72542080567985,258.73200000000014,259,0.5259902788097145,0.4054298075576553,0.49448690640270637
259.724559318305,259.72866666666664,260,0.525908144640943,0.40515684323049134,0.4947436322754248
260.7244748555916,260.72433333333333,261,0.5258512895725745,0.40491629832522924,0.4949550432977833
261.73036955068136,261.72299999999984,262,0.5258168979890792,0.40457145385951515,0.495251898318711
262.73225280942574,262.7190000000001,263,0.5256516936732004,0.4040744648667793,0.49575361367107657
263.75406792515565,263.71700000000016,264,0.5255415265103134,0.4035250190013061,0.49624032409218033
264.7621171322917,264.71233333333345,265,0.5254828882075249,0.4031609905864033,0.49655892631120596
265.64893685396515,265.7093333333335,266,0.5254122421351002,0.4027335877693539,0.49699548954327005
266.64163979269557,266.70500000000015,267,0.5253607344094179,0.4024728824697812,0.49728640099240196
267.6588263306244,267.702,268,0.5253105930492847,0.40235155139634904,0.49745094781918525
268.66960691379575,268.70000000000016,269,0.5251973426804722,0.4019908653544383,0.49776064570202744
269.6715869015788,269.6966666666666,270,0.525069567295045,0.4016753710119448,0.4981163156611732
270.68809882333437,270.69466666666665,271,0.5249542934476981,0.4012915810784849,0.4984778849990394
271.6712420742471,271.6906666666665,272,0.5248822692629568,0.4010580328426407,0.49876895549755634
272.6710297737132,272.6873333333333,273,0.5248089608282925,0.4006147313601764,0.49918257743321914
273.66683292441434,273.68466666666666,274,0.52475792743871,0.4002375868283639,0.499539259187986
274.6771242427865,274.68266666666665,275,0.5246446877958622,0.39989709877777035,0.49991486589527767
275.67931615141964,275.68033333333346,276,0.52455642984793,0.39967488345053076,0.5001981063257016
276.6828004796072,276.67733333333337,277,0.524503183712903,0.39956959455955665,0.5003852165732022
277.68225724360303,277.6743333333334,278,0.5244105583852252,0.3991276344217521,0.5008208537620302
278.71152751937933,278.6719999999999,279,0.524323857525299,0.39881629612609376,0.501147014242248
279.7033240667052,279.6666666666668,280,0.524268492069458,0.3984856462701068,0.5014312941717405
280.70955529361726,280.663,281,0.5242470580517383,0.3981201222588207,0.5018620730585477
281.71681549587794,281.6623333333332,282,0.5241601924278279,0.39773730807192526,0.5022968289660188
282.5953666493789,282.65733333333344,283,0.5240795842105672,0.3974494586780387,0.5025145397928242
283.60160798251167,283.6539999999998,284,0.5239868582143908,0.3970314641038877,0.5028575035927677
284.61970607095924,284.6533333333333,285,0.523909513648613,0.3967149055033876,0.5032167478901699
285.6220592302635,285.6503333333331,286,0.5238203891091375,0.39642900946639564,0.5035364253671155
286.6254612807496,286.6473333333332,287,0.5237797208066406,0.3961848808240062,0.5037370319413974
287.63426757320934,287.64233333333306,288,0.523725237720187,0.3959317595065733,0.5040176478903629
288.65495723706135,288.6383333333332,289,0.5236048219312202,0.3956823289526559,0.5042119989879296
289.6710867670456,289.6356666666665,290,0.5235250539974928,0.3953186246226348,0.504599108841233
290.67822786315793,290.63300000000004,291,0.5234790589503069,0.39503547419973556,0.5048621068508966
291.5505814633466,291.62766666666676,292,0.5233755251199786,0.39471869957479794,0.505248879232922
292.55958406930694,292.62266666666676,293,0.5232565711758755,0.3943080032517173,0.5056494857662791
293.5732247506283,293.6173333333334,294,0.5231753465010008,0.3940340040136374,0.505863789977843
294.5816374368601,294.6139999999999,295,0.5230691335625831,0.39362801999081826,0.5062723245111468
295.5977926859918,295.61066666666676,296,0.5229921211314966,0.3932126037772491,0.5067466882779792
296.6078243135168,296.60766666666666,297,0.522915440528717,0.3928935755202397,0.5071426703086874
297.60835040198276,297.60366666666675,298,0.5228276161762274,0.39242286004875937,0.5076205148147594
298.61465900242075,298.60099999999994,299,0.5227494025292617,0.3920825350257454,0.5080866063944438
299.62201177037093,299.59766666666656,300,0.5226358890230342,0.3917439678836381,0.5083979642660534
300.6228077032079,300.59366666666654,301,0.5225511009529241,0.39143586456611457,0.5087391814443732
301.623806538897,301.5900000000001,302,0.5224716479208474,0.3910839829828102,0.5090338167875926
302.61700063815215,302.58733333333333,303,0.5223678842560839,0.39067633376262045,0.5093923772119866
303.62117796578093,303.5836666666667,304,0.5222551972541833,0.3902448189692426,0.5098246998478101
304.6203544510752,304.58,305,0.5222062025539927,0.39010098350790756,0.5100588600334731
305.49743259536007,305.5786666666667,306,0.5221456494283703,0.3897733517000504,0.5103500967263584
306.50567000696003,306.574,307,0.522072825645287,0.3893595621169371,0.5107719082796214
307.50939598838175,307.56899999999996,308,0.5220044381399548,0.389037377716623,0.5110549827530959
308.51717395752996,308.5656666666665,309,0.5219290798334668,0.38865520064284176,0.5113987467603265
309.5204023385493,309.5616666666666,310,0.5218873579213935,0.38837535965925823,0.5116374785714826
310.5259252057835,310.5556666666666,311,0.5217602932951674,0.3880144065971028,0.512035101908156
311.5334031393758,311.5516666666667,312,0.521670028464914,0.38767845999659634,0.5124179793128227
312.54830909904604,312.5446666666664,313,0.5215754972712003,0.38718126317622165,0.5129008693940736
313.5493854531235,313.542,314,0.5215134060281198,0.3869932681999159,0.5131700073114092
314.5401321588182,314.5393333333332,315,0.5214491059547661,0.38656835861200556,0.5136026943689056
315.55135210949163,315.53566666666643,316,0.5214201385452036,0.38637873123707234,0.513831906939674
316.5600564280706,316.5306666666664,317,0.5213615821432789,0.3861412837067983,0.5141093809342955
317.4167014818682,317.526,318,0.5212870406932615,0.3859178273827626,0.5143733653670701
318.42121911647115,318.5170000000001,319,0.5212183996819484,0.38556124293570293,0.5147298917283504
319.4365719283969,319.51266666666675,320,0.5211206930257389,0.38526575567844246,0.5150130249988575
320.4475868660393,320.507,321,0.5210464381395804,0.3849347183836844,0.515383589059373
321.46099889796704,321.5033333333332,322,0.520991589775239,0.38458251627129764,0.515706666463196
322.46997118764614,322.4973333333332,323,0.5209174615146676,0.38412594142898615,0.5160902244152828
323.4839073267779,323.4943333333333,324,0.5208677888325074,0.38385737984389456,0.5164247108379394
324.5008236099043,324.4896666666666,325,0.5207789870103207,0.38348948151662027,0.5168077674954189
325.3731049604434,325.4869999999999,326,0.520749037918466,0.38310544931175455,0.5172405873436328
326.3761353145289,326.4803333333332,327,0.5206685285133489,0.38274897497796684,0.5175805648158792
327.38286759534833,327.4783333333334,328,0.5206002452119057,0.38259785589628525,0.517772280075945
328.39346170389257,328.473,329,0.520508257050857,0.38226802223792117,0.518156617624474
329.41336871045087,329.4673333333333,330,0.5204363501792272,0.381968031968032,0.518527626219934
330.4185576639997,330.46133333333324,331,0.5203630212060862,0.3816573395642224,0.5189138252658705
331.4355946448294,331.4533333333333,332,0.5203032622511923,0.3813128007699711,0.5192608277189605
332.4387404627801,332.4479999999998,333,0.5202125776981441,0.38092796817601876,0.5196413634664087
333.30291410160834,333.4423333333333,334,0.5201279458306545,0.38064043209876536,0.5199537037037036
334.3146091907625,334.4390000000002,335,0.5200701588210676,0.3802949082370388,0.5201948031885311
335.3169413822045,335.4310000000001,336,0.5200073643368249,0.3799020934674843,0.5205634652416342
336.3169495430206,336.42566666666676,337,0.5199400256680269,0.3795890872347592,0.5208843877152027
337.31078592938536,337.421,338,0.5198700554070826,0.3792663687072878,0.5212363892905182
338.3292933906694,338.4113333333333,339,0.5198252864836003,0.37895324970608885,0.5215399001284284
339.32513250837013,339.4070000000001,340,0.5197490988136367,0.3787100833482216,0.5217963755563668
340.31871865705665,340.4006666666667,341,0.5196501947065393,0.37836629313093456,0.5221282982479334
341.3390430512635,341.39233333333357,342,0.5195863246610282,0.37801888187542326,0.5224543324797833
342.20327226006134,342.388666666667,343,0.5194971092314944,0.37767492958404913,0.5227999641589628
343.1989518677189,343.3776666666666,344,0.5194556750760645,0.37747171974373267,0.5230472877859709
344.2160400861487,344.37133333333327,345,0.5193850745382594,0.3772073633425453,0.5233656533483223
345.2215781599622,345.3683333333334,346,0.5193316079060837,0.3768854041673344,0.5237622485313489
346.2335821398382,346.36266666666677,347,0.5192523886992803,0.37642331139509955,0.5241737946362193
347.23468626360955,347.3556666666668,348,0.519192734828065,0.3761935921196472,0.5244595775359792
348.25350628744593,348.3473333333335,349,0.5190967074319227,0.3757880324981268,0.5248894694927955
349.25406780581636,349.3410000000001,350,0.5189937348933971,0.37539080297245925,0.5253098930103219
350.1107178829311,350.3356666666668,351,0.5189431242869782,0.37505651816641306,0.5256562987776349
351.1195215164511,351.32933333333347,352,0.5188612322254698,0.37487453800465237,0.5258973238710388
352.13999479391634,352.3226666666667,353,0.5188005929688558,0.37450602618504464,0.5262303543215566
353.1540870543859,353.3149999999999,354,0.5187349151203111,0.3741460644021268,0.5265449726267295
354.16628573402255,354.30433333333315,355,0.5186662582199354,0.3737716309424636,0.5269797025461638
355.1886607021314,355.29633333333334,356,0.5185984236889114,0.37330424058438477,0.5275195269266041
356.0464269216336,356.28866666666664,357,0.5185390973761516,0.3730201751227561,0.5278530646482311
357.0730284319563,357.28099999999984,358,0.518466889327603,0.372588470602214,0.5283204942867894
358.10231719360974,358.2733333333334,359,0.5183981952087151,0.3723214887467838,0.5285740904459659
359.1230910821188,359.2640000000001,360,0.5183304127177192,0.37192480994064986,0.5289584946108498
359.98041439546904,360.2536666666664,361,0.5182359239755027,0.37159766606251393,0.5292815351839486
361.0001852740222,361.2496666666667,362,0.5181646119605378,0.37122258076067627,0.5296722622538586
362.0237266200454,362.244,363,0.518111850426462,0.37099401417004857,0.529883349993827
363.03564627040373,363.2343333333334,364,0.5180211793493212,0.3706548309785578,0.5302093178129499
364.0439726809192,364.22499999999974,365,0.5179555464375863,0.3705213482069423,0.5303793728490095
365.0510999218203,365.2166666666668,366,0.5178989648151197,0.3702028623870821,0.5306772876503073
365.9055845024899,366.213666666667,367,0.5178541973519007,0.36986537175889417,0.5309989231341999
366.91985093773104,367.20500000000004,368,0.5177948477231595,0.36965580798974235,0.5312056737588653
367.946212930999,368.1990000000001,369,0.5177130225468936,0.3693168598820651,0.5315415780817522
368.9523937780664,369.1883333333333,370,0.5176119717920247,0.36904632809205373,0.5318111532823262
369.968663022735,370.1793333333333,371,0.5175124336577268,0.3686587391271127,0.5321169908593351
370.8108351082797,371.1729999999999,372,0.5174387895601874,0.36833903137344914,0.5324828555436092
371.8331204668034,372.1636666666666,373,0.5173579873743804,0.3679985808683312,0.5327912142848504
372.8515549293253,373.1570000000002,374,0.5172662895218069,0.36754397299436303,0.5332240401854215
373.8892041630938,374.1463333333331,375,0.5171898898977398,0.3670251475701464,0.5336540794048679
374.8999072190106,375.1406666666666,376,0.5171051986743797,0.3666039072780646,0.5340095151331106
375.73096968160587,376.1313333333335,377,0.5169861598488847,0.3662800600186545,0.5343566243562189
376.74892634044545,377.12533333333323,378,0.5168814546598498,0.3659111028092032,0.5347109988548782
377.76794430934274,378.11666666666673,379,0.5167864356128476,0.3655531382794868,0.535123924933412
378.76406923073847,379.1066666666667,380,0.516738122010711,0.36523385799515384,0.5353586772820753
379.76501599101005,380.1019999999999,381,0.5166603462494898,0.3649659752933305,0.5356239494769823
380.77747122895045,381.0909999999998,382,0.5165925677693103,0.3646109095662973,0.5360166029349283
381.79187269851036,382.08333333333326,383,0.516517286980669,0.36425666996653766,0.5363258527166666
382.6389110265217,383.0716666666666,384,0.5164233691196467,0.3638776806013559,0.536652807078631
383.6647409778059,384.0596666666667,385,0.5163709174544782,0.3633715802385064,0.5371809966074161
384.6786522918834,385.0486666666667,386,0.5163282479283519,0.3630653575976667,0.5375015404839173
385.68881718775106,386.03733333333355,387,0.5162484705282744,0.36269964995701587,0.5378363148001135
386.5399165576025,387.0259999999998,388,0.5161499106783767,0.36230356142720654,0.5382581622903831
387.5585883116899,388.0176666666665,389,0.5160896143024327,0.3619319423766141,0.5386458586800071
388.565302561698,389.00933333333296,390,0.5160177271091649,0.36152238214055554,0.5390634036716956
389.57065305832185,389.9969999999998,391,0.5159500375072363,0.3611746742418286,0.5394240835529882
390.58163332139645,390.98633333333316,392,0.5158959841919758,0.36092237836404617,0.5396476865968448
391.5918559209293,391.9750000000001,393,0.5157957684594201,0.3606888597553893,0.53995253821006
392.4552200712882,392.96399999999977,394,0.5156780744027886,0.36028376453192557,0.5404235700668292
393.47230291662714,393.95399999999995,395,0.5156161593998346,0.36008785065388843,0.5406142890419621
394.5023854062517,394.9410000000001,396,0.5155356246246541,0.3596881403368484,0.5410481949789262
395.51135738130137,395.9303333333334,397,0.5154816002988136,0.35935974770355167,0.5414195012472989
396.37166279475434,396.92233333333337,398,0.5153956929840487,0.358979393200132,0.5419341902442488
397.36349147734234,397.9109999999998,399,0.5153249396683642,0.3588267291518474,0.5420770743545755
398.4060719439658,398.8990000000001,400,0.5152110547602862,0.35846653932508965,0.5425170068027212
399.43510956190323,399.88933333333307,401,0.5151430072881502,0.35801863247217924,0.542971715722669
400.2785818734844,400.87599999999964,402,0.5150842986427269,0.35755462184873943,0.543344537815126
401.29896109791935,401.85933333333304,403,0.5150081314959944,0.3571347413869285,0.5437544448792886
402.32271742014206,402.8506666666664,404,0.5149087361561302,0.3567358670274189,0.544221643445352
403.3490936971477,403.838,405,0.5148382025797342,0.3563897143243061,0.5445524076450328
404.213362029814,404.82633333333297,406,0.514742034082212,0.3559885047755895,0.5449581607640943
405.22960204394735,405.8163333333333,407,0.5146692814708999,0.3557716322444366,0.5451524554147811
406.2448408753755,406.8073333333335,408,0.5145960686038763,0.3555833368648557,0.5452727041573081
407.2582196169141,407.7946666666667,409,0.5145653886182723,0.35529275933204857,0.5455629791243962
408.2798370559676,408.7813333333333,410,0.5144876784334679,0.35492509904609676,0.5458970260665521
409.12571594455534,409.7703333333334,411,0.5144197726671954,0.35449721931236533,0.5463774410860438
410.15269449379565,410.75366666666685,412,0.5143188935735781,0.35423381939114856,0.5467724055598192
411.175045696301,411.7436666666667,413,0.5142379041000229,0.35389711563499143,0.5471713416117782
412.03713203941686,412.73133333333345,414,0.5141555269192706,0.353460474620906,0.5476266817149965
413.0572437622449,413.71766666666673,415,0.514078090743651,0.35317057718074835,0.5480027910839423
414.07921426673295,414.7006666666667,416,0.513983618959275,0.3528390308320935,0.5483876500122197
415.127169130432,415.68433333333365,417,0.513877306857852,0.35243001889060627,0.5488966168641595
415.9646144223505,416.6636666666667,418,0.5137903880041721,0.3520818460956247,0.549244411569921
416.98440489427287,417.6496666666665,419,0.5137299886594738,0.3517705690545622,0.5496151311397028
418.02862439321893,418.6309999999997,420,0.5136345510146884,0.3512959671435228,0.5501863707743015
418.86247372483285,419.60899999999987,421,0.5135701683491325,0.35096263964217034,0.5504829404265433
419.891683467585,420.59166666666664,422,0.5134828413895612,0.350586554694602,0.5509068871477425
420.929949498631,421.581,423,0.5134032878092459,0.350233011813157,0.5512084101007911
421.94322370741367,422.5586666666664,424,0.513318168217341,0.349835628455168,0.5515544727733844
422.77659700143073,423.54033333333336,425,0.5132387192396367,0.34949589846638307,0.5519411606078795
423.8063114805227,424.52233333333345,426,0.5131576551895056,0.34915047486276907,0.5522610438267841
424.8494335802209,425.50400000000013,427,0.5130938530608032,0.348686621869273,0.5526616633214066
425.8722863914101,426.4870000000002,428,0.5130314922361466,0.34839220074216204,0.5530462299653395
426.68667776156286,427.47700000000003,429,0.5129681312056675,0.3481375734592176,0.5532322055719529
427.71165657248235,428.462,430,0.5128799494587958,0.347673128128194,0.5537248812328099
428.73890502956823,429.44666666666666,431,0.5127979681840762,0.34726707883485586,0.5541684792399934
429.7688041135777,430.43299999999965,432,0.5127216115147454,0.3468703378530029,0.5545418938603788
430.6082942002241,431.4129999999998,433,0.5126576243990071,0.3465452574143531,0.5548787743894644
431.61971999032164,432.3953333333335,434,0.5125710672997822,0.3462472406181015,0.5552406181015452
432.6293090307616,433.37233333333364,435,0.5125271096543124,0.34607032766802437,0.5554214043420768
433.6445457942012,434.35266666666627,436,0.5124287067290659,0.34572019687847494,0.5556987989704194
434.701069657873,435.33266666666697,437,0.5123422891185994,0.345325943708095,0.5561654412254117
435.53481269257094,436.3119999999996,438,0.5122704610146676,0.34497335212094,0.5565428432998031
436.55670176187135,437.29000000000013,439,0.512213919550745,0.3447535852467264,0.5568274406614396
437.5830987176575,438.26833333333343,440,0.5121618611173313,0.34441545699823845,0.557223448614177
438.432573351447,439.252666666667,441,0.5120868167646166,0.3440762697856029,0.5576379240250718
439.4628154598157,440.23066666666693,442,0.5120165869540759,0.34375405486427113,0.5580253873653785
440.5001275045456,441.2106666666669,443,0.5119127390787711,0.3434382813970371,0.5584025667912421
441.529862536824,442.18733333333313,444,0.511852386104099,0.34311723172083797,0.5587056346815931
442.35639234442215,443.16366666666664,445,0.5117527053143686,0.3429054433788784,0.5589770566098814
443.4056559213078,444.1473333333333,446,0.5116587586824186,0.34235244827073563,0.5595725606267429
444.41125426661716,445.12500000000006,447,0.511591209550484,0.34204421335788626,0.5599109955678321
445.4385648217774,446.1023333333331,448,0.5115091494222511,0.34176654354420877,0.560168001121213
446.2772385391684,447.0776666666665,449,0.5114438241213458,0.3413758281369579,0.5605655105580386
447.31150953191275,448.0503333333333,450,0.5113872622993447,0.3410834425909712,0.560888638869104
448.32065004939125,449.0233333333335,451,0.5113286186745167,0.34092117521416077,0.5611124997159672
449.34966878739937,450.0009999999999,452,0.511240701167896,0.34057393656011403,0.5615208453795058
450.38091409802075,450.97899999999976,453,0.5111845457110594,0.34031007751937986,0.5618695850433197
451.2148466351475,451.9493333333331,454,0.5111092914844295,0.3399044478345468,0.5622413651353351
452.24156642204423,452.928,455,0.511028536818372,0.33963541547540077,0.5624436769515793
453.25911344595096,453.9073333333333,456,0.5109481815734427,0.3393470042387444,0.56276320311605
454.3013888122189,454.87799999999993,457,0.5108629197228911,0.33894423819117153,0.5631249741864723
455.1331864255796,455.855,458,0.510781930821959,0.338577464335465,0.5635663155765402
456.15918076748005,456.8249999999997,459,0.510742997739822,0.33836895564170805,0.5638392898253111
457.1908046637618,457.79866666666635,460,0.5106536868277718,0.33798444606400546,0.5642499331162302
458.2295800698868,458.77866666666637,461,0.5105812986045096,0.33761410251672275,0.5646642521896597
459.0687220083366,459.7503333333333,462,0.5105034996764629,0.3371816465536389,0.565003331605834
460.1120559527477,460.72533333333314,463,0.5104330070420217,0.3368590842935674,0.5653778053822551
461.1650710203382,461.6909999999999,464,0.5103570923009532,0.3364979294720618,0.5658251471653266
462.20304184039685,462.66166666666663,465,0.5102816274280626,0.3362328273553546,0.5660940514656314
463.03223390805584,463.63000000000005,466,0.5102274060127596,0.33585791540321114,0.5666009902696458
464.07810966534595,464.5980000000002,467,0.5101518390006939,0.33544416030463103,0.5670533664345846
465.1306145603595,465.56999999999977,468,0.5100789024733051,0.3351096402043688,0.56742253198521
465.9705711892495,466.5353333333335,469,0.5099916274990144,0.3347035469493239,0.5678723922244279
466.9876214340352,467.50500000000034,470,0.5099633563503676,0.3345464436794762,0.5679748248337445
468.0259045046042,468.47633333333346,471,0.5099185987811357,0.3342305271365895,0.5682524919440451
469.05599252681526,469.4456666666671,472,0.5098206326510799,0.3339449541284404,0.5686520818630911
469.9009435210318,470.41066666666694,473,0.5097551045368826,0.3335422547490351,0.5691019363716476
470.9286906769871,471.3676666666669,474,0.5096736102284238,0.33322161748809276,0.5694062224152336
471.9597889332436,472.3293333333332,475,0.5096121347946584,0.33291555324331357,0.5697353796675101
472.98780938810455,473.30000000000007,476,0.5095216793503468,0.3326305715585203,0.5700471876895088
474.0484703532592,474.27066666666656,477,0.5094419473869156,0.3320722474070206,0.5705693874160397
474.8942502085761,475.2400000000002,478,0.5094062758878594,0.3316294263935977,0.5710148786739008
475.92061443318175,476.1983333333334,479,0.5093423368884907,0.3313099163315482,0.5713183022356058
476.9308820363442,477.1613333333336,480,0.5092751802490714,0.3310275358997861,0.5715465551481821
477.97244596354614,478.12266666666704,481,0.5092058376193895,0.3307553974038894,0.5718904544628424
478.99282743224785,479.08799999999997,482,0.5091347476767406,0.33042990815402523,0.5722574370325653
479.8171528905281,480.05033333333364,483,0.5090580380563857,0.3301435865934657,0.5725659384957961
480.85323553039876,481.0153333333329,484,0.5090006892248286,0.32992410952451906,0.5728505308488294
481.8966722972183,481.9830000000006,485,0.5089248682441896,0.3296866799243063,0.5731200554702208
482.9247870671215,482.94199999999967,486,0.5088779406517827,0.32940887079659675,0.5734425944861381
483.95334789040066,483.9029999999994,487,0.5088384980375441,0.3291386984067153,0.5737902972488413
484.8169588952046,484.86766666666637,488,0.5087819037068452,0.32870518294749274,0.5742392114716163
485.8444495010846,485.82199999999955,489,0.5086978250709804,0.32836943076811137,0.5745579782202711
486.89631270674073,486.769,490,0.5086423310711633,0.3280042762038972,0.5749356139754119
487.9015994930402,487.7216666666663,491,0.5085817651437444,0.3279051760661118,0.575089238321102
488.95623047928717,488.67900000000014,492,0.5085075983194761,0.3275561821046521,0.5754403594093744
489.77195719526213,489.6329999999999,493,0.508450023363996,0.3273065868965922,0.5756935890668075
490.8270161200104,490.58766666666673,494,0.508409587601236,0.32684895412448634,0.5761204409769667
491.86215255900834,491.5453333333335,495,0.5083536483302361,0.32646641704984325,0.5765461603011105
492.8973954036733,492.4976666666667,496,0.5082763801915596,0.3261611215982381,0.5768493393109957
493.9172215428554,493.4503333333337,497,0.5082097073493701,0.3260092380117593,0.577050730275663
494.76481977936896,494.40733333333367,498,0.5081396063714052,0.3256386352762446,0.5774673591894918
495.8288547838856,495.36833333333334,499,0.5081073057324875,0.3253869831372685,0.5777350678610073
496.8331479881781,496.3220000000004,500,0.5080331727392151,0.3252184676321327,0.5779824235672731
497.878446185701,497.27933333333306,501,0.507943856277013,0.32489708872687595,0.578267122947974
498.9163394421363,498.2250000000003,502,0.5078922484460547,0.3245996293186121,0.5785909138339685
499.7604153849909,499.1673333333335,503,0.5078191107123571,0.32418991103831774,0.5789976751479791
500.83548456841817,500.1093333333334,504,0.5077350072519011,0.3237967048032104,0.5794212218649517
501.8726098205148,501.0633333333337,505,0.5076622694147149,0.3235198641596124,0.57968886558294
502.9326568031562,502.00933333333325,506,0.5076003877262398,0.32309070257341727,0.5801271947600963
503.97361610833434,502.95800000000025,507,0.5075397037450115,0.3227615868146411,0.580408433336341
504.79224105716133,503.9076666666671,508,0.5074681055713516,0.32245008636966216,0.5806853332262082
505.82474065019676,504.8586666666664,509,0.5073959421036571,0.32215926816750035,0.5809876518361227
506.89837489016674,505.79799999999983,510,0.5073038829775735,0.32170902089654546,0.5814138685322016
507.95755350671527,506.74633333333304,511,0.5072513384756783,0.32139574811897187,0.5817603393425238
509.0027194265091,507.68733333333324,512,0.5071936125056163,0.3210740414680793,0.5821114517875393
510.03812528715827,508.6196666666666,513,0.5071523581839175,0.3207939364749423,0.5823823164085274
510.8539742007229,509.56199999999995,514,0.5070733594625213,0.3205447304793059,0.5827051628502347
511.89685747108354,510.4993333333333,515,0.5070146302222982,0.3201990242115599,0.5831175372280079
512.9647384076226,511.44066666666663,516,0.5069313382393535,0.319832217159516,0.5835448457233724
514.014080203112,512.3876666666666,517,0.5068540169473346,0.31955019686547276,0.5838350721840067
515.0764742404388,513.3190000000004,518,0.5067778892791437,0.3191237812523991,0.5843232592061827
516.1318754784296,514.2593333333331,519,0.5067171558436541,0.31879822605039865,0.5846291881360711
516.9916892556092,515.2006666666668,520,0.5066447573584092,0.3184436708665784,0.584917285357814
518.0498331953163,516.137,521,0.5065954965283982,0.3181822859318563,0.5852567994484291
519.0948734690402,517.073333333333,522,0.5065161927846011,0.3178286580430288,0.5856580894294272
520.1463651385562,518.0193333333332,523,0.5064455783815701,0.3175861017982323,0.5859209934961954
521.188831205101,518.9526666666671,524,0.5063897398618827,0.3172961444485858,0.5863047169420632
522.2560203555918,519.8793333333344,525,0.5063238679332384,0.31689351813428496,0.5868225578886214
523.0932324347509,520.7940000000001,526,0.5062647928074313,0.31656086389135846,0.5872339983050759
524.1583969572954,521.7263333333339,527,0.5061790503873261,0.31621216224661985,0.5875867169433969
525.2308732146302,522.657666666667,528,0.5061000294182882,0.31582573116506274,0.5880216270379726
526.2854592993815,523.5870000000007,529,0.5060196222641837,0.31540461233477873,0.5884519021042667
527.3324260293078,524.5160000000002,530,0.5059411161352768,0.3151125738962727,0.588837994214079
528.1780112875899,525.4436666666666,531,0.5058746706014959,0.31480761960767845,0.5892227076070063
529.2294677367752,526.379,532,0.5058074939325073,0.3145062426669052,0.5895413626008218
530.3180108815462,527.3073333333333,533,0.5057211462555279,0.31416717626468166,0.5899616219977648
531.3887173505464,528.2370000000002,534,0.5056417311892202,0.3137591514626493,0.5904159227526754
532.4451198843466,529.1606666666677,535,0.5055920053210271,0.31343030854627135,0.5907356746374013
533.4960805514531,530.0826666666667,536,0.5055141734071804,0.31313281241717117,0.5910560744691001
534.5248173868255,530.9889999999997,537,0.5054522100003533,0.3129481500366487,0.5912977893920562
535.5889582286356,531.9049999999995,538,0.5054042687737329,0.31262936653630247,0.5915555910288132
536.4208408794303,532.8270000000007,539,0.5053547735529283,0.3122646842369103,0.5918544748658767
537.4766997100099,533.7433333333338,540,0.5053000213930828,0.31193194872644303,0.5921411892943207
538.5035449673499,534.6596666666668,541,0.5052396251850891,0.31175472132534443,0.5923944763036855
539.5784205560175,535.5773333333334,542,0.5051571291284803,0.31128532028374273,0.592822725175193
540.6309455277893,536.4890000000004,543,0.5050969037823883,0.3110236643765657,0.5931253964670086
541.697414379292,537.4053333333334,544,0.5050210524174685,0.3107306907340294,0.5935724632608332
542.7513926288281,538.3213333333333,545,0.5049547904266145,0.3104605490331492,0.5939226519337016
543.8249624810135,539.2309999999997,546,0.5049041325442873,0.3100661635927263,0.5942939306795822
544.848242365252,540.1420000000005,547,0.504824659019068,0.309914535469405,0.5944171838949729
545.9171433547797,541.0580000000004,548,0.5047544424432374,0.3094730214558264,0.5949500377227406
546.9582859250452,541.9616666666665,549,0.504691680868548,0.30919660871314913,0.5953187624739644
547.9973013226944,542.884666666667,550,0.5046455623000741,0.3089995421744533,0.5955111295210272
549.0396367871664,543.7756666666669,551,0.5045839267137332,0.308727948003714,0.5957343383035666
550.0407077432357,544.6776666666666,552,0.5045183853280621,0.30870980982350527,0.5958079080585579
551.1090278092221,545.5890000000002,553,0.5044680027498503,0.30844052592909393,0.5961443563509556
552.1768912306804,546.4883333333332,554,0.5044110412736105,0.30807223421730695,0.5965201435015026
553.2678074106107,547.3929999999997,555,0.5043465663584517,0.30765334214293577,0.5969716991520757
554.1432884759266,548.2893333333332,556,0.504281840694019,0.30725532912334885,0.5974519482668285
555.2174369133726,549.1813333333326,557,0.5042302619986275,0.30690388706246374,0.5978672265657375
556.2809644653579,550.0820000000004,558,0.5041668171294904,0.30646054350955687,0.5981871940820802
557.3476198026584,550.9880000000006,559,0.5041079526977903,0.3061674131051285,0.5985992485667826
558.3964670463738,551.8790000000009,560,0.5040561970762143,0.3058832690885021,0.5988063254737709
559.4582083793647,552.7696666666665,561,0.5040186521874161,0.3055146894922206,0.5991540724889661
560.5517387533674,553.6623333333329,562,0.5039553210847367,0.30508928870573254,0.5996135848382306
561.5786369559173,554.5493333333329,563,0.503903635290001,0.3049632692339971,0.5997661316041246
562.6543778927808,555.4416666666662,564,0.5038407950076647,0.3046369125372113,0.6001412769869879
563.7176515930063,556.3123333333336,565,0.5037970786184344,0.30434538355664165,0.6004831324962782
564.7746148663527,557.2069999999999,566,0.503733276657676,0.30405998784030264,0.6007847508387939
565.8443915500445,558.096666666666,567,0.5036636384566919,0.3037172015773707,0.6011610260807754
566.9024943207025,558.9833333333335,568,0.5036150180862686,0.303385968780565,0.6014179344968538
567.9645358080999,559.8703333333335,569,0.5035578003581624,0.3031278331822303,0.6017849048050771
569.0590917908726,560.7506666666659,570,0.5034879765471512,0.302730937375802,0.6022199511724295
570.1500525432585,561.6343333333331,571,0.5034495741908634,0.30230427856167497,0.6026342740100137
571.2309801781641,562.5106666666671,572,0.5034005894916067,0.3019514392077944,0.6030192293439903
572.3280677569529,563.3859999999995,573,0.5033330415902078,0.30155657576172856,0.6033586862180804
573.3800339498674,564.2563333333335,574,0.5032840767112893,0.3012524531259834,0.6036091705430349
574.4476821518808,565.1360000000006,575,0.503214135880161,0.3009625251523472,0.6039028417136273
575.4949799421084,566.0060000000011,576,0.5031488440923977,0.3007588334300305,0.6042117840340527
576.5851783157192,566.8853333333325,577,0.5030801701483625,0.3003275253702648,0.6045807502575881
577.44541878774,567.7650000000004,578,0.5030258165274799,0.29996078114726676,0.6049450359313902
578.5158891109401,568.6263333333324,579,0.5029655693002968,0.2996295161747112,0.6053220203795002
579.8252873145835,569.4953333333336,580,0.5029037431263339,0.29930999322159585,0.6057228270000637
580.6695403182757,570.3599999999997,581,0.5028313871637237,0.2990034380226723,0.6061721798922134
581.9654547839522,571.2250000000007,582,0.5027732071261295,0.29874627491152916,0.6064502235053083
583.0383158438967,572.0870000000007,583,0.5027211981013598,0.29846785528901953,0.6067514682810468
584.1263910323308,572.9509999999997,584,0.5026830277261701,0.2981148619026743,0.607137220517317
585.1974258869806,573.8173333333335,585,0.5026190558877033,0.2977415498570156,0.6074961323894801
586.2614797951546,574.6773333333333,586,0.5025705709697503,0.2974715505396296,0.6078202252469144
587.2813422546412,575.5520000000004,587,0.5025248628927673,0.2973954287597392,0.60796083139138
588.3522002417335,576.4163333333335,588,0.5024511728992821,0.2971025176780038,0.6083356432198441
589.4377596385215,577.2716666666669,589,0.502388275031803,0.29681414987855836,0.6086799789619246
590.5607736727727,578.1260000000009,590,0.502309952982827,0.2963428070466419,0.6092655996398488
591.6578143280889,578.9763333333334,591,0.5022416833911088,0.2960030859618409,0.6096020889587845
592.7610331753224,579.8376666666669,592,0.5021745904201356,0.29555621653777514,0.6100475907198096
593.8377835819534,580.6983333333336,593,0.502101091343562,0.2951733595683153,0.6104164803386698
594.928305105819,581.5430000000003,594,0.5020221558792471,0.2947307400390846,0.610880361443623
596.0000151465237,582.3996666666667,595,0.5019563939901128,0.29441110592068226,0.611149041168086
597.0813759062714,583.2633333333337,596,0.5019074585869547,0.29413635436293156,0.6114944735799921
598.4175795233751,584.1186666666662,597,0.5018329698370704,0.29379506082271517,0.6118951552287091
599.4843859459709,584.9639999999999,598,0.5017705218033884,0.2934790471138544,0.6122932439600713
600.5902127491972,585.8116666666665,599,0.5016912134214697,0.2930232558139535,0.6127393536695862
601.6470035574251,586.6586666666672,600,0.5016267679242595,0.29283634316295454,0.6130305543615792
602.7199777969843,587.5033333333333,601,0.5015583071203613,0.29258113436457384,0.6133030027297544
603.8135591480267,588.3376666666675,602,0.5014764872952691,0.29225925655799484,0.6137407920647655
604.9387611281207,589.1903333333336,603,0.5014080085058352,0.29184706161743484,0.6141587962709243
606.021356756826,590.0223333333337,604,0.5013351308283873,0.2914994082407057,0.6144840713039447
607.1150120135842,590.8666666666671,605,0.5012695809181171,0.29114899236939934,0.6148442085697515
608.2034620742448,591.6970000000002,606,0.5012044049279014,0.2907895301305976,0.6152304609218437
609.3224827584975,592.5396666666667,607,0.5011321077071628,0.2903942868020461,0.6156916445093982
610.6564477373895,593.3586666666667,608,0.5010697971940721,0.29008474524115774,0.6160615926197173
611.7767567930259,594.1989999999998,609,0.5009857538801333,0.2896494311349551,0.6164647118675424
612.8760778673728,595.0340000000002,610,0.5009152704643369,0.2893209285074027,0.6168392421104689
613.9909379512789,595.8523333333333,611,0.5008470725536057,0.2888507548677665,0.6172507573457896
615.1150712755522,596.6843333333336,612,0.500786162770581,0.28840446536116526,0.6177683128236331
616.2261505087654,597.5233333333331,613,0.5007069609750856,0.2879971126861353,0.6182025226660361
617.3166305850713,598.3539999999999,614,0.5006441214612682,0.28765184205931504,0.6185677583497543
618.4393223287486,599.1873333333336,615,0.5005603914111136,0.28726077227896046,0.6190232133705015
619.7781259452566,599.9983333333331,616,0.5005101715148045,0.2868867865421966,0.6193659545141282
620.8996179108805,600.818333333333,617,0.5004452512325914,0.28655290188101157,0.6197983374770839
621.9934640521043,601.6356666666668,618,0.5003747473546545,0.28616366049914754,0.6201407981075929
623.0748089243851,602.4646666666667,619,0.5003045900436596,0.2858845338983051,0.620428520984665
624.1246742166586,603.2799999999996,620,0.5002525916760597,0.2856727640350046,0.6205541338893628
625.1522042536171,604.0956666666666,621,0.500200679368453,0.28558038202361047,0.6206807012210569
626.4543943213124,604.9169999999993,622,0.5001232490341543,0.2853896783939373,0.6207942724035721
627.56301305007,605.7333333333333,623,0.5000618119864099,0.2850134887508907,0.6211824289931792
628.6303837659852,606.5389999999995,624,0.4999988168060864,0.2847621720218886,0.621407706927561
629.7161321818182,607.3383333333333,625,0.4999609852524254,0.28450650222066015,0.6217528836629709
631.0092015474161,608.1423333333324,626,0.4998991129023493,0.2843868075568364,0.6219404418828051
632.113286042947,608.933666666667,627,0.4998340330073644,0.2840013351477649,0.622307238041441
633.1374086183329,609.7396666666673,628,0.4997966547584674,0.2839241719575188,0.622371459631924
634.1781033945231,610.5493333333336,629,0.4997253929709086,0.28374849272315755,0.6224940514956699
635.4769231922893,611.3286666666659,630,0.499667659213848,0.2835733119636025,0.6226863819667047
636.610556976924,612.1246666666664,631,0.4996081465969474,0.28313884967557273,0.6230880810226257
637.7145479556232,612.9273333333335,632,0.4995515475724073,0.28287155123736835,0.623467487035703
638.7711523815613,613.7393333333329,633,0.4994995009107674,0.2826877418935181,0.6235990503138518
640.0809383086608,614.5180000000001,634,0.49944304867454037,0.28246569090849827,0.6238419662939663
641.2023694195855,615.3026666666674,635,0.49938881587004696,0.2820867929212096,0.6242413948535704
642.2826617529369,616.1143333333334,636,0.49932317525751924,0.2817905639870625,0.6244843977110532
643.4118875234598,616.912333333333,637,0.49926654307296664,0.2813984619018872,0.624904853145752
644.7885581720569,617.7026666666665,638,0.4991973310848929,0.2809641849730746,0.6253394438709423
645.9097110033406,618.4990000000003,639,0.49914603402859087,0.2805874369144408,0.6256572098723135
646.9972082889268,619.2553333333333,640,0.4991088027291719,0.2803032304075649,0.6259872157214929
648.1222425294544,620.0436666666664,641,0.4990345245068228,0.2799827894353611,0.6264446945124776
649.2108059584314,620.8273333333336,642,0.4989801824003286,0.27969773166055184,0.6267092159997877
650.5892408039283,621.6123333333336,643,0.49892986549745516,0.27930935864266093,0.6271042147479597
651.6747737793834,622.3903333333332,644,0.498874965512613,0.27900821377140117,0.6273867939623448
652.7273240017852,623.169,645,0.49881781387076657,0.2788052159848146,0.6275623759332162
654.1143598255243,623.9563333333329,646,0.4987612601083874,0.27850780255843544,0.6279150760163418
655.2311947373157,624.7133333333328,647,0.498711255715417,0.27814325031885617,0.6283077129623414
656.3208195915199,625.479666666666,648,0.49865946759721763,0.2778663759748605,0.628600843813715
657.4060920649761,626.2283333333335,649,0.49859382247664613,0.2775754633001538,0.6288810660624208
658.7667403352191,627.0296666666666,650,0.4985406468476719,0.2773896239036718,0.6290592861872779
659.8567896611055,627.7776666666664,651,0.49847794762619174,0.2770774201852015,0.6293870196378613
661.0216645163067,628.5466666666664,652,0.4984003387408956,0.27658389858703547,0.6298793446451972
662.1258126567461,629.3183333333335,653,0.498314724553174,0.27626734539713216,0.6302189314078439
663.4671302674873,630.0790000000004,654,0.49825696450924395,0.2759933673156052,0.6304052624755198
664.5381690220486,630.8343333333333,655,0.49821915838881564,0.27578186992092374,0.6306126357840589
665.6696237922665,631.6029999999994,656,0.4981544633994364,0.2754572323981814,0.6309498501608114
667.0095846829897,632.3786666666662,657,0.49811910171067125,0.27522115986060225,0.6310909178391978
668.0841631074135,633.137666666667,658,0.4980650743850903,0.27497140809943094,0.631350502252904
669.4116453302296,633.8839999999998,659,0.4980082968425904,0.27473370083309157,0.6316367555021346
670.490452930841,634.6363333333331,660,0.49793466275216786,0.27451129693210763,0.6318736847934433
671.5537531047435,635.3973333333336,661,0.4978808878545969,0.27431639405668623,0.632073639377922
672.9025614828478,636.1463333333327,662,0.49782123151703367,0.2741071925237804,0.6323079490460033
674.014065712246,636.9033333333329,663,0.4977570127822694,0.2737481179947583,0.6326953103217533
675.4132598380986,637.6580000000001,664,0.49770121594423755,0.2734272917205285,0.633073165959766
676.5917449779523,638.3983333333331,665,0.49764292208814476,0.2729259783385409,0.6336677361953734
677.7049734233755,639.1440000000006,666,0.4975907316782322,0.27261620558910266,0.6339348406122736
679.1054925118899,639.9003333333333,667,0.49754226952675457,0.2722468138410545,0.634233879196898
680.2263530141275,640.6603333333331,668,0.4974756056119229,0.27196372406595115,0.6345256061268529
681.3571420101648,641.3949999999998,669,0.49742331973444176,0.27156235643354426,0.63493656571368
682.7970659884816,642.1469999999997,670,0.4973690842126301,0.27112134632418067,0.6354508414526129
683.9211955037433,642.8986666666667,671,0.49730694435875117,0.2707893820899127,0.6358031268424006
685.2586678499237,643.6300000000001,672,0.497259728420818,0.2706798493810815,0.6359876714571455
686.4267322943264,644.369666666667,673,0.4972153192809987,0.27024789850005,0.6364512123763719
687.5291800490843,645.1070000000002,674,0.4971657544511269,0.27002960992146935,0.6367062896050579
688.9265612370401,645.851666666667,675,0.49709648634286707,0.26975783608579357,0.6369764289965651
690.0313963425789,646.5893333333328,676,0.49704406912428756,0.2695224062960434,0.6372803392388687
691.4891575942047,647.3349999999999,677,0.49697408517160657,0.26908868325351964,0.637705685377885
692.6613802170712,648.0903333333332,678,0.49690664638993537,0.26866134687811144,0.6381437497294412
693.8398642138426,648.8120000000002,679,0.4968429443191175,0.26823272527456643,0.6385918486866365
694.973914379202,649.5283333333335,680,0.49678095264910094,0.2679746138464659,0.6389065986611413
696.3528378721583,650.2560000000004,681,0.496710076980432,0.2677072136195927,0.6391810232125738
697.4413920520653,650.9926666666663,682,0.4966705894891034,0.2674850377877769,0.6393633596901257
698.8646583380773,651.7256666666668,683,0.49661118727410747,0.26715122855412277,0.6398114295305442
700.2937249077567,652.444333333333,684,0.4965561874948483,0.26681930901296974,0.640249299576454
701.4114629834398,653.1643333333338,685,0.4965037781824897,0.2665518126168396,0.6405263736666544
702.5503514742965,653.8563333333326,686,0.49645723672605796,0.2661847247935584,0.6408945311352082
703.9962793488903,654.561666666667,687,0.4964125775384054,0.2657924961715161,0.6413594062904936
705.469155119081,655.3090000000004,688,0.4963516903638915,0.2652790079716564,0.641895482728078
706.6163348724675,656.0343333333334,689,0.4963047055026553,0.2649198232930538,0.6422424318664486
708.0422231138533,656.7546666666665,690,0.4962512444352824,0.2646039952822141,0.6426202998316136
709.2084588342469,657.467,691,0.4961943206687718,0.26422721935704413,0.6429781668474949
710.6197669192429,658.1713333333335,692,0.4961338191830139,0.26397837048733436,0.6433141418580228
711.7348975713446,658.8890000000004,693,0.49608057366374186,0.2637001642526504,0.6435493504554278
713.1671805604616,659.5806666666663,694,0.4960198132052044,0.2632961408077588,0.6440069146667265
714.3322989885529,660.286666666667,695,0.49596008961492827,0.2628941386527829,0.6444781202877784
715.7510559520456,661.0213333333331,696,0.4959057401410896,0.2627005247094553,0.6448588997639559
717.2254065394762,661.728666666666,697,0.4958443057042859,0.26225715534522,0.6452621742603506
718.3055318341379,662.4329999999997,698,0.49578329714529557,0.26212851466300024,0.6454817411274116
719.7697982434071,663.1509999999998,699,0.49572375545432495,0.26175706484279726,0.6459360585334818
721.1535377643703,663.8526666666668,700,0.49567097918189323,0.26156918730920525,0.6461582856188205
722.2203221977163,664.5490000000001,701,0.49560379176039554,0.26138110531042147,0.6463600249615683
723.6548608869709,665.2253333333333,702,0.49554437964364884,0.2610390006558577,0.6467443527599409
724.7124572624333,665.9150000000005,703,0.49547706104010825,0.2609018016158744,0.6468083805330703
726.1739320133184,666.6243333333337,704,0.4954109044098585,0.2605393640745821,0.6472828710906068
727.625339834504,667.3090000000001,705,0.49535036843271374,0.26015011023960793,0.6476941868772614
728.8283994184027,667.9863333333337,706,0.4952903467733295,0.2596032406123895,0.6481378800480547
730.2533110177048,668.6880000000001,707,0.4952457047617008,0.2593475978757565,0.6483960108682228
731.3402896835348,669.3683333333331,708,0.4951751128199687,0.25910652389205246,0.648567095815796
732.7583024013785,670.0409999999996,709,0.49512559392900296,0.2588431418159262,0.6488563231759324
733.8406243951949,670.7316666666668,710,0.49508024738360534,0.25863878415672253,0.6490379756675867
735.2651889335399,671.414666666667,711,0.4950220992803271,0.25840079157934104,0.6494378695919782
736.6987025960339,672.1153333333333,712,0.4949651415773191,0.25810155353000447,0.6498035631995376
738.196596684421,672.8040000000002,713,0.4949197980985854,0.2577393019560572,0.650242256784364
739.3040911135197,673.4966666666671,714,0.4948577514816027,0.25757100266750355,0.6504707359171505
740.7040582464266,674.1553333333329,715,0.4948050178285521,0.25735739277430514,0.6507056649762158
742.1014950487855,674.8333333333323,716,0.4947279419299517,0.25715096212945016,0.6509778891462973
743.2609106606286,675.5056666666665,717,0.49467489671432063,0.2568533451274316,0.6513659303253118
744.6508795476271,676.1696666666664,718,0.4946320598348878,0.2566833916332959,0.6515930926415423
746.1129345574756,676.8523333333327,719,0.4945791244151277,0.2563201523023837,0.6519652560187205
747.2677461152541,677.528666666666,720,0.4945387799063917,0.25609465197271125,0.6522748596600035
748.7486787507825,678.182666666666,721,0.494490462901949,0.2557720517890172,0.6528477581478411
750.1396962363601,678.8503333333335,722,0.49444557887171925,0.255596493050838,0.6530773718660837
751.6278320170978,679.5176666666661,723,0.49440098093259266,0.25526562462445623,0.6534582074844375
753.123327692,680.1759999999999,724,0.49433708565508333,0.2548666880822358,0.6539270799871506
754.1600547441385,680.847333333334,725,0.4942886789139931,0.25488175920410827,0.6540028010753554
755.5709612346982,681.5076666666665,726,0.4942238749441699,0.254612486588091,0.6542914075042151
756.9825889132946,682.1643333333333,727,0.4941741591947023,0.25435106107660455,0.6545354554865425
758.4992023159226,682.8333333333331,728,0.49412555317212203,0.25392012194133196,0.6549887301561562
759.9510711963835,683.4956666666665,729,0.4940768191400869,0.2535862612667528,0.6553369256902283
761.1657538942796,684.1416666666671,730,0.4940141977239128,0.2531318726073145,0.6557709538160789
762.6984514890271,684.801666666667,731,0.49396054937745987,0.2526066544192692,0.6562808736476832
764.1563465642581,685.467333333333,732,0.4939063877048741,0.2523055521459842,0.6566097950165706
765.5787626819259,686.1210000000005,733,0.49385877442450576,0.25208133402232663,0.65688952320021
767.1382203240101,686.7800000000007,734,0.4937976944309141,0.2514882910143402,0.6573970530193396
768.563738866692,687.4323333333334,735,0.49374853635496907,0.25136972193614826,0.6576065911431513
769.7319110794555,688.0816666666665,736,0.49370156631380013,0.25102408245515506,0.6579151663308116
771.1259693770173,688.725333333334,737,0.49364054039966243,0.2508897091685564,0.658062006521775
772.5784957281551,689.3793333333341,738,0.4935863481276479,0.2506261507074259,0.6583373418036458
774.107706547817,690.0289999999999,739,0.49351280595204866,0.250207820708918,0.6587999600984239
775.2454569088835,690.6703333333332,740,0.49345914694106524,0.2499666711105186,0.659028796160512
776.6748148264398,691.3053333333335,741,0.4934047777507332,0.24963027948364458,0.6591887036804946
777.8050244915588,691.9253333333334,742,0.49334882849502587,0.24939722724532848,0.6593915343915344
779.2677906597639,692.5569999999997,743,0.4932906162908192,0.2490955638561296,0.6597473454484408
780.7334136458763,693.2136666666663,744,0.4932505440787784,0.248872433524066,0.6600555368562774
782.2035763189209,693.8479999999998,745,0.49319339817389063,0.24854735741332637,0.6603641515639627
783.6960215576213,694.4696666666662,746,0.49312913770220657,0.24815728969434678,0.6607046253719232
785.0506023598352,695.1130000000002,747,0.49307505521840017,0.24809341422906148,0.660805680778226
786.1939255987655,695.734666666667,748,0.49300994215064514,0.2478875631608,0.6610589783873296
787.6911548368136,696.3453333333331,749,0.49295056018394273,0.24752315130055838,0.6614718098869672
789.1866519784087,696.9813333333328,750,0.4928662595377371,0.24719149045064104,0.6618358312079363
790.6071762255635,697.6316666666667,751,0.4928165907274997,0.24701787989431107,0.6620691424320418
792.1253056071637,698.2609999999995,752,0.49276848110313015,0.24669882863043158,0.6624707586053247
793.5895107876404,698.8806666666663,753,0.4927278613567657,0.246390504084034,0.662704309063893
794.9900201902391,699.496,754,0.49267110584455126,0.24619610612153517,0.6628634903686355
796.4987389719441,700.1243333333334,755,0.4926173484184119,0.2458439069863794,0.6632572030314016
797.9466512903512,700.7393333333331,756,0.4925599976777748,0.2456362015698424,0.6635223663600252
799.1183206515179,701.3493333333339,757,0.4925082313329303,0.24539153517180357,0.663801105164083
800.5707305597043,701.9753333333338,758,0.49244558845994557,0.24509650495565988,0.6639975656407581
802.1049438401031,702.599666666666,759,0.4923844541222562,0.244703666893341,0.6644609509860334
803.6060020343366,703.2123333333332,760,0.49233571136158005,0.2443220561237871,0.664857067925518
805.3907188456619,703.8293333333335,761,0.4922843213330868,0.24404934115357302,0.6652200976653252
806.7733498013267,704.4569999999997,762,0.492230382282033,0.2439787630533385,0.6653862381772793
808.2227556271789,705.0756666666662,763,0.49217882785134853,0.24376035534247545,0.6655973490323264
809.7409618974257,705.6966666666667,764,0.49212230431495085,0.2434960821900867,0.665983516046678
811.3077724096702,706.3160000000006,765,0.4920658802025292,0.24306016735290215,0.6664630096958428
812.8382111074724,706.9303333333332,766,0.49202047446293307,0.24269483401384698,0.6668471507189774
814.2708001682457,707.555,767,0.4919766775900751,0.24252994251748497,0.6670018330337598
815.7808715801172,708.1646666666662,768,0.4919302706522666,0.24219035807018638,0.6673239763368518
817.2766150613116,708.7603333333335,769,0.4918685635358403,0.24184357192059616,0.667632824311389
818.6774928901984,709.3836666666667,770,0.4918261982116302,0.24177321880099706,0.6677366712694798
820.1114982069379,709.989,771,0.49177962467547764,0.2415869705903502,0.6679280218594953
821.9102858071294,710.5840000000003,772,0.49173590986159377,0.2413208992206154,0.6682434563229265
823.3984781373009,711.2079999999999,773,0.4916923885203914,0.24110418360892746,0.6686184151079787
824.9066536146939,711.7863333333328,774,0.49163179557316583,0.24078837723270896,0.6689793848048984
826.4358212639693,712.3913333333337,775,0.4915852763882225,0.24051609857083192,0.6693210089527304
827.8989985678214,712.9833333333337,776,0.49154102553334095,0.24029194688896371,0.6695758215556545
829.7224530267946,713.5773333333339,777,0.4914896414723162,0.23997482303145296,0.6698989272422097
831.1812236591231,714.1723333333331,778,0.4914216242364051,0.23978201634877383,0.6701534297679351
832.6711391337245,714.7836666666668,779,0.4913801918764625,0.2395464794412568,0.6704368389213763
834.1912083157201,715.3786666666668,780,0.49131417937126154,0.23925185566252663,0.6707485117953994
835.6718495384733,715.9669999999987,781,0.491266003209724,0.23904235727440148,0.6710220994475138
837.5022234134457,716.5769999999999,782,0.491215464916751,0.23874356181579867,0.6713710793996566
839.0727019282795,717.1676666666666,783,0.4911671820584733,0.23839404709018217,0.6718310380571598
840.5947803361654,717.7603333333332,784,0.4911149534369282,0.23814826155944657,0.6721877348773765
842.4170561080973,718.3546666666672,785,0.49104512367171677,0.2379176624850046,0.6725191336612947
843.5219810689994,718.9293333333331,786,0.4909948311712005,0.23775767185896837,0.6725865124521967
845.4029996366821,719.528,787,0.49094916116410714,0.23737307627578214,0.6729435084241824
846.9711066044516,720.1096666666671,788,0.49089185749390146,0.23701968134957827,0.673336457357076
848.4105493754686,720.6979999999995,789,0.490832959893641,0.23689821990512422,0.6734582687520548
849.8836159578717,721.2876666666666,790,0.49078269272976915,0.23670605960732613,0.673666368473092
851.332787933584,721.8893333333338,791,0.49073525348071,0.23654614302306914,0.6738023966231975
852.7988218793238,722.4829999999998,792,0.49069291550030675,0.23638721647923053,0.6740031807338407
854.2624376046073,723.0496666666664,793,0.49063209621313053,0.23621576479966594,0.6742270389280087
856.1257317011201,723.6389999999997,794,0.49058398560198313,0.23588962892483348,0.674605137963844
857.6375410278913,724.2269999999999,795,0.49053636392562816,0.23557912406531356,0.6748531207080727
859.0361217700138,724.7890000000004,796,0.4905003684854612,0.23551898468037114,0.674866443036402
860.5117235390475,725.3593333333331,797,0.4904578591647909,0.23527609124513993,0.675049319109
862.4477674040853,725.9360000000006,798,0.4903940567435611,0.23487677729668496,0.6755407494167683
864.0297897657568,726.508333333333,799,0.4903404089751151,0.2344976905311778,0.6759141647421093
865.6288160935543,727.0716666666659,800,0.49028339053051617,0.2341230033181573,0.676363916968902
867.479109773629,727.6193333333341,801,0.4902434413128245,0.2338256487634081,0.6767160916538509
868.9894924772615,728.2066666666667,802,0.49018955502760475,0.233618758545786,0.6769717128421952
870.5442782285913,728.761333333333,803,0.49013315643927474,0.23329381122686985,0.6772760845902659
872.3864157225618,729.3049999999996,804,0.490090705686695,0.23301736987208838,0.677629592105135
873.90701541329,729.8460000000005,805,0.49003838258739923,0.23278227499536175,0.6779579919733617
875.394166122765,730.3973333333342,806,0.489977950985877,0.23252559259331754,0.6781988294936288
876.816230184966,730.9543333333343,807,0.48992575093522955,0.23241026043608817,0.6782819461071968
878.3707042256418,731.5206666666667,808,0.4898789674043153,0.23215286724427878,0.6785795068988916
880.1982249490217,732.076000000001,809,0.4898153831506319,0.2319149145893091,0.6788794590491962
881.7256933572507,732.6363333333327,810,0.48975788454250707,0.23163959049764812,0.6791572789438317
883.2182143458128,733.1683333333333,811,0.4897050115338045,0.23146405720737676,0.6794168333894579
885.0498190582598,733.7206666666674,812,0.4896483984747178,0.2312708432586946,0.6796589645863109
886.603873318365,734.2563333333339,813,0.4896060289320795,0.23091696104283793,0.6799542265784367
888.0639938554531,734.7973333333337,814,0.4895559470417762,0.23078457181604248,0.6801483786047625
889.9501782475851,735.3746666666665,815,0.4895094027052808,0.23054230542305423,0.6804768047680477
891.3630875525024,735.9350000000003,816,0.48946147826466635,0.2304747013070323,0.6805087803704595
892.993515306792,736.4603333333331,817,0.4894033612986962,0.23004973125031394,0.6809865876324911
894.8531934223386,736.9963333333335,818,0.48935282292480603,0.22984313764998637,0.6812883466486666
896.458001582402,737.5416666666662,819,0.48929799886391984,0.2294658184388569,0.6816924164394628
898.345613933699,738.0793333333327,820,0.4892477285954983,0.2291590752662051,0.6820417830681403
900.1536590290161,738.6333333333328,821,0.4892166027545053,0.22897362251474157,0.6821913915417482
901.6650134371467,739.1740000000007,822,0.48917383938442655,0.22877639277537523,0.6824217756296108
903.1449663818222,739.7066666666653,823,0.4891302710528298,0.22861078516402222,0.6825774195194122
905.0504410089768,740.249333333333,824,0.4890915493487885,0.2283268036702503,0.6829345635695946
906.607796553899,740.7786666666658,825,0.48903743449631976,0.2280325716864257,0.6832157361447265
908.497999625892,741.3253333333329,826,0.488984689537377,0.22774344155243154,0.6834977015867791
910.3864690909929,741.8650000000001,827,0.4889409995928127,0.22744798861832202,0.6838491515288975
912.006738796536,742.3976666666664,828,0.4888841395022856,0.22707080724808365,0.6842290129961363
913.8809674700947,742.9473333333331,829,0.4888353174379662,0.22683742455144995,0.6844775284970338
915.4792284731861,743.4506666666673,830,0.4887911077859419,0.22642802267394782,0.6848175909968648
916.8925984051989,743.9746666666662,831,0.4887429475382297,0.22641018434666754,0.6849035589003738
918.7416205592748,744.5150000000007,832,0.4887012193750047,0.2261758136233639,0.685124104962111
920.6355234970067,745.0370000000006,833,0.48865156929812104,0.2258695743166883,0.6854359382194132
922.617327840972,745.5660000000007,834,0.4885895993892474,0.22546961905761362,0.6859166754119005
924.09899508308,746.0866666666668,835,0.4885336389032437,0.22534663047823433,0.6861284689347557
925.9936294894995,746.5900000000004,836,0.48847932591933324,0.2250332187374771,0.6864256638474681
927.5386283283119,747.1156666666672,837,0.48842224810667945,0.22478669528350761,0.6866984553249527
929.4209846725564,747.630333333334,838,0.4883866938632032,0.22456203567302904,0.6869548629142512
930.9656989927877,748.139333333333,839,0.4883302911560896,0.22430641118239367,0.6871627650082848
932.8421895679066,748.7026666666669,840,0.4882888193343241,0.22407862931135458,0.6873356121351522
934.355189920097,749.2333333333326,841,0.48825236228656643,0.22386960420135776,0.6875133427266129
935.9255780894939,749.7303333333327,842,0.48819787522768976,0.2235679284445681,0.6877581152504655
937.9310728945471,750.2806666666662,843,0.48814636411119494,0.22312410199223692,0.6881152023332118
939.8898076687221,750.7943333333327,844,0.4880852347402667,0.22283245381167846,0.6885203615532604
941.8338586939253,751.3006666666656,845,0.4880325625623304,0.2226005991766709,0.688988512188288
943.6139562927159,751.8126666666665,846,0.4879805433376455,0.22249227644911101,0.6890703653293582
945.1906164645308,752.3160000000004,847,0.487926439353721,0.2222510906866725,0.6893789310729326
947.0780232519634,752.8383333333328,848,0.4878890572630088,0.22207266372132908,0.6895672090574558
948.6218282276133,753.3220000000002,849,0.4878388177232375,0.2218631675153414,0.6898746572659616
950.5430265979953,753.8623333333333,850,0.4877950214827787,0.22161130202367316,0.6901107292859869
952.4362947376503,754.3693333333339,851,0.4877464808510884,0.22139115791315378,0.6903519994751173
954.0278143827142,754.8816666666659,852,0.48770246644222576,0.22115890555117074,0.690629658861703
955.989736319749,755.4023333333332,853,0.4876520081373613,0.22082774688440998,0.6909906147658087
957.5280944244324,755.8709999999987,854,0.4876041068588436,0.2205879114829902,0.6912033469118133
959.3895239194978,756.3649999999994,855,0.4875584886881671,0.22039716969676898,0.69142630062589
961.3278141449284,756.8713333333335,856,0.4875052955886304,0.22013991897097565,0.6917686909163364
963.221329679796,757.3519999999988,857,0.48745697920378317,0.2199607133740997,0.6920660991931814
964.7449831074831,757.8279999999992,858,0.48740744217799675,0.2197485536270583,0.6922785936804627
966.6342750473198,758.3409999999991,859,0.4873706890342655,0.21957447757532503,0.6924998327348959
969.0325263789493,758.8396666666672,860,0.48732791741763914,0.2191261777822486,0.6930221641015324
970.9284705713987,759.3366666666666,861,0.48727005060069045,0.21889315755871908,0.6932718047512909
972.5173133413446,759.8323333333332,862,0.4872122856760007,0.21863038915266414,0.6935156188616134
974.4852656357258,760.3323333333325,863,0.4871753786333414,0.21835731401379216,0.6938610208007561
976.7559605438371,760.8416666666669,864,0.4871272263136734,0.21813894185744753,0.6941676915612623
979.0484091756565,761.3730000000004,865,0.48708032663804435,0.21789535593910467,0.6945053950731784
980.9848181581947,761.869666666666,866,0.4870323518284942,0.21763538417918912,0.6947887723277573
982.4884619647128,762.3559999999997,867,0.4869879205773449,0.217515923566879,0.6949272065514104
984.4202819752779,762.825333333333,868,0.48694581250494534,0.2171845058855735,0.6951820421571311
985.8380740663717,763.3043333333333,869,0.4868913458622583,0.21726850687218424,0.6953026734054474
988.137578715443,763.7829999999994,870,0.4868384563424914,0.21704386507991105,0.695707504987274
990.0667244867052,764.277666666666,871,0.4867812108082523,0.21680749554520895,0.6959475771684773
991.6354062274972,764.7416666666661,872,0.4867268662012615,0.21653452567530193,0.6961717525583111
993.9130937323774,765.2446666666651,873,0.48668495925895777,0.21631426920854996,0.696476025418833
995.4765040107382,765.7493333333337,874,0.4866327370154883,0.2161561178991256,0.6966587526782094
997.7609150636392,766.2183333333332,875,0.48658888565062475,0.21591107084364217,0.6969834245159192
999.3261034272067,766.7053333333329,876,0.48653945943737364,0.21562325321408607,0.6971422582448294
1001.2604601122797,767.1836666666663,877,0.48649346268155647,0.21540617882380422,0.6974128365356538
1003.080129758707,767.6793333333333,878,0.48644184457212475,0.2153093242167377,0.6974781061209198
1005.0148651872715,768.1596666666669,879,0.48640521355540733,0.21506828403339637,0.6977183856080978
1007.3836095821655,768.613666666667,880,0.48634994525782665,0.21473642078496927,0.6982082734913946
1009.7084263000156,769.1019999999993,881,0.4863114433585332,0.2145293194396913,0.6985803467116676
1011.5876074942114,769.5893333333335,882,0.4862750308638076,0.21438797846536117,0.698763533100633
1013.5950831540629,770.0513333333334,883,0.4862213089074132,0.21404087248401749,0.6990784120695994
1015.6119779765623,770.5420000000005,884,0.48617292135673396,0.2136196027120257,0.6993695729749019
1018.3434974906916,771.0429999999999,885,0.48611467861712204,0.2133485997805448,0.6998354086160011
1020.3879800079857,771.4970000000004,886,0.4860614913858349,0.21297347692528357,0.7002378590296786
1021.6027124484009,771.9659999999998,887,0.4860208493486104,0.21283350705052176,0.7004516646898848
1022.2129077594208,772.4566666666674,888,0.4859791919922915,0.2125024029219531,0.7006680123029604
1022.705570930255,772.932666666668,889,0.485938411869606,0.21233734939759036,0.7008072289156627
1023.1953847306534,773.3853333333338,890,0.4858752839100636,0.212200277828109,0.7009723983813493
1023.6756532233109,773.8659999999996,891,0.4858369875991159,0.2121593646719853,0.7011246564894738
1024.4677661815103,774.3243333333334,892,0.48578371800585635,0.2116280763069754,0.7016771030532498
1025.2531740533964,774.774,893,0.4857235481019032,0.21106352952626584,0.7021947006009879
1025.8347394244117,775.2133333333336,894,0.48567902356167675,0.21077349077202698,0.702460386196465
1026.4606335472959,775.680666666667,895,0.48562949629350344,0.21047677261613693,0.702799511002445
1027.003218927455,776.1689999999993,896,0.4855850240837204,0.21029795683241612,0.702999178810869
1027.588087643303,776.6120000000008,897,0.48553550784107696,0.21004925140323516,0.7032510838993355
1028.0718761469486,777.0786666666664,898,0.4854952163610655,0.20996590223666556,0.7034110072996295
1028.5961095226323,777.5363333333341,899,0.48545315385726884,0.20983145374231918,0.7036251017940428
1029.2008317871982,778.0090000000002,900,0.4854107875087745,0.2095060185815199,0.7038833149827423
1029.760409508336,778.4340000000001,901,0.4853759662741311,0.20929367568840895,0.7041174355604598
1030.3197392403627,778.8786666666672,902,0.4853246454512121,0.2090906830444837,0.7043787453067111
1030.7884371874045,779.316,903,0.48528068692282944,0.20893010732582926,0.7044987098463034
1031.2571077640432,779.7556666666668,904,0.4852407892531019,0.20879945003437284,0.7046434597837635
1031.782559070863,780.2006666666666,905,0.4852006254098599,0.2086283158118962,0.7048755121731177
1032.3561191251197,780.6640000000001,906,0.4851576788491525,0.2084071630537229,0.7051837888784166
1032.8621090277359,781.128666666667,907,0.48511808574122695,0.20825830174660942,0.7053304957751445
1033.3938149762134,781.5606666666664,908,0.4850610464365917,0.2080242240726722,0.7054756497602825
1033.9280206142487,782.0156666666663,909,0.4850044973002088,0.2077925363693865,0.7056925996204934
1034.4785678914532,782.462,910,0.4849611439629974,0.20761320264255734,0.7059711144643243
1035.017143925946,782.8910000000002,911,0.4849124282723981,0.2073792480897105,0.7061650540983815
1035.4282631434505,783.3580000000005,912,0.4848639214713491,0.20732888231996333,0.7062203761276183
1035.8754103435904,783.7966666666673,913,0.48480740209695483,0.2072765816157127,0.7063443414297755
1036.3701686387042,784.2170000000004,914,0.48476066849776317,0.2071932497663282,0.7065978668647008
1037.0432408834376,784.6786666666673,915,0.48471404242242383,0.20678235867946812,0.7070005647687015
1037.734774539212,785.1316666666665,916,0.4846701939581429,0.20636739317944824,0.7074166098072788
1038.327742064149,785.5439999999999,917,0.4846282648608847,0.20613327482285523,0.707778882019644
1038.9504886763727,785.9973333333336,918,0.4845905614878943,0.20585990556885067,0.7081042623374944
1039.5364345823778,786.4416666666668,919,0.48454028906534896,0.2056294182502108,0.7084246708606265
1040.057331579182,786.8970000000006,920,0.4844872452645972,0.2054196031518997,0.7086053103789041
1040.5414294669924,787.3330000000004,921,0.4844472928790517,0.20529904945692568,0.7088260988616953
1041.2934605502385,787.7453333333333,922,0.48439782888640165,0.20480478910426497,0.7093468571503261
1041.8430478203736,788.1870000000004,923,0.4843603503602332,0.20455856139247144,0.7095653769529202
1042.3102878000154,788.6033333333335,924,0.4843339048365043,0.20453321069574928,0.7097825372840155
1042.7543930413094,789.0233333333325,925,0.4842948301812394,0.20445205479452055,0.7099446786090622
1043.1586698781907,789.4469999999994,926,0.48425228706959467,0.2043909329742432,0.7099819134751211
1043.555616249636,789.8816666666656,927,0.4842116474912298,0.20438216965029968,0.7100385027587028
1044.095041794919,790.3029999999995,928,0.4841758041184377,0.2041517442631649,0.7102268205332272
1044.6245197819462,790.7486666666666,929,0.4841325921047472,0.2039609224430119,0.71044061939257
1045.112477603879,791.1759999999999,930,0.4840916981174336,0.20383200980653413,0.7106272984064381
1045.565068595236,791.5866666666668,931,0.4840362306817341,0.20378976043586247,0.7107737093715781
1046.1262685157476,792.0136666666663,932,0.4839879397981067,0.203518496204362,0.7110227470511842
1046.7234659613944,792.4423333333334,933,0.4839453811358928,0.20320704798485112,0.71132539181585
1047.3048288181287,792.8699999999995,934,0.4838941827679577,0.2029098641973647,0.7115977334822811
1047.731255658945,793.2736666666672,935,0.48385686602188877,0.20284438207553535,0.7117162094695795
1048.3208874560482,793.6833333333327,936,0.4838125857280655,0.2025893557726129,0.7120593089639872
1048.9140190105277,794.1073333333333,937,0.483760951763173,0.2023436546364487,0.7124004828362561
1049.4843768401222,794.5350000000012,938,0.4837242763808294,0.20206936872017292,0.7126677453126486
1049.9739890787066,794.9656666666666,939,0.48367387209615215,0.20199086384400355,0.7128928887979818
1050.6025809058694,795.3690000000008,940,0.4836308658023493,0.20168377318263198,0.7132802142984052
1051.1894586421408,795.7903333333333,941,0.4835747872406535,0.20144663479321065,0.7136183678781319
1051.8257378513952,796.1823333333338,942,0.4835212663567832,0.20110120968295594,0.7139738291065373
1052.284271732552,796.5646666666667,943,0.483474476078713,0.20100225783358117,0.714205077372102
1052.8692606036302,796.9663333333336,944,0.48342262119120605,0.2007145714640438,0.7144886951483633
1053.3758972074656,797.3899999999998,945,0.4833841112316415,0.2004649103387204,0.7146612796103609
1053.9650850953776,797.7913333333332,946,0.48334375843767385,0.20021918264295424,0.7150209472019533
1054.4962995143821,798.1853333333336,947,0.48331135104795475,0.20004728263892754,0.7152750737052901
1055.1652084280627,798.5983333333326,948,0.48326527011567105,0.19965406129252744,0.7156885993667089
1055.7691318528662,799.0143333333334,949,0.48322412652762087,0.19935641832808676,0.7160405736271425
1056.3263124379657,799.4100000000002,950,0.4831777552841406,0.19912205657545967,0.7163653703210243
1056.8896916967387,799.8140000000006,951,0.48313534949357817,0.19881864847760353,0.7165740805850503
1057.406247043208,800.2343333333332,952,0.4830895272924672,0.19864944878337606,0.7168212704767812
1057.844838564616,800.6306666666663,953,0.4830502087336508,0.19854249639861027,0.7169448916758466
1058.2824544485356,801.0113333333328,954,0.4830031782916534,0.19841505695889053,0.7170593646076558
1058.9518636529938,801.4229999999998,955,0.48295068723284573,0.19795909677968748,0.7174243176883011
1059.3899778555465,801.8416666666664,956,0.48290227425470134,0.1978794563438412,0.7175692023055577
1059.8680818867113,802.2416666666667,957,0.4828576532995091,0.19777993379751171,0.7178118936194499
1060.3388321985578,802.611666666667,958,0.4828136236484538,0.19765429450046487,0.7180433383394123
1060.8620931052717,802.9923333333337,959,0.48277839993444593,0.1974797144249792,0.7182670527855033
1061.2385983111888,803.3930000000006,960,0.48274175492164195,0.19742686695895928,0.7182778696183425
1061.8257414688285,803.8033333333334,961,0.48270587225403777,0.1971002795953074,0.7185167036577983
1062.2891932069194,804.1939999999995,962,0.4826722503316784,0.19696904029240528,0.7186755081697223
1062.8860598635765,804.576666666667,963,0.4826376013870628,0.19670065465500264,0.7190197555182203
1063.3521254904356,804.9756666666676,964,0.4825874047946283,0.1966058881598049,0.7191945880030196
1063.9019273764861,805.3773333333334,965,0.48254044124908646,0.19632044713553798,0.7194195388914764
1064.5282142735098,805.7719999999999,966,0.48250736979696285,0.1960512491244455,0.7198371468596779
1065.030653106031,806.1886666666663,967,0.4824696385682953,0.19588066518327674,0.7200638248038412
1065.4222897031136,806.5659999999995,968,0.48243252789197044,0.19578901034406868,0.7201379209155601
1065.9277113288638,806.9670000000001,969,0.4823764068281241,0.19566208367031837,0.7204029115506212
1066.5309197084753,807.3323333333332,970,0.48233488397038804,0.19538366300150342,0.7207499336733191
1067.0353243111142,807.686666666667,971,0.48229441849298244,0.19514644845870935,0.7209281715728992
1067.6335314709822,808.0750000000007,972,0.48225302955483507,0.19478922890067246,0.7211985662233019
1068.26098223055,808.4780000000009,973,0.4822090646172005,0.19448486828428024,0.7215704909269104
1068.8238056033072,808.8703333333328,974,0.48216110711369936,0.19423732345105746,0.7218675120179786
1069.4107170523791,809.2716666666666,975,0.4821280371903755,0.1940124764946423,0.7222039817329792
1069.849628901146,809.6836666666663,976,0.48209077992970917,0.1938902276571223,0.7223211746568678
1070.392216366008,810.0726666666669,977,0.4820556703058916,0.19370281992406166,0.7225849053772155
1070.7737845900476,810.454,978,0.4820182083339232,0.1936804092687331,0.7227053866987662
1071.4143354584503,810.8396666666663,979,0.48197114864803764,0.19332951358523567,0.7230481589819366
1071.9673102701604,811.231666666667,980,0.48193498433760035,0.19305060153557824,0.7232634060818572
1072.6822476192249,811.6129999999999,981,0.4818903002259563,0.19262052983141725,0.7236939761591009
1073.318052188131,811.9999999999999,982,0.48184943572469696,0.19235676529558293,0.724147882617413
1073.7183262090462,812.359666666667,983,0.4818005127943365,0.19230066394590972,0.7242949381738442
1074.5405192661274,812.7573333333327,984,0.4817643251424536,0.19181199034908225,0.7249183031487646
1075.1021100702596,813.104333333333,985,0.48172153384829924,0.19155516090511038,0.7251906059585413
1075.6453945935978,813.4700000000003,986,0.4816833364845029,0.19132277081798083,0.72548206828789
1076.0962192865409,813.8410000000005,987,0.481642344424903,0.19117692331373334,0.7256411045777792
1076.6495567261188,814.2373333333335,988,0.4815921002599012,0.19085606715220343,0.7258517466979385
1077.3633363399265,814.5903333333341,989,0.4815575063376906,0.19038556752073277,0.7262501547221191
1077.8816520161142,814.9706666666666,990,0.48150854193241044,0.19018966239163812,0.7265480824403331
1078.4188897134197,815.3460000000001,991,0.48147154565790873,0.18996672161229125,0.726790657170404
1078.9433337701546,815.727,992,0.48143022411359737,0.18976269917989336,0.7270105085908509
1079.3196466051054,816.1046666666659,993,0.48140280045039524,0.1897322824795146,0.7271063989491461
1079.7267378233205,816.4566666666664,994,0.48136323479123677,0.1896540910088751,0.7272713017844262
1080.1076655224608,816.827666666667,995,0.4813222909049378,0.18961234948281824,0.727371333354293
1080.542973123655,817.1790000000002,996,0.48128655679604987,0.1895609156649284,0.7275849573834544
1081.126023540849,817.5576666666666,997,0.4812461693371859,0.18932844431097975,0.7279480330641209
1081.5754467630827,817.9423333333332,998,0.481197431173302,0.18916863403736156,0.7280750400076054
1081.9975006613693,818.3186666666666,999,0.48116203241999983,0.1891179366642315,0.7282501667566623
1082.4306368112811,818.6986666666666,1000,0.48112297955410877,0.18894427545348857,0.7283527894124955
