estimated_true_dist,empirical_min_dist,empirical_true_dist
1.00052028548767,1.0,1
1.9997065439280235,2.0,2
3.0000669238705497,3.0,3
4.000459375895979,3.9996666666666667,4
4.99899097874945,4.999,5
5.998660602243413,5.999,6
6.998220723706972,6.9990000000000006,7
7.998794930870409,7.999,8
8.998971319698306,8.998999999999999,9
9.998014583238366,9.998999999999999,10
11.000800525690472,10.999,11
11.998401562227405,11.998333333333335,12
12.999403652543826,12.998333333333333,13
13.99487854987655,13.998333333333331,14
14.996265443631128,14.998333333333333,15
16.00104056628486,15.998333333333333,16
17.001620979040307,16.998333333333335,17
17.99983667303307,17.99833333333333,18
18.994013110860326,18.998333333333335,19
19.9966475865801,19.99833333333333,20
20.99452275164769,20.99833333333333,21
21.999025853895905,21.997666666666664,22
22.9970506620373,22.996999999999996,23
23.99624955352868,23.996999999999996,24
24.99730488079827,24.996666666666666,25
26.00090180963313,25.996666666666663,26
27.000712218046267,26.995666666666665,27
28.00271555355587,27.99566666666666,28
29.00211287210799,28.99566666666666,29
29.991185918940694,29.995333333333335,30
30.99290894627311,30.99533333333333,31
31.99647694089213,31.995333333333335,32
33.00085867585583,32.995333333333335,33
34.00209004701127,33.99533333333334,34
35.001881490346534,34.995000000000005,35
35.999361108567996,35.99433333333333,36
36.99555428728572,36.994,37
37.99235555673819,37.99400000000001,38
38.988030912666986,38.99366666666667,39
39.986906006229894,39.99366666666667,40
41.00269074495237,40.99300000000001,41
41.98211924791677,41.992000000000004,42
42.98000845196516,42.99099999999999,43
43.99854913348085,43.99033333333333,44
44.98051495845194,44.989999999999995,45
45.9993111966767,45.99,46
46.9969000792,46.99,47
47.99506213336801,47.989333333333335,48
48.99712041292125,48.989333333333335,49
49.99922805386663,49.98866666666666,50
50.99682091748401,50.98866666666667,51
51.99707910044805,51.98833333333333,52
52.99666739768571,52.98766666666667,53
53.992412912911206,53.987,54
54.9920481850044,54.986333333333334,55
55.99082129045668,55.98633333333333,56
56.98290215873848,56.986333333333334,57
57.98522368481963,57.98633333333333,58
58.99109377071557,58.98533333333334,59
59.99290801263719,59.985333333333344,60
60.992953168175774,60.98533333333333,61
61.99086492700838,61.98400000000001,62
62.99213636498317,62.983666666666664,63
63.98504396553298,63.983333333333334,64
64.97453931977157,64.98166666666668,65
65.97538869381235,65.98166666666667,66
66.98102680481591,66.98166666666665,67
67.97772393506435,67.98166666666665,68
68.97884552156654,68.98166666666667,69
69.99101665501917,69.98100000000001,70
70.98974568227895,70.981,71
71.98573762191091,71.98099999999998,72
72.98059417389727,72.98033333333332,73
73.98130944039575,73.97899999999998,74
74.97513759498288,74.97833333333335,75
75.96421235206833,75.97666666666666,76
76.96310125220722,76.97599999999998,77
77.96786432247562,77.97599999999998,78
78.97147816036504,78.97500000000001,79
79.97700571271972,79.97399999999999,80
80.98083261309009,80.97266666666667,81
81.97046166886963,81.97266666666667,82
82.97555724542657,82.97233333333334,83
83.97258661519322,83.97133333333333,84
84.96605962047633,84.97133333333333,85
85.9717706474882,85.97133333333333,86
86.97156284315348,86.97133333333332,87
87.97160500316384,87.97066666666665,88
88.97845531181436,88.97033333333333,89
89.97333824573425,89.96999999999998,90
90.97739873039153,90.96866666666665,91
91.97932597428178,91.96866666666666,92
92.97984149007374,92.96866666666665,93
93.97069388428028,93.96733333333333,94
94.97348699611362,94.96633333333331,95
95.97889182019091,95.96566666666666,96
96.98452367012719,96.96566666666665,97
97.98725263129005,97.96533333333333,98
98.98890695330498,98.96466666666666,99
99.98653085656323,99.96466666666666,100
100.98785590892568,100.96433333333333,101
101.98494916820543,101.96433333333333,102
102.97206400168757,102.96433333333331,103
103.98339557827686,103.96333333333334,104
104.98382326820948,104.963,105
105.94065964174864,105.96166666666666,106
106.94153787702226,106.95966666666666,107
107.98488990690097,107.958,108
108.97914744605681,108.95800000000001,109
109.97467727525228,109.95566666666667,110
110.96458552467841,110.95499999999998,111
111.97048583520626,111.95333333333333,112
112.9728197503179,112.95300000000002,113
113.96951704781615,113.95166666666668,114
114.96803938588263,114.95000000000002,115
115.96857554500666,115.95,116
116.96850356344336,116.94833333333331,117
117.9745719826402,117.94800000000001,118
118.92570523204216,118.94633333333334,119
119.92895857046467,119.94533333333334,120
120.92839527362413,120.94533333333335,121
121.93153091926067,121.94533333333334,122
122.93253043014279,122.94466666666669,123
123.92025352463253,123.94399999999997,124
124.92298157979343,124.94333333333334,125
125.91882920459184,125.943,126
126.96335927738437,126.94300000000003,127
127.96155330887859,127.94233333333332,128
128.96609831463203,128.94033333333334,129
129.97017427044437,129.93966666666665,130
130.91254073834648,130.93833333333336,131
131.90435943816328,131.93666666666672,132
132.9635395273158,132.9356666666667,133
133.90495495264912,133.93533333333335,134
134.96578022952548,134.93466666666666,135
135.96691380375592,135.93433333333337,136
136.96410013195245,136.9333333333333,137
137.94335405873002,137.93099999999998,138
138.9402477923189,138.93066666666672,139
139.9458178182916,139.92966666666663,140
140.9583585802059,140.92833333333337,141
141.9548324484482,141.9266666666667,142
142.95634214037173,142.92533333333327,143
143.89855807862673,143.92466666666664,144
144.9562080437762,144.92266666666666,145
145.95802224723283,145.9223333333333,146
146.88972440771468,146.92200000000003,147
147.9501455927884,147.92200000000003,148
148.95145093994682,148.91966666666664,149
149.94832178275382,149.91933333333338,150
150.95392134357047,150.91866666666667,151
151.88613784070898,151.91733333333335,152
152.95255354032267,152.91666666666666,153
153.87998598610417,153.91633333333337,154
154.88166652094122,154.91533333333336,155
155.8891860863608,155.91300000000004,156
156.89866068103635,156.91099999999994,157
157.8896109733175,157.909,158
158.88248022155196,158.90833333333333,159
159.8762931600135,159.90733333333336,160
160.86831001778936,160.90733333333333,161
161.93980485468416,161.90599999999998,162
162.9425782098074,162.90499999999997,163
163.940217380751,163.903,164
164.86576554946438,164.9023333333333,165
165.86640682991433,165.9013333333334,166
166.88195891359751,166.89999999999998,167
167.88882516852763,167.89899999999997,168
168.88875096097115,168.89666666666665,169
169.88467265142202,169.89499999999998,170
170.89415649458826,170.89466666666667,171
171.89845326770035,171.89299999999997,172
172.90150275960164,172.89266666666668,173
173.90290142001578,173.89166666666665,174
174.90264077932275,174.88866666666667,175
175.8951541576539,175.887,176
176.89412716423013,176.88599999999997,177
177.89838162610945,177.88566666666665,178
178.90175763466777,178.88500000000002,179
179.8982706571371,179.88266666666664,180
180.9148256786159,180.8816666666667,181
181.92052939059153,181.87866666666667,182
182.9177449018684,182.87733333333333,183
183.84158644579168,183.876,184
184.84454419630063,184.87366666666668,185
185.84218372549458,185.8733333333333,186
186.83949935955772,186.8696666666667,187
187.83146838601337,187.86799999999994,188
188.8287205767181,188.86466666666664,189
189.82161414079732,189.86399999999995,190
190.82180883219564,190.86066666666667,191
191.82609816790207,191.86,192
192.8161359432717,192.85900000000004,193
193.81247035034625,193.85566666666665,194
194.81471188324556,194.85433333333327,195
195.80790528492156,195.85366666666664,196
196.82016494407847,196.84900000000002,197
197.81425106318554,197.84566666666666,198
198.81100271747178,198.84433333333334,199
199.7994588457886,199.84266666666662,200
200.79341334962794,200.84099999999998,201
201.88481305916895,201.83966666666663,202
202.87801415385903,202.83766666666662,203
203.88243980078607,203.83566666666675,204
204.8738268667794,204.83466666666672,205
205.87542789535013,205.83433333333332,206
206.87315652611872,206.83233333333337,207
207.78310989782844,207.83000000000004,208
208.779391408495,208.82833333333338,209
209.77956233182553,209.82666666666668,210
210.78219387381233,210.825,211
211.7932464170446,211.82300000000004,212
212.7925914546806,212.82066666666665,213
213.80447631947348,213.818,214
214.79515001896155,214.81633333333335,215
215.783724266142,215.8146666666666,216
216.78092190218467,216.8119999999999,217
217.77560849417785,217.80966666666666,218
218.77707868557144,218.8083333333333,219
219.77789712632176,219.806,220
220.75879093944286,220.80233333333337,221
221.7568199453636,221.80100000000002,222
222.75334816207874,222.7976666666667,223
223.7525232818445,223.796,224
224.74769446833378,224.794,225
225.75466745744123,225.79299999999998,226
226.75221942968702,226.79199999999994,227
227.74323995057935,227.79066666666668,228
228.7441989922738,228.7896666666667,229
229.75742000739473,229.7853333333333,230
230.7467505622359,230.78500000000003,231
231.74289427037402,231.78266666666667,232
232.75739253171602,232.78166666666672,233
233.74834395070778,233.78033333333335,234
234.7486402660271,234.77933333333334,235
235.74716680513598,235.77833333333342,236
236.73928752281267,236.77466666666672,237
237.73487654158265,237.77300000000005,238
238.74110569732892,238.77133333333336,239
239.7328994169519,239.76933333333335,240
240.74526326221476,240.76699999999997,241
241.74211250325618,241.7666666666667,242
242.73207305001065,242.76499999999996,243
243.73841371138258,243.76000000000002,244
244.7164577726247,244.7586666666667,245
245.8113655499934,245.75533333333334,246
246.6981647726237,246.75366666666665,247
247.80146246498458,247.752,248
248.80480935020225,248.75033333333332,249
249.80120645531227,249.74999999999997,250
250.70432001780665,250.74833333333333,251
251.71175362442025,251.746,252
252.70837616813301,252.74233333333336,253
253.70868843365432,253.74066666666664,254
254.69707955051942,254.73666666666662,255
255.67929457356604,255.73566666666667,256
256.68189185267204,256.734,257
257.6823980072674,257.7330000000001,258
258.68338084361073,258.73200000000014,259
259.68032446019754,259.72866666666664,260
260.67837785882983,260.72433333333333,261
261.6788330115935,261.72299999999984,262
262.6737178732078,262.7190000000001,263
263.6860994766697,263.71700000000016,264
264.6883810173205,264.71233333333345,265
265.6893934255151,265.7093333333335,266
266.67831176835347,266.70500000000015,267
267.69581298865097,267.702,268
268.70273920703397,268.70000000000016,269
269.7012271897696,269.6966666666666,270
270.7125328420665,270.69466666666665,271
271.69256190080495,271.6906666666665,272
272.68365104038776,272.6873333333333,273
273.6718901549077,273.68466666666666,274
274.67688648237015,274.68266666666665,275
275.67642877589424,275.68033333333346,276
276.6796708759335,276.67733333333337,277
277.6700069581193,277.6743333333334,278
278.69400104862035,278.6719999999999,279
279.67969350439574,279.6666666666668,280
280.6751985942258,280.663,281
281.6735195561934,281.6623333333332,282
282.6781747987034,282.65733333333344,283
283.676869273663,283.6539999999998,284
284.688284590027,284.6533333333333,285
285.6855860654939,285.6503333333331,286
286.6850426554549,286.6473333333332,287
287.6886428477831,287.64233333333306,288
288.5747467800591,288.6383333333332,289
289.5818393059688,289.6356666666665,290
290.58247606200763,290.63300000000004,291
291.5808414911227,291.62766666666676,292
292.58113556878425,292.62266666666676,293
293.5909001292084,293.6173333333334,294
294.58973808147147,294.6139999999999,295
295.5933895941136,295.61066666666676,296
296.594304329515,296.60766666666666,297
297.5811202953957,297.60366666666675,298
298.57607326950273,298.60099999999994,299
299.5767298526337,299.59766666666656,300
300.5694881145214,300.59366666666654,301
301.5621419590663,301.5900000000001,302
302.5452967509737,302.58733333333333,303
303.5374991824185,303.5836666666667,304
304.5324988152399,304.58,305
305.5397175025294,305.5786666666667,306
306.53472350266816,306.574,307
307.5300593969373,307.56899999999996,308
308.5268472135365,308.5656666666665,309
309.5221623075658,309.5616666666666,310
310.51802481293333,310.5556666666666,311
311.5148840913935,311.5516666666667,312
312.5129654913603,312.5446666666664,313
313.5079777645508,313.542,314
314.48295356161316,314.5393333333332,315
315.48716494401407,315.53566666666643,316
316.48784785852797,316.5306666666664,317
317.482042455473,317.526,318
318.47426601578377,318.5170000000001,319
319.48199791396985,319.51266666666675,320
320.4809542107692,320.507,321
321.48180167985464,321.5033333333332,322
322.4747497645501,322.4973333333332,323
323.4773255837675,323.4943333333333,324
324.4808826671114,324.4896666666666,325
325.4822236088625,325.4869999999999,326
326.4728822451088,326.4803333333332,327
327.3268434003407,327.4783333333334,328
328.3245222993831,328.473,329
329.33141077899404,329.4673333333333,330
330.32276670852315,330.46133333333324,331
331.3251675404687,331.4533333333333,332
332.3131419346047,332.4479999999998,333
333.31699766331803,333.4423333333333,334
334.3167534098884,334.4390000000002,335
335.30225990185,335.4310000000001,336
336.2891529006278,336.42566666666676,337
337.2686643156427,337.421,338
338.2728760893983,338.4113333333333,339
339.25954651215557,339.4070000000001,340
340.2399630067932,340.4006666666667,341
341.244908408104,341.39233333333357,342
342.24894744373654,342.388666666667,343
343.23467323413996,343.3776666666666,344
344.2394219999659,344.37133333333327,345
345.2272143768642,345.3683333333334,346
346.2180092617894,346.36266666666677,347
347.2076204237919,347.3556666666668,348
348.20699604652026,348.3473333333335,349
349.18886585775186,349.3410000000001,350
350.185167815141,350.3356666666668,351
351.1865900502599,351.32933333333347,352
352.18916699384897,352.3226666666667,353
353.1863433869513,353.3149999999999,354
354.17716436739585,354.30433333333315,355
355.17122622934653,355.29633333333334,356
356.01253435217455,356.28866666666664,357
357.0141260176692,357.28099999999984,358
358.03073133576385,358.2733333333334,359
359.02968327395877,359.2640000000001,360
360.0328324607326,360.2536666666664,361
361.0314661162962,361.2496666666667,362
362.0437350239547,362.244,363
363.03897588133617,363.2343333333334,364
364.04148333804983,364.22499999999974,365
365.03093028178836,365.2166666666668,366
366.0290613601793,366.213666666667,367
366.8686691513829,367.20500000000004,368
367.8764923673481,368.1990000000001,369
368.8702639253843,369.1883333333333,370
369.86823157020325,370.1793333333333,371
370.8561402961452,371.1729999999999,372
371.8603712366164,372.1636666666666,373
372.852387437768,373.1570000000002,374
373.8598033247042,374.1463333333331,375
374.8471096295195,375.1406666666666,376
375.82905449220453,376.1313333333335,377
376.82713092189675,377.12533333333323,378
377.8234382159005,378.11666666666673,379
378.8014482572844,379.1066666666667,380
379.78723026362957,380.1019999999999,381
380.7750457434609,381.0909999999998,382
381.76849840721917,382.08333333333326,383
382.7647171515885,383.0716666666666,384
383.7526437180199,384.0596666666667,385
384.572996810499,385.0486666666667,386
385.56004996533034,386.03733333333355,387
386.55660523082923,387.0259999999998,388
387.54796916403546,388.0176666666665,389
388.5251910982487,389.00933333333296,390
389.50538954045777,389.9969999999998,391
390.4996966472298,390.98633333333316,392
391.4943473128352,391.9750000000001,393
392.5033942120946,392.96399999999977,394
393.5081977589674,393.95399999999995,395
394.5080156233742,394.9410000000001,396
395.4899546740615,395.9303333333334,397
396.49311651648026,396.92233333333337,398
397.4771513198767,397.9109999999998,399
398.3170055639318,398.8990000000001,400
399.31009598491545,399.88933333333307,401
400.2969204064367,400.87599999999964,402
401.2850281026325,401.85933333333304,403
402.2766190586482,402.8506666666664,404
403.27659141048684,403.838,405
404.2896157750803,404.82633333333297,406
405.2919577953454,405.8163333333333,407
406.29805489882926,406.8073333333335,408
407.2853333976961,407.7946666666667,409
408.2792895143331,408.7813333333333,410
409.26739848875144,409.7703333333334,411
410.09032018384977,410.75366666666685,412
411.0828414767812,411.7436666666667,413
412.08945303357046,412.73133333333345,414
413.0825662023445,413.71766666666673,415
414.0764600806445,414.7006666666667,416
415.0871935443694,415.68433333333365,417
416.07994095492927,416.6636666666667,418
417.0695024014563,417.6496666666665,419
418.068252858712,418.6309999999997,420
418.87541492013526,419.60899999999987,421
419.87014883746684,420.59166666666664,422
420.8803006158261,421.581,423
421.8611814433322,422.5586666666664,424
422.8485243872782,423.54033333333336,425
423.84931350093314,424.52233333333345,426
424.85087558879945,425.50400000000013,427
425.8414904278833,426.4870000000002,428
426.82412148598604,427.47700000000003,429
427.8044903552427,428.462,430
428.7918387914761,429.44666666666666,431
429.78518160069956,430.43299999999965,432
430.7817769961368,431.4129999999998,433
431.7635831478836,432.3953333333335,434
432.7553960017336,433.37233333333364,435
433.5547141210557,434.35266666666627,436
434.56925321992264,435.33266666666697,437
435.5576653789155,436.3119999999996,438
436.55410373375275,437.29000000000013,439
437.54120786045337,438.26833333333343,440
438.5449156391791,439.252666666667,441
439.53902808302627,440.23066666666693,442
440.5447296113838,441.2106666666669,443
441.541575578103,442.18733333333313,444
442.349576491905,443.16366666666664,445
443.33842419592366,444.1473333333333,446
444.3097489664168,445.12500000000006,447
445.3109095904362,446.1023333333331,448
446.30138392305685,447.0776666666665,449
447.301457826001,448.0503333333333,450
448.2903114982151,449.0233333333335,451
449.27986968950637,450.0009999999999,452
450.2762424231297,450.97899999999976,453
451.26440963426785,451.9493333333331,454
452.26781250599794,452.928,455
453.2533022380318,453.9073333333333,456
454.2540442917416,454.87799999999993,457
455.2393896626245,455.855,458
456.03873654573334,456.8249999999997,459
457.02639790321234,457.79866666666635,460
458.0193578390575,458.77866666666637,461
459.01403669473075,459.7503333333333,462
460.01659748072956,460.72533333333314,463
461.0219193969173,461.6909999999999,464
462.0297498803819,462.66166666666663,465
463.0045749474199,463.63000000000005,466
463.99808393494675,464.5980000000002,467
465.0082600893606,465.56999999999977,468
466.0000502989273,466.5353333333335,469
466.7977852593716,467.50500000000034,470
467.79653206739783,468.47633333333346,471
468.78768809566765,469.4456666666671,472
469.78184283120214,470.41066666666694,473
470.77226645664484,471.3676666666669,474
471.76231729715965,472.3293333333332,475
472.7556247200015,473.30000000000007,476
473.7459616394348,474.27066666666656,477
474.7343576635114,475.2400000000002,478
475.7197647256013,476.1983333333334,479
476.69722553921144,477.1613333333336,480
477.69851038036967,478.12266666666704,481
478.6730784556353,479.08799999999997,482
479.6670637774018,480.05033333333364,483
480.6687566681539,481.0153333333329,484
481.47429526618737,481.9830000000006,485
482.458671055835,482.94199999999967,486
483.4407985541871,483.9029999999994,487
484.4502813341973,484.86766666666637,488
485.43473213036555,485.82199999999955,489
486.43240913308057,486.769,490
487.4207496703156,487.7216666666663,491
488.4265479206052,488.67900000000014,492
489.4172130012526,489.6329999999999,493
490.40402973322654,490.58766666666673,494
491.37855008262824,491.5453333333335,495
492.37134602824295,492.4976666666667,496
493.36661781631545,493.4503333333337,497
494.3696551866274,494.40733333333367,498
495.3907916620661,495.36833333333334,499
496.36653306701857,496.3220000000004,500
497.15940555222875,497.27933333333306,501
498.1482202122163,498.2250000000003,502
499.1458692328761,499.1673333333335,503
500.16086962247226,500.1093333333334,504
501.15765214512425,501.0633333333337,505
502.14920097861534,502.00933333333325,506
503.1418893221292,502.95800000000025,507
504.1325205404739,503.9076666666671,508
505.1197537579748,504.8586666666664,509
506.12759723712094,505.79799999999983,510
507.13206134855477,506.74633333333304,511
508.12190715622194,507.68733333333324,512
509.1091353107195,508.6196666666666,513
510.1001636432213,509.56199999999995,514
511.07999087269263,510.4993333333333,515
511.86941101414294,511.44066666666663,516
512.8734243750354,512.3876666666666,517
513.8605886304534,513.3190000000004,518
514.8620398341516,514.2593333333331,519
515.8899180681404,515.2006666666668,520
516.8944755169182,516.137,521
517.8772677164583,517.073333333333,522
518.886515212535,518.0193333333332,523
519.8691051446516,518.9526666666671,524
520.8557664262078,519.8793333333344,525
521.8500220969887,520.7940000000001,526
522.8570307169776,521.7263333333339,527
523.8589463767839,522.657666666667,528
524.8400317397153,523.5870000000007,529
525.8284471224476,524.5160000000002,530
526.8372419697762,525.4436666666666,531
527.8330394812867,526.379,532
528.634623513934,527.3073333333333,533
529.6282598997993,528.2370000000002,534
530.6216393485436,529.1606666666677,535
531.617211881153,530.0826666666667,536
532.6054334173294,530.9889999999997,537
533.611945954655,531.9049999999995,538
534.6061906496254,532.8270000000007,539
535.6012607134109,533.7433333333338,540
536.5862082117278,534.6596666666668,541
537.5779886331538,535.5773333333334,542
538.5749719360824,536.4890000000004,543
539.5714069188944,537.4053333333334,544
540.5648184591153,538.3213333333333,545
541.560143775961,539.2309999999997,546
542.5587607159254,540.1420000000005,547
543.5317693013443,541.0580000000004,548
544.5077577743721,541.9616666666665,549
545.5035523198268,542.884666666667,550
546.4949137083522,543.7756666666669,551
547.4862480152532,544.6776666666666,552
548.4897163567688,545.5890000000002,553
549.4796163224663,546.4883333333332,554
550.4805560150081,547.3929999999997,555
551.2702228676011,548.2893333333332,556
552.2613904897746,549.1813333333326,557
553.244193679651,550.0820000000004,558
554.2347163375102,550.9880000000006,559
555.2279726175158,551.8790000000009,560
556.2072771330023,552.7696666666665,561
557.2051653859423,553.6623333333329,562
558.1979980649339,554.5493333333329,563
559.1966358303614,555.4416666666662,564
560.1857410334187,556.3123333333336,565
561.1772985127277,557.2069999999999,566
562.1682371091675,558.096666666666,567
563.1568744086222,558.9833333333335,568
564.1468426664218,559.8703333333335,569
565.148792209501,560.7506666666659,570
566.1389102416472,561.6343333333331,571
567.1320426388422,562.5106666666671,572
568.1450508529747,563.3859999999995,573
569.1287774677184,564.2563333333335,574
570.129015982293,565.1360000000006,575
571.115670513307,566.0060000000011,576
572.112945518595,566.8853333333325,577
572.8909957480774,567.7650000000004,578
573.876251995834,568.6263333333324,579
574.8560433628221,569.4953333333336,580
575.8540988869423,570.3599999999997,581
576.8393417239535,571.2250000000007,582
577.8377869115616,572.0870000000007,583
578.8293454680942,572.9509999999997,584
579.8100278292545,573.8173333333335,585
580.7959837500327,574.6773333333333,586
581.7815427124372,575.5520000000004,587
582.77068183455,576.4163333333335,588
583.7756427538282,577.2716666666669,589
584.770263632993,578.1260000000009,590
585.7815919087848,578.9763333333334,591
586.7723009162115,579.8376666666669,592
587.7546129476098,580.6983333333336,593
588.732505089889,581.5430000000003,594
589.7268375009079,582.3996666666667,595
590.7224815664846,583.2633333333337,596
591.7145695814444,584.1186666666662,597
592.6861793659481,584.9639999999999,598
593.6765594725786,585.8116666666665,599
594.6670922069898,586.6586666666672,600
595.6681198806186,587.5033333333333,601
596.6632746326876,588.3376666666675,602
597.6770032025262,589.1903333333336,603
598.6690236950004,590.0223333333337,604
599.6649370922406,590.8666666666671,605
600.6506140448876,591.6970000000002,606
601.6534577550559,592.5396666666667,607
602.6385421255493,593.3586666666667,608
603.6463109933248,594.1989999999998,609
604.6470048628139,595.0340000000002,610
605.3931356665669,595.8523333333333,611
606.6259305756156,596.6843333333336,612
607.620370090174,597.5233333333331,613
608.6071008268381,598.3539999999999,614
609.6122576068542,599.1873333333336,615
610.5864380734105,599.9983333333331,616
611.347548693132,600.818333333333,617
612.3338832733023,601.6356666666668,618
613.329653348999,602.4646666666667,619
614.3205875767792,603.2799999999996,620
615.3055045234557,604.0956666666666,621
616.3019164788163,604.9169999999993,622
617.2937681141037,605.7333333333333,623
618.2845577781261,606.5389999999995,624
619.2693023065772,607.3383333333333,625
620.2497436003147,608.1423333333324,626
621.2376023806829,608.933666666667,627
622.2243811969608,609.7396666666673,628
623.214482438612,610.5493333333336,629
624.1887996831781,611.3286666666659,630
625.1905510914844,612.1246666666664,631
626.1885827513538,612.9273333333335,632
627.1855363717439,613.7393333333329,633
628.1536788247441,614.5180000000001,634
629.1478497589502,615.3026666666674,635
630.1385641267929,616.1143333333334,636
631.134978135384,616.912333333333,637
632.1104696153949,617.7026666666665,638
633.112965651099,618.4990000000003,639
634.0897688410298,619.2553333333333,640
635.0891683851992,620.0436666666664,641
636.0803409361674,620.8273333333336,642
637.0596993014353,621.6123333333336,643
638.0417836208327,622.3903333333332,644
639.0224321618434,623.169,645
640.0290400962467,623.9563333333329,646
640.756920500696,624.7133333333328,647
641.741921522908,625.479666666666,648
642.7260771692856,626.2283333333335,649
643.7455219773251,627.0296666666666,650
644.7220256899069,627.7776666666664,651
645.7224913453928,628.5466666666664,652
646.7158387547315,629.3183333333335,653
647.6999515849288,630.0790000000004,654
648.6826021049203,630.8343333333333,655
649.694094600354,631.6029999999994,656
650.6810363677938,632.3786666666662,657
651.6565920688785,633.137666666667,658
652.6132122956757,633.8839999999998,659
653.6056414290402,634.6363333333331,660
654.5869615765639,635.3973333333336,661
655.575839199871,636.1463333333327,662
656.5505629880965,636.9033333333329,663
657.544922310023,637.6580000000001,664
658.5254124369965,638.3983333333331,665
659.5231546929912,639.1440000000006,666
660.5182081759262,639.9003333333333,667
661.5269247798012,640.6603333333331,668
662.5017315252461,641.3949999999998,669
663.4868491925968,642.1469999999997,670
664.4774413868905,642.8986666666667,671
665.204585817345,643.6300000000001,672
666.1958390141637,644.369666666667,673
667.1944080070142,645.1070000000002,674
668.20578971464,645.851666666667,675
669.1955737827906,646.5893333333328,676
670.2106784119969,647.3349999999999,677
671.2142265001203,648.0903333333332,678
672.2199357784355,648.8120000000002,679
673.2330068401573,649.5283333333335,680
673.9562886343019,650.2560000000004,681
675.2111736313318,650.9926666666663,682
676.19610938691,651.7256666666668,683
676.9197660903626,652.444333333333,684
677.9154439874796,653.1643333333338,685
678.8960739513926,653.8563333333326,686
679.8800564422072,654.561666666667,687
680.8600165918253,655.3090000000004,688
681.851024290083,656.0343333333334,689
682.8432470223232,656.7546666666665,690
683.8493245680544,657.467,691
684.8470753040558,658.1713333333335,692
685.8408001984706,658.8890000000004,693
686.8073137715685,659.5806666666663,694
687.7852040405938,660.286666666667,695
688.7859464218643,661.0213333333331,696
689.7919390047251,661.728666666666,697
690.7814952452794,662.4329999999997,698
691.7787702468286,663.1509999999998,699
692.7713625980111,663.8526666666668,700
693.7412397852877,664.5490000000001,701
694.7250361116356,665.2253333333333,702
695.4489953667879,665.9150000000005,703
696.4383406353292,666.6243333333337,704
697.4214082163031,667.3090000000001,705
698.4041053532452,667.9863333333337,706
699.4076466917286,668.6880000000001,707
700.3902359749952,669.3683333333331,708
701.3799479034063,670.0409999999996,709
702.3533411530232,670.7316666666668,710
703.3344762130835,671.414666666667,711
704.3174179041819,672.1153333333333,712
705.3303817559101,672.8040000000002,713
706.3295148105376,673.4966666666671,714
707.3176086696008,674.1553333333329,715
708.3053189303089,674.8333333333323,716
709.2932718116538,675.5056666666665,717
710.0005424503508,676.1696666666664,718
711.2636016954482,676.8523333333327,719
711.9941250378477,677.528666666666,720
712.9641770948189,678.182666666666,721
713.9429568973304,678.8503333333335,722
714.9522729141345,679.5176666666661,723
715.9432080057537,680.1759999999999,724
716.9312156460545,680.847333333334,725
717.9023599678975,681.5076666666665,726
718.8781407389085,682.1643333333333,727
719.875685992857,682.8333333333331,728
720.8512620464828,683.4956666666665,729
721.8435522635936,684.1416666666671,730
722.8230425404441,684.801666666667,731
723.8132333722763,685.467333333333,732
724.792188969845,686.1210000000005,733
725.7815388322736,686.7800000000007,734
726.5185194839679,687.4323333333334,735
727.50296042105,688.0816666666665,736
728.5026060600026,688.725333333334,737
729.500244989739,689.3793333333341,738
730.5048194115014,690.0289999999999,739
731.4990722571047,690.6703333333332,740
732.4810574433536,691.3053333333335,741
733.1939469978673,691.9253333333334,742
734.1728698542134,692.5569999999997,743
735.1731468077926,693.2136666666663,744
736.1614469934049,693.8479999999998,745
737.151552324919,694.4696666666662,746
738.1286790981096,695.1130000000002,747
739.1304327629712,695.734666666667,748
740.1101883278848,696.3453333333331,749
740.8311264514936,696.9813333333328,750
742.0966763187395,697.6316666666667,751
742.8162211363515,698.2609999999995,752
743.803897549312,698.8806666666663,753
744.7788386116003,699.496,754
745.7665530757096,700.1243333333334,755
746.7580095963535,700.7393333333331,756
747.7609857759645,701.3493333333339,757
748.7531483644825,701.9753333333338,758
749.7386864509426,702.599666666666,759
750.7042777700351,703.2123333333332,760
751.6813776619161,703.8293333333335,761
752.65798517486,704.4569999999997,762
753.6516617956245,705.0756666666662,763
754.6604917718076,705.6966666666667,764
755.6529093173885,706.3160000000006,765
756.3557122800819,706.9303333333332,766
757.3514836789221,707.555,767
758.3409048258637,708.1646666666662,768
759.3236329243161,708.7603333333335,769
760.320571045059,709.3836666666667,770
761.3023088138981,709.989,771
762.2864879858415,710.5840000000003,772
763.2652495972521,711.2079999999999,773
764.2487435756999,711.7863333333328,774
765.2592909452476,712.3913333333337,775
766.2385025997669,712.9833333333337,776
767.2277109332235,713.5773333333339,777
768.2183865950634,714.1723333333331,778
769.2085565932412,714.7836666666668,779
769.9243678968993,715.3786666666668,780
770.9152590698026,715.9669999999987,781
771.9013530775746,716.5769999999999,782
772.8941867690454,717.1676666666666,783
773.892783076764,717.7603333333332,784
774.8958314709915,718.3546666666672,785
775.8871346061294,718.9293333333331,786
776.887515916215,719.528,787
777.8910321712054,720.1096666666671,788
778.6061579101254,720.6979999999995,789
779.6021114569984,721.2876666666666,790
780.5998674225833,721.8893333333338,791
781.5944466962263,722.4829999999998,792
782.5855081073845,723.0496666666664,793
783.5700486650495,723.6389999999997,794
784.5567061864443,724.2269999999999,795
785.5548106868863,724.7890000000004,796
786.5377181817112,725.3593333333331,797
787.5434234633859,725.9360000000006,798
788.5439326377374,726.508333333333,799
789.2460443963085,727.0716666666659,800
790.2178308278083,727.6193333333341,801
791.2224868166344,728.2066666666667,802
792.2252728423562,728.761333333333,803
793.1913451583416,729.3049999999996,804
794.1755974967581,729.8460000000005,805
794.8519567429395,730.3973333333342,806
795.8388505486848,730.9543333333343,807
796.850702651994,731.5206666666667,808
797.8304289372144,732.076000000001,809
798.8210098140063,732.6363333333327,810
799.8076571498402,733.1683333333333,811
800.5122358647908,733.7206666666674,812
801.491437204764,734.2563333333339,813
802.4730840770337,734.7973333333337,814
803.4814797321113,735.3746666666665,815
804.4778420542347,735.9350000000003,816
805.462142522042,736.4603333333331,817
806.1610009567863,736.9963333333335,818
807.1496449133275,737.5416666666662,819
808.1309296466402,738.0793333333327,820
809.1160200473217,738.6333333333328,821
810.1059404397109,739.1740000000007,822
811.0959487302117,739.7066666666653,823
812.0863831814991,740.249333333333,824
813.0803021322625,740.7786666666658,825
813.7778159060204,741.3253333333329,826
815.0510468823584,741.8650000000001,827
815.7468964266919,742.3976666666664,828
816.7497757531652,742.9473333333331,829
817.7213784984767,743.4506666666673,830
818.7066814838284,743.9746666666662,831
819.6876128286169,744.5150000000007,832
820.665870179019,745.0370000000006,833
821.6537591775577,745.5660000000007,834
822.6365814931463,746.0866666666668,835
823.3111184510693,746.5900000000004,836
824.2972474364722,747.1156666666672,837
825.2892671052779,747.630333333334,838
826.2885616611456,748.139333333333,839
827.2985799041653,748.7026666666669,840
828.2798212588335,749.2333333333326,841
828.9692640226066,749.7303333333327,842
829.9810003319765,750.2806666666662,843
830.9838751115727,750.7943333333327,844
831.9668411602518,751.3006666666656,845
832.9495075319745,751.8126666666665,846
833.942914343404,752.3160000000004,847
834.6532307823016,752.8383333333328,848
835.6230443585587,753.3220000000002,849
836.6357459635585,753.8623333333333,850
837.6326154722095,754.3693333333339,851
838.6402749294574,754.8816666666659,852
839.6286038120835,755.4023333333332,853
840.2979015312732,755.8709999999987,854
841.2742813380066,756.3649999999994,855
842.2659556567771,756.8713333333335,856
843.2507256849864,757.3519999999988,857
843.9113928171997,757.8279999999992,858
844.9081557710574,758.3409999999991,859
845.8861734928353,758.8396666666672,860
846.8704773390934,759.3366666666666,861
847.8725803314561,759.8323333333332,862
848.8656655106398,760.3323333333325,863
849.8605310552264,760.8416666666669,864
850.8547344841903,761.3730000000004,865
851.843729018483,761.869666666666,866
852.8344973747037,762.3559999999997,867
853.4897121640375,762.825333333333,868
854.4771340651042,763.3043333333333,869
855.4582672620404,763.7829999999994,870
856.4600985033137,764.277666666666,871
857.4352959760662,764.7416666666661,872
858.4189185915277,765.2446666666651,873
859.4345299420315,765.7493333333337,874
860.0950246772414,766.2183333333332,875
861.0759948251979,766.7053333333329,876
862.0654148156482,767.1836666666663,877
863.0590735932038,767.6793333333333,878
864.0435803792165,768.1596666666669,879
865.0090339604998,768.613666666667,880
866.001295203817,769.1019999999993,881
866.98261130152,769.5893333333335,882
867.9759422099166,770.0513333333334,883
868.9568952371068,770.5420000000005,884
869.9562514984963,771.0429999999999,885
870.9386107129066,771.4970000000004,886
871.6120961326482,771.9659999999998,887
872.6123068275966,772.4566666666674,888
873.9058518283726,772.932666666668,889
874.578297139349,773.3853333333338,890
875.5806451125248,773.8659999999996,891
876.5719730830979,774.3243333333334,892
877.2442646606052,774.774,893
878.2203923521676,775.2133333333336,894
879.2114589228446,775.680666666667,895
880.212501510134,776.1689999999993,896
881.2131884664104,776.6120000000008,897
881.8887727272302,777.0786666666664,898
882.8838670381285,777.5363333333341,899
883.8714406767601,778.0090000000002,900
884.8614960594572,778.4340000000001,901
885.5363161937103,778.8786666666672,902
886.5089146796331,779.316,903
887.4814646174955,779.7556666666668,904
888.4611398001927,780.2006666666666,905
889.4422098982949,780.6640000000001,906
890.4415626641959,781.128666666667,907
891.1255198438942,781.5606666666664,908
892.1084362275844,782.0156666666663,909
893.095270166092,782.462,910
894.0853083488399,782.8910000000002,911
895.0742309870137,783.3580000000005,912
895.7546427783653,783.7966666666673,913
896.7378690740975,784.2170000000004,914
897.7141870220637,784.6786666666673,915
898.6987569569034,785.1316666666665,916
899.676769437063,785.5439999999999,917
900.6775200008556,785.9973333333336,918
901.6702756461759,786.4416666666668,919
902.6637149798793,786.8970000000006,920
903.6349916999034,787.3330000000004,921
904.2890184029801,787.7453333333333,922
905.2733720475221,788.1870000000004,923
906.25730426803,788.6033333333335,924
907.2288157119215,789.0233333333325,925
908.2188020860555,789.4469999999994,926
908.8894657582455,789.8816666666656,927
909.8824089906262,790.3029999999995,928
910.876393270177,790.7486666666666,929
911.8644898466554,791.1759999999999,930
912.5506975314931,791.5866666666668,931
913.5359164686666,792.0136666666663,932
914.5163172650178,792.4423333333334,933
915.5039539304505,792.8699999999995,934
916.1593193744075,793.2736666666672,935
917.1403804625237,793.6833333333327,936
918.1330830623345,794.1073333333333,937
919.1132593034847,794.5350000000012,938
920.1164603450968,794.9656666666666,939
920.7705909098527,795.3690000000008,940
921.7653762901455,795.7903333333333,941
922.7567884339791,796.1823333333338,942
923.3951791973053,796.5646666666667,943
924.3876868431227,796.9663333333336,944
925.3576674556125,797.3899999999998,945
926.3349088918549,797.7913333333332,946
926.994011495119,798.1853333333336,947
927.9712268918919,798.5983333333326,948
928.9457595508683,799.0143333333334,949
929.9157561240562,799.4100000000002,950
930.9063339229853,799.8140000000006,951
931.893498699119,800.2343333333332,952
932.8772418961964,800.6306666666663,953
933.5318661635789,801.0113333333328,954
934.5085392494732,801.4229999999998,955
935.5010433201018,801.8416666666664,956
936.4830717478833,802.2416666666667,957
937.1229507593023,802.611666666667,958
938.1186669571948,802.9923333333337,959
939.1116942544843,803.3930000000006,960
940.1023975318349,803.8033333333334,961
940.7553544390134,804.1939999999995,962
941.7363428095649,804.576666666667,963
942.4101126904546,804.9756666666676,964
943.3962769509029,805.3773333333334,965
944.3745015008914,805.7719999999999,966
945.3563373357821,806.1886666666663,967
946.3283463632205,806.5659999999995,968
947.3275047440201,806.9670000000001,969
947.9824762597113,807.3323333333332,970
948.9621462743087,807.686666666667,971
949.9443120353463,808.0750000000007,972
950.6022847870585,808.4780000000009,973
951.5892548502006,808.8703333333328,974
952.5817322042383,809.2716666666666,975
953.5707201061109,809.6836666666663,976
954.5686032751955,810.0726666666669,977
955.5453336281533,810.454,978
956.544114827497,810.8396666666663,979
957.5360133709133,811.231666666667,980
958.1991672054852,811.6129999999999,981
959.1797006687407,811.9999999999999,982
960.1589656246275,812.359666666667,983
961.1463897843164,812.7573333333327,984
961.8012955673413,813.104333333333,985
962.7742846861148,813.4700000000003,986
963.4185442883387,813.8410000000005,987
964.7417375811647,814.2373333333335,988
965.390609891898,814.5903333333341,989
966.360914238786,814.9706666666666,990
967.3518936496407,815.3460000000001,991
968.3514585959804,815.727,992
969.3300346917583,816.1046666666659,993
969.960345798586,816.4566666666664,994
970.94676362428,816.827666666667,995
971.9288559597745,817.1790000000002,996
972.9123169857355,817.5576666666666,997
973.5699522579355,817.9423333333332,998
974.5571069187649,818.3186666666666,999
975.5364935173433,818.6986666666666,1000
