x,interval_begins,interval_ends,mean,analytical
0.0,0.0,0.0,0.0,0.0
0.001,0.0,0.0,0.0,1.992948446817305e-06
0.002,0.0,0.0,2e-06,7.923877974919843e-06
0.003,0.0,0.0,1.1e-05,1.7721564321849316e-05
0.004,0.0,0.0,2.3e-05,3.131564219603464e-05
0.005,0.0,0.0,4.2e-05,4.863659662952025e-05
0.006,0.0,0.001,6.1e-05,6.961575440919385e-05
0.007,0.0,0.001,8.3e-05,9.418527558584708e-05
0.008,0.0,0.001,0.00011800000000000001,0.00012227814506040818
0.009,0.0,0.001,0.000152,0.00015382816424669077
0.01,0.0,0.001,0.000181,0.00018876994281000903
0.011,0.0,0.001,0.000214,0.0002270388904810125
0.012,0.0,0.001,0.000245,0.0002685712089441038
0.013,0.0,0.001,0.000291,0.0003133038837998003
0.014,0.0,0.001,0.000335,0.00036117467660041455
0.015,0.0,0.001,0.000379,0.00041212211695842586
0.016,0.0,0.002,0.00042500000000000003,0.00046608549472692564
0.017,0.0,0.002,0.00047400000000000003,0.0005230048522515207
0.018,0.0,0.002,0.000534,0.0005828209766930869
0.019,0.0,0.002,0.000577,0.0006454753924207674
0.02,0.0,0.002,0.00064,0.0007109103534746154
0.021,0.0,0.002,0.000704,0.0007790688360972904
0.022,0.0,0.002,0.000769,0.0008498945313342132
0.023,0.0,0.002,0.000856,0.0009233318377016001
0.024,0.0,0.003,0.0009350000000000001,0.0009993258539217889
0.025,0.0,0.003,0.001015,0.0010778223717252899
0.026,0.0,0.003,0.001095,0.0011587678687189846
0.027,0.0,0.003,0.001177,0.0012421095013199091
0.028,0.0,0.003,0.001261,0.00132779509775406
0.029,0.0,0.003,0.00134,0.0014157731511196625
0.03,0.0,0.003,0.001433,0.001505992812514357
0.031,0.0,0.004,0.00152,0.001598403884225746
0.032,0.0,0.004,0.001605,0.0016929568129847652
0.033,0.0,0.004,0.001702,0.0017896026832813355
0.034,0.0,0.004,0.0018160000000000001,0.0018882932107417648
0.035,0.0,0.004,0.00191,0.001988980735567368
0.036,0.0,0.004,0.002001,0.002091618216033773
0.037,0.0,0.004,0.002104,0.002196159222050409
0.038,0.0,0.005,0.002198,0.002302557928779635
0.039,0.0,0.005,0.0022990000000000003,0.002410769110315016
0.04,0.0,0.005,0.0023970000000000003,0.0025207481334182263
0.041,0.0,0.005,0.002507,0.002632450951314083
0.042,0.0,0.005,0.002613,0.002745834097543202
0.043,0.0,0.006,0.002729,0.002860854679871784
0.044,0.001,0.006,0.0028150000000000002,0.002977470374258033
0.045,0.001,0.006,0.00294,0.003095639418874737
0.046,0.001,0.006,0.003049,0.003215320608187489
0.047,0.001,0.006,0.003179,0.003336473287088117
0.048,0.001,0.006,0.003314,0.0034590573450827985
0.049,0.001,0.006,0.003443,0.00358303321053443
0.05,0.001,0.007,0.003578,0.0037083618449587387
0.051,0.001,0.007,0.003701,0.003835004737373715
0.052,0.001,0.007,0.0038480000000000003,0.0039629238987018795
0.053,0.001,0.007,0.0039900000000000005,0.004092081856224919
0.054,0.001,0.007,0.004136,0.004222441648090268
0.055,0.002,0.008,0.004285,0.004353966817869165
0.056,0.002,0.008,0.004433,0.004486621409165731
0.057,0.002,0.008,0.004579,0.004620369960276654
0.058,0.002,0.008,0.004717,0.00475517749890101
0.059,0.002,0.008,0.004854,0.004891009536899812
0.06,0.002,0.008,0.005001,0.00502783206510484
0.061,0.002,0.009,0.005134,0.005165611548176318
0.062,0.002,0.009,0.005282,0.005304314919509043
0.063,0.002,0.009,0.005428,0.0054439095761865
0.064,0.002,0.009,0.005551,0.0055843633739825985
0.065,0.003,0.009,0.005698,0.005725644622410562
0.066,0.003,0.009,0.005858,0.005867722079818598
0.067,0.003,0.01,0.005985,0.0060105649485319365
0.068,0.003,0.01,0.006126,0.006154142870040804
0.069,0.003,0.01,0.006278,0.006298425920233983
0.07,0.003,0.01,0.006433,0.006443384604677499
0.071,0.003,0.01,0.006591,0.006588989853938099
0.072,0.003,0.01,0.00674,0.006735213018951096
0.073,0.003,0.011,0.006873,0.006882025866432185
0.074,0.004,0.011,0.007016,0.007029400574332884
0.075,0.004,0.011,0.007187,0.007177309727339189
0.076,0.004,0.011,0.007369,0.007325726312413048
0.077,0.004,0.011,0.00753,0.007474623714376359
0.078,0.004,0.012,0.007663,0.007623975711536997
0.079,0.004,0.012,0.007788,0.00777375647135662
0.08,0.004,0.012,0.007927,0.007923940546159811
0.081,0.004,0.012,0.00809,0.00807450286888422
0.082,0.005,0.012,0.00823,0.008225418748871364
0.083,0.005,0.012,0.00837,0.00837666386769769
0.084,0.005,0.013,0.008523,0.00852821427504557
0.085,0.005,0.013,0.008657,0.00868004638461389
0.086,0.005,0.013,0.008803,0.008832136970067838
0.087,0.005,0.013,0.008942,0.008984463161027623
0.088,0.005,0.013,0.009112,0.009137002439095692
0.089,0.005,0.013,0.00924,0.009289732633922175
0.09,0.006,0.013,0.009378,0.009442631919308192
0.091,0.006,0.014,0.00953,0.009595678809346699
0.092,0.006,0.014,0.009689,0.00974885215460053
0.093,0.006,0.014,0.009861,0.009902131138317323
0.094,0.006,0.014,0.010007,0.010055495272680964
0.095,0.006,0.014,0.010147,0.010208924395099314
0.096,0.006,0.014,0.010306,0.010362398664527792
0.097,0.006,0.015,0.010461,0.010515898557828576
0.098,0.007,0.015,0.010621,0.010669404866165057
0.099,0.007,0.015,0.010784,0.010822898691431278
0.1,0.007,0.016,0.01094,0.010976361442716005
0.101,0.007,0.016,0.011121,0.011129774832801163
0.102,0.007,0.016,0.011282,0.011283120874694307
0.103,0.007,0.016,0.011472,0.011436381878194814
0.104,0.007,0.016,0.011641,0.011589540446493556
0.105,0.007,0.017,0.011758,0.011742579472805664
0.106,0.007,0.017,0.011918,0.011895482137036197
0.107,0.007,0.017,0.012088,0.01204823190247832
0.108,0.008,0.017,0.01224,0.012200812512543804
0.109,0.008,0.017,0.012405,0.012353207987525434
0.11,0.008,0.017,0.012576,0.012505402621391179
0.111,0.008,0.018,0.012713,0.012657380978609752
0.112,0.008,0.018,0.012864,0.012809127891007296
0.113,0.008,0.018,0.013018,0.012960628454654944
0.114,0.008,0.018,0.013151,0.013111868026786948
0.115,0.009,0.018,0.013325,0.013262832222749115
0.116,0.009,0.018,0.013464,0.013413506912977302
0.117,0.009,0.019,0.013627,0.013563878220005657
0.118,0.009,0.019,0.013785,0.013713932515504372
0.119,0.009,0.019,0.013925,0.01386365641734668
0.12,0.009,0.019,0.014067,0.01401303678670484
0.121,0.009,0.019,0.014221,0.014162060725174801
0.122,0.009,0.02,0.014363,0.014310715571929387
0.123,0.01,0.02,0.014494,0.014458988900899633
0.124,0.01,0.02,0.01466,0.01460686851798412
0.125,0.01,0.02,0.014811,0.014754342458285974
0.126,0.01,0.02,0.014963,0.014901398983377341
0.127,0.01,0.02,0.015078,0.015048026578591087
0.128,0.01,0.02,0.015239,0.015194213950339406
0.129,0.01,0.021,0.015382,0.015339950023459208
0.13,0.01,0.021,0.015539,0.01548522393858396
0.131,0.01,0.021,0.015647,0.01563002504954175
0.132,0.01,0.021,0.015809,0.0157743429207794
0.133,0.011,0.021,0.015928,0.01591816732481233
0.134,0.011,0.021,0.016063,0.016061488239699925
0.135,0.011,0.022,0.016223,0.016204295846546278
0.136,0.011,0.022,0.016354,0.016346580527025957
0.137,0.011,0.022,0.016483,0.01648833286093466
0.138,0.011,0.022,0.016626,0.01662954362376446
0.139,0.011,0.022,0.016743,0.016770203784303512
0.14,0.011,0.022,0.016894,0.01691030450225988
0.141,0.012,0.022,0.017022,0.01704983712590937
0.142,0.012,0.023,0.017152,0.017188793189767133
0.143,0.012,0.023,0.017293,0.017327164412282717
0.144,0.012,0.023,0.017449,0.01746494269355854
0.145,0.012,0.023,0.017583,0.0176021201130914
0.146,0.012,0.023,0.017741,0.017738688927536904
0.147,0.012,0.024,0.017907,0.0178746415684966
0.148,0.012,0.024,0.018047,0.018009970640327576
0.149,0.012,0.024,0.018203,0.018144668917974362
0.15,0.012,0.024,0.018342,0.018278729344822865
0.151,0.013,0.024,0.018467,0.0184121450305762
0.152,0.013,0.024,0.018591,0.01854490924915224
0.153,0.013,0.025,0.018719,0.01867701543660256
0.154,0.013,0.025,0.018847,0.018808457189052746
0.155,0.013,0.025,0.01897,0.01893922826066372
0.156,0.013,0.025,0.019104,0.019069322561613998
0.157,0.013,0.025,0.019228,0.019198734156102674
0.158,0.013,0.025,0.019339,0.019327457260372865
0.159,0.014,0.025,0.019439,0.01945548624075551
0.16,0.014,0.026,0.019576,0.019582815611733306
0.161,0.014,0.026,0.019661,0.0197094400340246
0.162,0.014,0.026,0.019815,0.019835354312687077
0.163,0.014,0.026,0.019929,0.01996055339524097
0.164,0.014,0.026,0.020096,0.020085032369811757
0.165,0.014,0.026,0.020245,0.02020878646329206
0.166,0.015,0.026,0.020395,0.020331811039522574
0.167,0.015,0.027,0.020553,0.020454101597491937
0.168,0.015,0.027,0.020679,0.020575653769555228
0.169,0.015,0.027,0.020811,0.020696463319671086
0.17,0.015,0.027,0.020936,0.02081652614165709
0.171,0.015,0.027,0.021072,0.02093583825746345
0.172,0.015,0.028,0.021179,0.021054395815464633
0.173,0.015,0.028,0.021316,0.021172195088768858
0.174,0.015,0.028,0.021445,0.02128923247354532
0.175,0.015,0.028,0.021551,0.02140550448736896
0.176,0.015,0.028,0.021668,0.021521007767582506
0.177,0.015,0.028,0.021807,0.021635739069675863
0.178,0.016,0.029,0.021899,0.021749695265682364
0.179,0.016,0.029,0.022025,0.021862873342592147
0.18,0.016,0.029,0.022128,0.021975270400782027
0.181,0.016,0.029,0.022257,0.022086883652462117
0.182,0.016,0.029,0.022359,0.022197710420138773
0.183,0.016,0.029,0.02248,0.022307748135093872
0.184,0.016,0.029,0.022603,0.022416994335880135
0.185,0.016,0.03,0.022748,0.022525446666832538
0.186,0.016,0.03,0.022886,0.02263310287659537
0.187,0.016,0.03,0.023014,0.022739960816665145
0.188,0.016,0.03,0.023111,0.02284601843994889
0.189,0.017,0.03,0.023226,0.022951273799337923
0.19,0.017,0.03,0.02335,0.023055725046296792
0.191,0.017,0.03,0.023456,0.023159370429467356
0.192,0.017,0.03,0.023532,0.02326220829328778
0.193,0.017,0.03,0.023639,0.023364237076626392
0.194,0.017,0.031,0.023722,0.023465455311430114
0.195,0.017,0.031,0.023803,0.02356586162138762
0.196,0.017,0.031,0.023936,0.023665454720606636
0.197,0.017,0.031,0.024029000000000002,0.023764233412305744
0.198,0.017,0.031,0.024115,0.02386219658752015
0.199,0.017,0.031,0.024213,0.023959343223821525
0.2,0.017,0.031,0.024278,0.024055672384051704
0.201,0.017,0.032,0.024357,0.024151183215070128
0.202,0.017,0.032,0.024478,0.02424587494651482
0.203,0.018,0.032,0.024585,0.02433974688957695
0.204,0.018,0.032,0.024669,0.02443279843578864
0.205,0.018,0.032,0.024773,0.024525029055824096
0.206,0.018,0.032,0.024839,0.024616438298313725
0.207,0.018,0.032,0.024927,0.02470702578867134
0.208,0.018,0.032,0.025013,0.024796791227934108
0.209,0.018,0.032,0.025164,0.024885734391615316
0.21,0.019,0.033,0.025246,0.024973855128569686
0.211,0.019,0.033,0.025304,0.025061153359871226
0.212,0.018,0.033,0.025386,0.02514762907770339
0.213,0.018,0.033,0.025458,0.025233282344261553
0.214,0.019,0.033,0.025526,0.025318113290667573
0.215,0.019,0.033,0.02561,0.02540212211589641
0.216,0.019,0.033,0.025683,0.02548530908571461
0.217,0.019,0.033,0.025762,0.02556767453163063
0.218,0.019,0.033,0.025814,0.025649218849856784
0.219,0.019,0.033,0.025938,0.025729942500282814
0.22,0.019,0.033,0.025987,0.025809846005460886
0.221,0.019,0.034,0.026092,0.0258889299496019
0.222,0.019,0.033,0.02616,0.025967194977583125
0.223,0.019,0.034,0.026253,0.026044641793966893
0.224,0.019,0.034,0.026333,0.02612127116203032
0.225,0.019,0.034,0.026397,0.026197083902806
0.226,0.019,0.034,0.026492,0.026272080894133437
0.227,0.019,0.034,0.026547,0.026346263069721248
0.228,0.019,0.034,0.026619,0.02641963141821992
0.229,0.019,0.034,0.026699,0.02649218698230512
0.23,0.019,0.035,0.026804,0.026563930857771385
0.231,0.02,0.035,0.026856,0.026634864192636085
0.232,0.02,0.035,0.026937,0.026704988186253616
0.233,0.02,0.035,0.026975,0.026774304088439744
0.234,0.02,0.035,0.027083,0.026842813198605837
0.235,0.02,0.035,0.027149,0.026910516864903127
0.236,0.02,0.035,0.027209,0.026977416483376697
0.237,0.02,0.035,0.027264,0.02704351349712922
0.238,0.02,0.035,0.027316,0.027108809395494364
0.239,0.02,0.035,0.027409,0.027173305713219624
0.24,0.02,0.035,0.027468,0.027237004029658687
0.241,0.02,0.035,0.027534,0.02729990596797309
0.242,0.02,0.035,0.027598,0.027362013194343143
0.243,0.02,0.035,0.027648,0.02742332741718805
0.244,0.02,0.035,0.027659,0.02748385038639501
0.245,0.02,0.035,0.027731,0.027543583892557427
0.246,0.02,0.036,0.027783,0.02760252976622192
0.247,0.02,0.036,0.027834,0.027660689877144182
0.248,0.02,0.036,0.027872,0.027718066133553602
0.249,0.02,0.036,0.027961,0.027774660481426388
0.25,0.02,0.036,0.028043000000000002,0.02783047490376745
0.251,0.02,0.036,0.028092,0.027885511419900564
0.252,0.02,0.036,0.028123,0.02793977208476704
0.253,0.02,0.036,0.028165,0.02799325898823261
0.254,0.02,0.036,0.028233,0.028045974254402636
0.255,0.021,0.036,0.028323,0.028097920040945367
0.256,0.021,0.036,0.02836,0.028149098538423283
0.257,0.021,0.036,0.028419,0.02819951196963246
0.258,0.021,0.036,0.028465,0.028249162588949793
0.259,0.021,0.036,0.028501,0.02829805268168805
0.26,0.021,0.036,0.028572,0.02834618456345866
0.261,0.021,0.037,0.028609,0.02839356057954225
0.262,0.021,0.037,0.028648,0.028440183104266614
0.263,0.021,0.036,0.028711,0.02848605454039239
0.264,0.021,0.037,0.028738,0.02853117731850603
0.265,0.021,0.037,0.028798,0.028575553896420212
0.266,0.021,0.037,0.028848,0.028619186758581546
0.267,0.021,0.037,0.028882,0.028662078415485456
0.268,0.021,0.037,0.028923,0.028704231403098253
0.269,0.021,0.037,0.028944,0.028745648282286283
0.27,0.021,0.037,0.029017,0.02878633163825208
0.271,0.022,0.037,0.029055,0.028826284079977442
0.272,0.021,0.038,0.029111,0.02886550823967336
0.273,0.022,0.038,0.029129,0.028904006772236833
0.274,0.022,0.038,0.029156,0.028941782354714292
0.275,0.021,0.038,0.029205000000000002,0.02897883768577177
0.276,0.021,0.038,0.029256,0.029015175485171643
0.277,0.021,0.038,0.029276,0.029050798493255904
0.278,0.021,0.038,0.029344,0.02908570947043589
0.279,0.021,0.038,0.029387,0.029119911196688417
0.28,0.021,0.038,0.029405,0.029153406471058227
0.281,0.021,0.038,0.029432,0.029186198111166763
0.282,0.022,0.038,0.029458,0.02921828895272708
0.283,0.022,0.038,0.029472,0.02924968184906493
0.284,0.022,0.038,0.029496,0.02928037967064593
0.285,0.022,0.038,0.029519,0.02931038530460872
0.286,0.022,0.038,0.029539,0.029339701654304176
0.287,0.022,0.038,0.029551,0.02936833163884033
0.288,0.022,0.038,0.029548,0.02939627819263334
0.289,0.022,0.038,0.02954,0.029423544264964085
0.29,0.022,0.038,0.029595,0.029450132819540543
0.291,0.022,0.038,0.029613,0.029476046834065805
0.292,0.022,0.038,0.029662,0.02950128929981176
0.293,0.022,0.038,0.029698,0.029525863221198136
0.294,0.022,0.039,0.029742,0.029549771615377307
0.295,0.022,0.039,0.02976,0.029573017511824246
0.296,0.022,0.039,0.029753,0.029595603951932083
0.297,0.022,0.039,0.0298,0.029617533988612804
0.298,0.022,0.039,0.029795000000000002,0.02963881068590337
0.299,0.022,0.039,0.029825,0.02965943711857688
0.3,0.022,0.038,0.029819000000000002,0.029679416371759082
0.301,0.022,0.039,0.029827,0.02969875154054976
0.302,0.022,0.039,0.029881,0.029717445729649433
0.303,0.022,0.039,0.029941,0.02973550205299075
0.304,0.022,0.039,0.029945,0.029752923633375165
0.305,0.022,0.038,0.029968,0.02976971360211415
0.306,0.022,0.039,0.029992,0.0297858750986756
0.307,0.022,0.038,0.029991,0.029801411270334713
0.308,0.022,0.038,0.030028,0.02981632527182991
0.309,0.022,0.038,0.030072,0.029830620265023103
0.31,0.022,0.039,0.030049,0.029844299418565028
0.311,0.022,0.039,0.03007,0.029857365907564735
0.312,0.022,0.039,0.030115,0.029869822913264003
0.313,0.022,0.039,0.030128,0.02988167362271595
0.314,0.022,0.039,0.030129,0.029892921228468306
0.315,0.022,0.039,0.030149,0.029903568928250995
0.316,0.022,0.039,0.030158,0.02991361992466809
0.317,0.022,0.039,0.030183,0.02992307742489407
0.318,0.022,0.039,0.030189,0.029931944640374384
0.319,0.022,0.039,0.030188,0.029940224786530155
0.32,0.022,0.039,0.030166000000000002,0.02994792108246717
0.321,0.022,0.039,0.030202,0.029955036750688897
0.322,0.022,0.039,0.030184,0.02996157501681369
0.323,0.022,0.039,0.03016,0.029967539109295883
0.324,0.022,0.039,0.030157,0.029972932259151132
0.325,0.022,0.039,0.030194,0.029977757699685404
0.326,0.022,0.039,0.03022,0.029982018666228193
0.327,0.022,0.039,0.030222,0.02998571839586938
0.328,0.022,0.039,0.030242,0.029988860127200038
0.329,0.022,0.039,0.030222,0.029991447100056974
0.33,0.022,0.039,0.0302,0.029993482555271112
0.331,0.022,0.039,0.030204,0.029994969734419407
0.332,0.022,0.039,0.030221,0.029995911879580693
0.333,0.022,0.039,0.030221,0.02999631223309487
0.334,0.022,0.039,0.030198,0.02999617403732592
0.335,0.022,0.039,0.030189,0.029995500534428336
0.336,0.022,0.039,0.030172,0.02999429496611715
0.337,0.022,0.039,0.030174,0.02999256057344132
0.338,0.022,0.039,0.030175,0.02999030059656072
0.339,0.022,0.04,0.030147,0.02998751827452634
0.34,0.022,0.039,0.030105,0.029984216845064093
0.341,0.022,0.039,0.030078,0.029980399544361644
0.342,0.022,0.039,0.030073,0.02997606960685881
0.343,0.022,0.039,0.030076000000000002,0.029971230265041032
0.344,0.022,0.039,0.030088,0.029965884749236157
0.345,0.022,0.039,0.030087,0.029960036287414383
0.346,0.022,0.039,0.030088,0.029953688104991286
0.347,0.022,0.039,0.030087,0.029946843424634065
0.348,0.022,0.039,0.030063,0.02993950546607086
0.349,0.022,0.039,0.030056,0.029931677445902978
0.35,0.022,0.039,0.030066,0.02992336257742028
0.351,0.022,0.039,0.030071,0.029914564070419467
0.352,0.022,0.039,0.030065,0.029905285131025357
0.353,0.022,0.039,0.030025,0.029895528961515098
0.354,0.022,0.039,0.029985,0.02988529876014507
0.355,0.022,0.039,0.029983,0.0298745977209809
0.356,0.022,0.039,0.029964,0.029863429033730148
0.357,0.022,0.039,0.029997,0.029851795883577788
0.358,0.022,0.039,0.029976,0.029839701451024426
0.359,0.022,0.039,0.029977,0.029827148911727278
0.36,0.022,0.039,0.029968,0.029814141436343877
0.361,0.022,0.038,0.029946,0.02980068219037834
0.362,0.022,0.039,0.029957,0.029786774334030295
0.363,0.022,0.039,0.029955,0.02977242102204647
0.364,0.022,0.038,0.029948,0.029757625403574805
0.365,0.022,0.038,0.029914,0.029742390622021123
0.366,0.022,0.039,0.0299,0.02972671981490827
0.367,0.022,0.039,0.029894,0.029710616113737775
0.368,0.022,0.038,0.029874,0.02969408264385401
0.369,0.022,0.038,0.029833000000000002,0.029677122524310713
0.37,0.022,0.038,0.029798,0.02965973886773989
0.371,0.022,0.038,0.029766,0.02964193478022316
0.372,0.022,0.038,0.029751,0.029623713361165434
0.373,0.022,0.038,0.029753,0.029605077703170894
0.374,0.022,0.038,0.029738,0.0295860308919212
0.375,0.022,0.038,0.029707,0.02956657600605608
0.376,0.022,0.038,0.02965,0.029546716117056112
0.377,0.022,0.038,0.029648,0.029526454289127674
0.378,0.022,0.038,0.029651,0.029505793579090153
0.379,0.021,0.038,0.029659,0.029484737036265207
0.38,0.022,0.038,0.029647,0.02946328770236835
0.381,0.022,0.038,0.029643,0.029441448611402445
0.382,0.022,0.038,0.029614,0.029419222789553383
0.383,0.021,0.038,0.029605,0.029396613255087852
0.384,0.021,0.038,0.029572,0.029373623018253067
0.385,0.022,0.038,0.029508,0.029350255081178594
0.386,0.021,0.038,0.029481,0.029326512437780065
0.387,0.022,0.038,0.029481,0.029302398073664915
0.388,0.021,0.038,0.029464,0.029277914966040167
0.389,0.021,0.038,0.029442,0.02925306608362193
0.39,0.021,0.038,0.029413,0.02922785438654689
0.391,0.021,0.038,0.029369,0.02920228282628573
0.392,0.021,0.038,0.029368000000000002,0.029176354345558347
0.393,0.022,0.038,0.02934,0.029150071878250937
0.394,0.021,0.038,0.029312,0.029123438349334736
0.395,0.021,0.038,0.029283,0.029096456674786792
0.396,0.021,0.038,0.02927,0.029069129761512328
0.397,0.021,0.038,0.029237,0.029041460507268902
0.398,0.021,0.038,0.029237,0.02901345180059228
0.399,0.021,0.038,0.029208,0.02898510652072398
0.4,0.021,0.038,0.02917,0.02895642753754061
0.401,0.021,0.038,0.029141,0.028927417711484726
0.402,0.021,0.038,0.029124,0.028898079893497366
0.403,0.021,0.038,0.029097,0.028868416924952286
0.404,0.021,0.038,0.029053,0.028838431637591717
0.405,0.021,0.038,0.028988,0.028808126853463713
0.406,0.021,0.038,0.028964,0.02877750538486103
0.407,0.021,0.038,0.028951,0.02874657003426163
0.408,0.021,0.038,0.028911,0.028715323594270665
0.409,0.021,0.038,0.028901,0.028683768847563938
0.41,0.021,0.038,0.028871,0.028651908566832827
0.411,0.021,0.038,0.028806000000000002,0.02861974551473081
0.412,0.021,0.038,0.02875,0.028587282443821225
0.413,0.021,0.038,0.028675,0.028554522096526723
0.414,0.021,0.038,0.028634,0.028521467205079816
0.415,0.021,0.038,0.02861,0.02848812049147514
0.416,0.021,0.037,0.028599,0.028454484667422824
0.417,0.021,0.037,0.028541,0.02842056243430343
0.418,0.021,0.037,0.028528,0.02838635648312406
0.419,0.021,0.037,0.028491,0.028351869494475938
0.42,0.021,0.037,0.028435000000000002,0.028317104138493136
0.421,0.02,0.037,0.028386,0.028282063074812777
0.422,0.02,0.037,0.028364,0.028246748952536337
0.423,0.02,0.037,0.0283,0.028211164410192356
0.424,0.02,0.037,0.02827,0.028175312075700218
0.425,0.02,0.037,0.028225,0.028139194566335343
0.426,0.02,0.037,0.028194,0.028102814488695463
0.427,0.02,0.037,0.028175,0.028066174438668115
0.428,0.02,0.037,0.028113,0.028029277001399337
0.429,0.02,0.037,0.028075,0.02799212475126352
0.43,0.02,0.037,0.02805,0.027954720251834354
0.431,0.02,0.037,0.028009,0.027917066055857018
0.432,0.02,0.037,0.02795,0.027879164705221348
0.433,0.02,0.037,0.027898,0.027841018730936265
0.434,0.02,0.037,0.027865,0.027802630653105082
0.435,0.02,0.037,0.02783,0.027764002980902126
0.436,0.02,0.036,0.027800000000000002,0.0277251382125502
0.437,0.02,0.036,0.027791,0.02768603883529927
0.438,0.02,0.036,0.027724,0.027646707325405993
0.439,0.02,0.036,0.027718,0.027607146148114502
0.44,0.019,0.036,0.027669,0.027567357757637908
0.441,0.019,0.036,0.02762,0.02752734459714108
0.442,0.019,0.036,0.027573,0.027487109098724125
0.443,0.019,0.036,0.027539,0.027446653683407103
0.444,0.019,0.036,0.027508,0.02740598076111541
0.445,0.019,0.036,0.027454,0.027365092730666375
0.446,0.019,0.036,0.027392,0.027323991979756528
0.447,0.019,0.036,0.027353,0.027282680884949992
0.448,0.019,0.036,0.02728,0.02724116181166757
0.449,0.019,0.036,0.027239,0.027199437114176925
0.45,0.019,0.036,0.027194,0.02715750913558344
0.451,0.019,0.036,0.027159,0.027115380207822098
0.452,0.019,0.035,0.027132,0.027073052651650067
0.453,0.019,0.035,0.027099,0.027030528776640264
0.454,0.019,0.035,0.02705,0.026987810881175592
0.455,0.019,0.035,0.027011,0.026944901252444142
0.456,0.019,0.035,0.026963,0.026901802166435052
0.457,0.019,0.035,0.026925,0.0268585158879353
0.458,0.019,0.035,0.026889,0.026815044670527106
0.459,0.019,0.035,0.02682,0.026771390756586293
0.46,0.019,0.035,0.026759,0.026727556377281195
0.461,0.019,0.035,0.026708,0.026683543752572536
0.462,0.019,0.035,0.026652,0.026639355091213797
0.463,0.019,0.035,0.026612,0.026594992590752552
0.464,0.019,0.035,0.026593,0.026550458437532298
0.465,0.019,0.035,0.026561,0.026505754806695155
0.466,0.018,0.035,0.026507,0.026460883862185126
0.467,0.018,0.035,0.026468,0.02641584775675216
0.468,0.018,0.035,0.026423,0.026370648631956744
0.469,0.018,0.035,0.026395000000000002,0.02632528861817533
0.47,0.018,0.034,0.02634,0.026279769834606226
0.471,0.018,0.034,0.026316,0.026234094389276257
0.472,0.018,0.034,0.026252,0.02618826437904801
0.473,0.018,0.034,0.026188,0.02614228188962773
0.474,0.018,0.034,0.026151,0.026096148995573765
0.475,0.018,0.034,0.026101,0.026049867760305667
0.476,0.018,0.034,0.026052,0.026003440236113853
0.477,0.018,0.034,0.025993,0.02595686846416989
0.478,0.018,0.034,0.025935,0.025910154474537348
0.479,0.018,0.034,0.025886,0.025863300286183114
0.48,0.018,0.034,0.025854,0.025816307906989414
0.481,0.018,0.034,0.025803,0.02576917933376632
0.482,0.018,0.034,0.025744,0.025721916552264756
0.483,0.018,0.034,0.025721,0.02567452153719008
0.484,0.018,0.033,0.025642,0.02562699625221616
0.485,0.018,0.033,0.025597,0.025579342649999993
0.486,0.018,0.033,0.025536,0.025531562672196823
0.487,0.018,0.033,0.02546,0.025483658249475696
0.488,0.018,0.033,0.025428,0.025435631301535585
0.489,0.018,0.033,0.025354,0.025387483737121953
0.49,0.017,0.033,0.025301,0.025339217454043814
0.491,0.017,0.033,0.025271000000000002,0.025290834339191166
0.492,0.017,0.033,0.025219000000000002,0.025242336268553014
0.493,0.017,0.033,0.025169,0.025193725107235762
0.494,0.017,0.033,0.025135,0.02514500270948207
0.495,0.017,0.033,0.025091,0.025096170918690094
0.496,0.017,0.033,0.02501,0.02504723156743319
0.497,0.017,0.032,0.024964,0.024998186477480117
0.498,0.017,0.033,0.024961,0.024949037459815488
0.499,0.017,0.032,0.024899,0.0248997863146607
0.5,0.017,0.032,0.024871,0.024850434831495318
0.501,0.017,0.033,0.024808,0.02480098478907877
0.502,0.017,0.032,0.024784,0.02475143795547245
0.503,0.017,0.032,0.024737,0.024701796088062174
0.504,0.017,0.032,0.024693,0.02465206093358104
0.505,0.017,0.032,0.024642,0.024602234228132652
0.506,0.017,0.032,0.024592,0.024552317697214675
0.507,0.016,0.032,0.024506,0.02450231305574269
0.508,0.016,0.032,0.024456,0.024452222008074495
0.509,0.016,0.032,0.024411,0.0244020462480347
0.51,0.016,0.032,0.024342,0.02435178745893962
0.511,0.016,0.032,0.024304,0.02430144731362247
0.512,0.016,0.032,0.024237,0.024251027474458963
0.513,0.016,0.032,0.024179,0.024200529593393184
0.514,0.016,0.032,0.0241,0.024149955311963726
0.515,0.016,0.032,0.024054,0.024099306261330132
0.516,0.016,0.032,0.024008,0.024048584062299688
0.517,0.016,0.032,0.023959,0.023997790325354443
0.518,0.016,0.032,0.023907,0.023946926650678553
0.519,0.016,0.031,0.023859,0.02389599462818583
0.52,0.016,0.031,0.023799,0.02384499583754763
0.521,0.016,0.032,0.023767,0.02379393184822099
0.522,0.016,0.031,0.023714,0.023742804219477
0.523,0.016,0.031,0.023658,0.023691614500429416
0.524,0.016,0.031,0.023609,0.023640364230063583
0.525,0.016,0.031,0.023573,0.02358905493726551
0.526,0.016,0.031,0.023536,0.023537688140851293
0.527,0.016,0.031,0.023488,0.023486265349596625
0.528,0.016,0.031,0.023427,0.023434788062266666
0.529,0.016,0.031,0.023361,0.023383257767646055
0.53,0.016,0.031,0.023314,0.02333167594456919
0.531,0.016,0.031,0.023266,0.02328004406195064
0.532,0.016,0.03,0.023176,0.023228363578815824
0.533,0.016,0.03,0.023145,0.023176635944331923
0.534,0.016,0.03,0.023097,0.0231248625978389
0.535,0.016,0.03,0.023045,0.02307304496888075
0.536,0.016,0.03,0.022969,0.023021184477236955
0.537,0.016,0.03,0.022947,0.022969282532954098
0.538,0.015,0.03,0.022903,0.022917340536377687
0.539,0.015,0.03,0.022839,0.022865359878184093
0.54,0.015,0.03,0.022776,0.022813341939412674
0.541,0.015,0.03,0.022746,0.022761288091498147
0.542,0.015,0.03,0.022692,0.022709199696303
0.543,0.015,0.03,0.022652,0.022657078106150096
0.544,0.016,0.03,0.0226,0.02260492466385548
0.545,0.015,0.03,0.022536,0.022552740702761285
0.546,0.016,0.03,0.022468,0.022500527546768782
0.547,0.015,0.03,0.022404,0.02244828651037157
0.548,0.015,0.03,0.022344,0.022396018898688894
0.549,0.015,0.029,0.022296,0.022343726007499173
0.55,0.015,0.029,0.022253,0.022291409123273535
0.551,0.015,0.029,0.02218,0.022239069523209504
0.552,0.015,0.029,0.022137,0.022186708475264858
0.553,0.015,0.029,0.022087,0.02213432723819161
0.554,0.015,0.029,0.022046,0.02208192706157003
0.555,0.015,0.029,0.021977,0.02202950918584277
0.556,0.015,0.029,0.02192,0.02197707484234917
0.557,0.015,0.03,0.02189,0.021924625253359656
0.558,0.015,0.029,0.021854,0.021872161632110178
0.559,0.015,0.029,0.021799,0.021819685182836702
0.56,0.015,0.029,0.021751,0.02176719710080996
0.561,0.015,0.029,0.021726,0.021714698572370142
0.562,0.015,0.029,0.021678,0.021662190774961714
0.563,0.015,0.029,0.021641,0.021609674877168295
0.564,0.015,0.029,0.021584,0.02155715203874765
0.565,0.015,0.029,0.021527,0.021504623410666723
0.566,0.015,0.029,0.02148,0.021452090135136794
0.567,0.015,0.029,0.021425,0.02139955334564863
0.568,0.015,0.029,0.021367,0.0213470141670077
0.569,0.015,0.029,0.021292,0.021294473715369536
0.57,0.014,0.029,0.021221,0.021241933098275087
0.571,0.014,0.029,0.021182,0.021189393414686137
0.572,0.014,0.028,0.021114,0.02113685575502073
0.573,0.014,0.028,0.021064,0.021084321201188777
0.574,0.014,0.028,0.021029,0.021031790826627553
0.575,0.014,0.028,0.020968,0.020979265696337346
0.576,0.014,0.028,0.020902,0.020926746866917076
0.577,0.014,0.028,0.020832,0.02087423538659999
0.578,0.014,0.028,0.020789,0.020821732295289407
0.579,0.014,0.028,0.02072,0.020769238624594465
0.58,0.014,0.028,0.020677,0.020716755397865876
0.581,0.014,0.028,0.020636,0.020664283630231768
0.582,0.014,0.028,0.020585,0.020611824328633496
0.583,0.014,0.028,0.020536,0.020559378491861555
0.584,0.013,0.028,0.020485,0.020506947110591367
0.585,0.013,0.028,0.020432,0.020454531167419236
0.586,0.014,0.028,0.020387,0.020402131636898246
0.587,0.013,0.028,0.02033,0.02034974948557419
0.588,0.013,0.027,0.020281,0.020297385672021457
0.589,0.013,0.027,0.020213,0.02024504114687899
0.59,0.013,0.027,0.020182,0.02019271685288628
0.591,0.013,0.027,0.020118,0.020140413724919235
0.592,0.013,0.027,0.02007,0.020088132690026142
0.593,0.013,0.027,0.019999,0.020035874667463652
0.594,0.013,0.027,0.019959,0.019983640568732666
0.595,0.013,0.027,0.01991,0.01993143129761432
0.596,0.013,0.027,0.019855,0.01987924775020586
0.597,0.013,0.027,0.019809,0.019827090814956577
0.598,0.013,0.027,0.019746,0.019774961372703737
0.599,0.013,0.027,0.019688,0.01972286029670844
0.6,0.013,0.026,0.019601,0.0196707884526915
0.601,0.013,0.027,0.019522,0.019618746698869288
0.602,0.013,0.027,0.019468,0.01956673588598959
0.603,0.013,0.026,0.019434,0.019514756857367425
0.604,0.013,0.026,0.019378,0.019462810448920797
0.605,0.013,0.026,0.019304,0.01941089748920648
0.606,0.013,0.026,0.019253,0.019359018799455764
0.607,0.013,0.026,0.019222,0.019307175193610162
0.608,0.013,0.026,0.019152,0.019255367478357065
0.609,0.013,0.026,0.019114,0.019203596453165377
0.61,0.013,0.026,0.019059,0.019151862910321175
0.611,0.012,0.026,0.019021,0.01910016763496326
0.612,0.012,0.026,0.018977,0.019048511405118634
0.613,0.012,0.026,0.018933,0.018996894991738088
0.614,0.012,0.026,0.0189,0.0189453191587316
0.615,0.012,0.026,0.018864,0.018893784663003774
0.616,0.012,0.026,0.018799,0.01884229225448919
0.617,0.012,0.026,0.018765,0.018790842676187698
0.618,0.012,0.025,0.018713,0.018739436664199784
0.619,0.012,0.025,0.018678,0.018688074947761736
0.62,0.012,0.025,0.018603,0.01863675824928079
0.621,0.012,0.025,0.01855,0.018585487284370324
0.622,0.012,0.025,0.018475,0.018534262761884888
0.623,0.012,0.025,0.018453,0.018483085383955277
0.624,0.012,0.026,0.018404,0.018431955846023404
0.625,0.012,0.025,0.018339,0.018380874836877274
0.626,0.012,0.025,0.018277,0.018329843038685834
0.627,0.012,0.025,0.018227,0.018278861127033735
0.628,0.012,0.025,0.018172,0.01822792977095607
0.629,0.011,0.025,0.018114,0.01817704963297303
0.63,0.012,0.025,0.018044,0.018126221369124545
0.631,0.012,0.025,0.018007,0.018075445629004788
0.632,0.012,0.025,0.017967,0.01802472305579665
0.633,0.011,0.025,0.017926,0.017974054286306166
0.634,0.011,0.025,0.017867,0.017923439950996836
0.635,0.011,0.025,0.017814,0.017872880674023914
0.636,0.011,0.025,0.017798,0.017822377073268603
0.637,0.011,0.025,0.017737,0.017771929760372136
0.638,0.011,0.025,0.017711,0.017721539340769945
0.639,0.011,0.025,0.017669,0.01767120641372551
0.64,0.011,0.024,0.017642,0.01762093157236439
0.641,0.011,0.024,0.017593,0.017570715403707957
0.642,0.011,0.024,0.01753,0.01752055848870722
0.643,0.011,0.024,0.017474,0.017470461402276503
0.644,0.011,0.024,0.017425,0.017420424713327002
0.645,0.011,0.024,0.017363,0.01737044898480033
0.646,0.011,0.024,0.017322,0.017320534773702004
0.647,0.011,0.024,0.017252,0.017270682631134758
0.648,0.011,0.024,0.017194,0.017220893102331828
0.649,0.011,0.024,0.017131,0.01717116672669015
0.65,0.011,0.024,0.017091,0.017121504037803527
0.651,0.011,0.024,0.017052,0.017071905563495603
0.652,0.011,0.024,0.017023,0.017022371825852815
0.653,0.011,0.024,0.016998,0.016972903341257266
0.654,0.011,0.024,0.016974,0.016923500620419515
0.655,0.011,0.024,0.016918,0.016874164168411254
0.656,0.011,0.024,0.01688,0.016824894484697858
0.657,0.011,0.024,0.016827,0.016775692063170988
0.658,0.011,0.024,0.016775,0.016726557392180902
0.659,0.01,0.024,0.016723,0.016677490954568913
0.66,0.01,0.024,0.016675,0.01662849322769949
0.661,0.01,0.023,0.016635,0.016579564683492507
0.662,0.01,0.023,0.01656,0.016530705788455276
0.663,0.01,0.023,0.0165,0.016481917003714472
0.664,0.01,0.023,0.016449,0.016433198785048047
0.665,0.01,0.023,0.016405,0.01638455158291696
0.666,0.01,0.023,0.016357,0.01633597584249693
0.667,0.01,0.023,0.016287,0.016287472003709922
0.668,0.01,0.023,0.01624,0.01623904050125574
0.669,0.01,0.023,0.016187,0.016190681764643333
0.67,0.01,0.023,0.016148,0.01614239621822214
0.671,0.01,0.023,0.016091,0.01609418428121331
0.672,0.01,0.023,0.016032,0.01604604636774069
0.673,0.01,0.022,0.015978,0.01599798288686199
0.674,0.01,0.023,0.015934,0.015949994242599574
0.675,0.01,0.022,0.015887,0.015902080833971283
0.676,0.01,0.022,0.015852,0.015854243055021196
0.677,0.01,0.022,0.015801,0.015806481294850114
0.678,0.01,0.022,0.015754,0.01575879593764621
0.679,0.01,0.022,0.015707,0.015711187362715352
0.68,0.01,0.022,0.015654,0.015663655944511377
0.681,0.01,0.022,0.015608,0.015616202052666369
0.682,0.01,0.022,0.015572,0.015568826052020677
0.683,0.01,0.022,0.015518,0.015521528302652982
0.684,0.01,0.022,0.015456,0.015474309159910151
0.685,0.01,0.022,0.015401,0.015427168974437003
0.686,0.01,0.022,0.015356999999999999,0.01538010809220602
0.687,0.01,0.022,0.015302,0.01533312685454696
0.688,0.01,0.022,0.015265,0.015286225598176245
0.689,0.01,0.022,0.015232,0.015239404655226437
0.69,0.01,0.022,0.015192,0.015192664353275412
0.691,0.01,0.022,0.015154,0.015146005015375576
0.692,0.009,0.022,0.015109,0.01509942696008292
0.693,0.009,0.022,0.015047,0.015052930501485916
0.694,0.009,0.022,0.015001,0.01500651594923444
0.695,0.009,0.022,0.014962,0.014960183608568453
0.696,0.009,0.021,0.014902,0.014913933780346632
0.697,0.009,0.021,0.014869,0.014867766761074944
0.698,0.009,0.021,0.014818,0.014821682842934971
0.699,0.009,0.021,0.014761999999999999,0.014775682313812337
0.7,0.009,0.021,0.014729,0.014729765457324826
0.701,0.009,0.021,0.014682,0.014683932552850467
0.702,0.009,0.021,0.014637,0.014638183875555605
0.703,0.009,0.021,0.014594,0.014592519696422697
0.704,0.009,0.021,0.01455,0.01454694028227813
0.705,0.009,0.021,0.01448,0.014501445895819873
0.706,0.009,0.021,0.014449,0.014456036795644986
0.707,0.009,0.021,0.014426,0.014410713236277147
0.708,0.009,0.021,0.014388,0.014365475468193946
0.709,0.009,0.021,0.014351,0.014320323737854074
0.71,0.009,0.021,0.014307,0.014275258287724524
0.711,0.009,0.021,0.014246,0.014230279356307543
0.712,0.008,0.02,0.014191,0.014185387178167544
0.713,0.008,0.02,0.014125,0.014140581983957918
0.714,0.008,0.02,0.014118,0.014095864000447671
0.715,0.009,0.02,0.014088,0.014051233450548059
0.716,0.009,0.02,0.014055,0.01400669055333901
0.717,0.009,0.02,0.014035,0.013962235524095458
0.718,0.009,0.02,0.013986,0.013917868574313652
0.719,0.009,0.02,0.01394,0.013873589911737243
0.72,0.008,0.02,0.013908,0.013829399740383316
0.721,0.008,0.02,0.013868,0.013785298260568329
0.722,0.008,0.02,0.013814,0.013741285668933853
0.723,0.008,0.02,0.013773,0.013697362158472358
0.724,0.008,0.02,0.013735,0.01365352791855276
0.725,0.008,0.02,0.013692,0.013609783134945846
0.726,0.008,0.02,0.013642,0.013566127989849741
0.727,0.008,0.02,0.01359,0.01352256266191507
0.728,0.008,0.019,0.013557,0.013479087326270171
0.729,0.008,0.019,0.013516,0.013435702154546115
0.73,0.008,0.019,0.013465,0.013392407314901584
0.731,0.008,0.019,0.01341,0.013349202972047775
0.732,0.008,0.019,0.013381,0.013306089287273056
0.733,0.008,0.019,0.013318,0.013263066418467546
0.734,0.008,0.019,0.013279,0.01322013452014767
0.735,0.008,0.019,0.013236,0.013177293743480476
0.736,0.008,0.019,0.013204,0.01313454423630794
0.737,0.008,0.019,0.013157,0.01309188614317113
0.738,0.008,0.019,0.013116,0.013049319605334201
0.739,0.008,0.019,0.013064,0.013006844760808425
0.74,0.008,0.019,0.013023999999999999,0.012964461744375976
0.741,0.008,0.019,0.012971,0.012922170687613622
0.742,0.008,0.019,0.01294,0.01287997171891642
0.743,0.008,0.019,0.012902,0.012837864963521161
0.744,0.007,0.019,0.012855,0.012795850543529788
0.745,0.008,0.019,0.012815,0.012753928577932701
0.746,0.007,0.019,0.012752,0.012712099182631876
0.747,0.007,0.019,0.012716,0.012670362470464023
0.748,0.007,0.019,0.012677,0.012628718551223507
0.749,0.007,0.019,0.012617,0.012587167531685168
0.75,0.007,0.019,0.012549,0.012545709515627144
0.751,0.007,0.019,0.012515,0.012504344603853452
0.752,0.007,0.018,0.012477,0.012463072894216559
0.753,0.007,0.018,0.012442,0.01242189448163977
0.754,0.007,0.019,0.012417,0.012380809458139562
0.755,0.007,0.018,0.012397,0.012339817912847802
0.756,0.007,0.018,0.012363,0.01229891993203385
0.757,0.007,0.018,0.01231,0.01225811559912651
0.758,0.007,0.018,0.012259,0.012217404994735996
0.759,0.007,0.018,0.012216,0.012176788196675649
0.76,0.007,0.018,0.012204,0.012136265279983635
0.761,0.007,0.018,0.012167,0.012095836316944537
0.762,0.007,0.018,0.012131,0.01205550137711075
0.763,0.007,0.018,0.012113,0.012015260527323919
0.764,0.007,0.018,0.012077,0.011975113831736155
0.765,0.007,0.018,0.012033,0.011935061351831137
0.766,0.007,0.018,0.011982,0.011895103146445242
0.767,0.007,0.018,0.01193,0.011855239271788406
0.768,0.007,0.018,0.011881,0.01181546978146498
0.769,0.007,0.018,0.01185,0.011775794726494473
0.77,0.007,0.018,0.011794,0.011736214155332108
0.771,0.007,0.018,0.011746,0.011696728113889429
0.772,0.007,0.018,0.011701,0.011657336645554654
0.773,0.007,0.018,0.011670999999999999,0.011618039791212965
0.774,0.007,0.017,0.01164,0.011578837589266781
0.775,0.007,0.017,0.011592,0.011539730075655799
0.776,0.007,0.017,0.011525,0.011500717283877013
0.777,0.007,0.017,0.011486,0.011461799245004619
0.778,0.007,0.017,0.011459,0.011422975987709761
0.779,0.007,0.017,0.011424,0.011384247538280278
0.78,0.006,0.017,0.011395,0.011345613920640266
0.781,0.006,0.017,0.011363,0.011307075156369532
0.782,0.006,0.017,0.011316,0.011268631264723028
0.783,0.006,0.017,0.011278,0.011230282262650089
0.784,0.006,0.017,0.011252,0.011192028164813645
0.785,0.006,0.017,0.011211,0.011153868983609283
0.786,0.006,0.017,0.011169,0.01111580472918419
0.787,0.006,0.017,0.011152,0.011077835409456097
0.788,0.006,0.017,0.011111,0.011039961030132021
0.789,0.006,0.017,0.011069,0.0110021815947269
0.79,0.006,0.017,0.011028,0.010964497104582242
0.791,0.006,0.016,0.011003,0.010926907558884563
0.792,0.006,0.016,0.010971999999999999,0.010889412954683757
0.793,0.006,0.016,0.01092,0.010852013286911384
0.794,0.006,0.016,0.01089,0.010814708548398843
0.795,0.006,0.016,0.010859,0.01077749872989546
0.796,0.006,0.016,0.010819,0.010740383820086482
0.797,0.006,0.016,0.010783,0.010703363805610898
0.798,0.006,0.016,0.01076,0.01066643867107931
0.799,0.006,0.016,0.010718,0.010629608399091568
0.8,0.006,0.016,0.010685,0.010592872970254378
0.801,0.006,0.016,0.010662,0.010556232363198787
0.802,0.006,0.016,0.010624,0.010519686554597578
0.803,0.006,0.016,0.010615,0.01048323551918258
0.804,0.006,0.016,0.010563,0.010446879229761896
0.805,0.006,0.016,0.010538,0.01041061765723694
0.806,0.006,0.016,0.010507,0.010374450770619534
0.807,0.006,0.016,0.010469,0.010338378537048772
0.808,0.006,0.016,0.010429,0.010302400921807864
0.809,0.006,0.016,0.010383,0.01026651788834087
0.81,0.006,0.016,0.010344,0.010230729398269295
0.811,0.006,0.016,0.010304,0.010195035411408685
0.812,0.006,0.016,0.010276,0.01015943588578505
0.813,0.006,0.016,0.010251,0.010123930777651183
0.814,0.006,0.016,0.010213999999999999,0.01008852004150299
0.815,0.005,0.016,0.010168,0.010053203630095583
0.816,0.006,0.015,0.010142,0.010017981494459403
0.817,0.005,0.015,0.010099,0.009982853583916197
0.818,0.005,0.015,0.01005,0.009947819846094871
0.819,0.005,0.015,0.010015,0.009912880226947342
0.82,0.005,0.015,0.009991,0.009878034670764198
0.821,0.005,0.015,0.009965,0.009843283120190349
0.822,0.005,0.015,0.00995,0.009808625516240536
0.823,0.005,0.015,0.009909,0.009774061798314746
0.824,0.005,0.015,0.009878,0.009739591904213597
0.825,0.005,0.015,0.00985,0.009705215770153578
0.826,0.005,0.015,0.009816,0.009670933330782179
0.827,0.005,0.015,0.0098,0.009636744519193023
0.828,0.005,0.015,0.009764,0.009602649266940813
0.829,0.005,0.015,0.009731,0.009568647504056255
0.83,0.005,0.015,0.009687,0.009534739159060853
0.831,0.005,0.015,0.009669,0.009500924158981615
0.832,0.005,0.015,0.009635,0.009467202429365738
0.833,0.005,0.015,0.009589,0.009433573894295113
0.834,0.005,0.015,0.009544,0.009400038476400776
0.835,0.005,0.015,0.009512,0.009366596096877332
0.836,0.005,0.015,0.009492,0.009333246675497201
0.837,0.005,0.015,0.009469,0.009299990130624831
0.838,0.005,0.015,0.009442,0.009266826379230812
0.839,0.005,0.015,0.009421,0.009233755336905894
0.84,0.005,0.015,0.009401,0.009200776917874964
0.841,0.005,0.015,0.009365,0.00916789103501088
0.842,0.005,0.014,0.00931,0.009135097599848235
0.843,0.005,0.014,0.009264,0.009102396522597093
0.844,0.005,0.014,0.009239,0.009069787712156548
0.845,0.005,0.014,0.009203,0.009037271076128279
0.846,0.005,0.014,0.009163,0.00900484652082999
0.847,0.005,0.014,0.009134,0.008972513951308731
0.848,0.005,0.014,0.009109,0.008940273271354224
0.849,0.005,0.014,0.009067,0.008908124383512033
0.85,0.005,0.014,0.009036,0.008876067189096656
0.851,0.005,0.014,0.009009,0.008844101588204598
0.852,0.005,0.014,0.008985,0.008812227479727283
0.853,0.005,0.014,0.008949,0.008780444761363936
0.854,0.004,0.014,0.008922,0.008748753329634375
0.855,0.004,0.014,0.008893999999999999,0.008717153079891696
0.856,0.004,0.014,0.008863,0.008685643906334925
0.857,0.004,0.014,0.008827,0.00865422570202156
0.858,0.004,0.014,0.008808,0.008622898358880016
0.859,0.004,0.014,0.00878,0.008591661767722043
0.86,0.004,0.014,0.008735,0.008560515818255019
0.861,0.004,0.014,0.008689,0.008529460399094193
0.862,0.004,0.014,0.008663,0.008498495397774834
0.863,0.004,0.014,0.00864,0.008467620700764287
0.864,0.004,0.014,0.008627,0.008436836193474002
0.865,0.004,0.014,0.008601,0.00840614176027146
0.866,0.004,0.014,0.008564,0.008375537284491964
0.867,0.004,0.013,0.008529,0.008345022648450478
0.868,0.004,0.013,0.0085,0.008314597733453272
0.869,0.004,0.013,0.008458,0.008284262419809552
0.87,0.004,0.013,0.008428,0.008254016586843015
0.871,0.004,0.013,0.008393,0.008223860112903277
0.872,0.004,0.013,0.008357,0.008193792875377309
0.873,0.004,0.013,0.008321,0.00816381475070074
0.874,0.004,0.013,0.008295,0.008133925614369066
0.875,0.004,0.013,0.008265,0.008104125340948875
0.876,0.004,0.013,0.008238,0.0080744138040889
0.877,0.004,0.013,0.008203,0.008044790876531059
0.878,0.004,0.013,0.008179,0.008015256430121406
0.879,0.004,0.013,0.008165,0.007985810335820985
0.88,0.004,0.013,0.008107,0.00795645246371667
0.881,0.004,0.013,0.008085,0.00792718268303188
0.882,0.004,0.013,0.008059,0.007898000862137223
0.883,0.004,0.013,0.008029,0.007868906868561116
0.884,0.004,0.013,0.008001,0.00783990056900029
0.885,0.004,0.013,0.007971,0.007810981829330238
0.886,0.004,0.013,0.007937,0.0077821505146156
0.887,0.004,0.013,0.007919,0.007753406489120447
0.888,0.004,0.013,0.007893,0.007724749616318555
0.889,0.004,0.013,0.007865,0.007696179758903556
0.89,0.004,0.012,0.007841,0.007667696778799027
0.891,0.004,0.012,0.007815,0.007639300537168543
0.892,0.004,0.012,0.007779,0.007610990894425627
0.893,0.004,0.012,0.007752,0.00758276771024365
0.894,0.004,0.012,0.007732,0.0075546308435656614
0.895,0.003,0.012,0.007712,0.007526580152614124
0.896,0.003,0.012,0.007675,0.0074986154949006475
0.897,0.003,0.012,0.007662,0.007470736727235584
0.898,0.003,0.012,0.007633,0.0074429437057375895
0.899,0.003,0.012,0.007606,0.007415236285843135
0.9,0.003,0.012,0.007588,0.007387614322315915
0.901,0.003,0.012,0.007555,0.007360077669256218
0.902,0.003,0.012,0.007529,0.007332626180110226
0.903,0.003,0.012,0.007513,0.0073052597076792266
0.904,0.003,0.012,0.007502,0.007277978104128807
0.905,0.003,0.012,0.007487,0.007250781220997946
0.906,0.003,0.012,0.007459,0.007223668909208032
0.907,0.003,0.012,0.007436,0.007196641019071872
0.908,0.003,0.012,0.007406,0.007169697400302583
0.909,0.003,0.012,0.007372,0.007142837902022442
0.91,0.003,0.012,0.007347,0.007116062372771677
0.911,0.003,0.012,0.007311,0.007089370660517174
0.912,0.003,0.012,0.007281,0.007062762612661163
0.913,0.003,0.012,0.007263,0.007036238076049806
0.914,0.003,0.012,0.007235,0.007009796896981712
0.915,0.003,0.012,0.007207,0.006983438921216457
0.916,0.003,0.012,0.007179,0.006957163993982962
0.917,0.003,0.012,0.007153,0.0069309719599878646
0.918,0.003,0.012,0.007128,0.006904862663423815
0.919,0.003,0.012,0.007105,0.006878835947977689
0.92,0.003,0.012,0.007075,0.0068528916568387915
0.921,0.003,0.011,0.007048,0.006827029632706961
0.922,0.003,0.012,0.007015,0.0068012497178006
0.923,0.003,0.011,0.006989,0.0067755517538647175
0.924,0.003,0.011,0.006966,0.006749935582178833
0.925,0.003,0.011,0.006944,0.0067244010435648675
0.926,0.003,0.011,0.006924,0.0066989479783949755
0.927,0.003,0.011,0.006903,0.0066735762265992754
0.928,0.003,0.011,0.006876,0.0066482856276736
0.929,0.003,0.011,0.006845,0.006623076020687127
0.93,0.003,0.011,0.006813,0.006597947244289952
0.931,0.003,0.011,0.006793,0.006572899136720667
0.932,0.003,0.011,0.0067800000000000004,0.006547931535813806
0.933,0.003,0.011,0.006753,0.00652304427900729
0.934,0.003,0.011,0.006734,0.00649823720334978
0.935,0.003,0.011,0.006701,0.0064735101455079954
0.936,0.003,0.011,0.006672,0.006448862941773985
0.937,0.003,0.011,0.00665,0.00642429542807232
0.938,0.003,0.011,0.006624,0.00639980743996723
0.939,0.003,0.011,0.0066,0.006375398812669733
0.94,0.003,0.011,0.006562,0.0063510693810446325
0.941,0.003,0.011,0.006539,0.006326818979617546
0.942,0.003,0.011,0.006512,0.006302647442581819
0.943,0.003,0.011,0.006494,0.006278554603805394
0.944,0.003,0.011,0.006475,0.006254540296837661
0.945,0.003,0.011,0.006465,0.00623060435491623
0.946,0.003,0.011,0.006438,0.006206746610973643
0.947,0.003,0.011,0.006416,0.00618296689764406
0.948,0.003,0.011,0.006385,0.006159265047269851
0.949,0.003,0.011,0.006368,0.006135640891908202
0.95,0.003,0.011,0.006328,0.0061120942633376175
0.951,0.003,0.011,0.006316,0.006088624993064361
0.952,0.003,0.011,0.006291,0.006065232912328918
0.953,0.003,0.011,0.006264,0.006041917852112326
0.954,0.003,0.011,0.006245,0.006018679643142507
0.955,0.003,0.01,0.006216,0.00599551811590053
0.956,0.003,0.01,0.006188,0.005972433100626809
0.957,0.003,0.01,0.006165,0.005949424427327309
0.958,0.002,0.011,0.006131,0.005926491925779635
0.959,0.002,0.01,0.006102,0.005903635425539099
0.96,0.002,0.01,0.00608,0.005880854755944762
0.961,0.002,0.01,0.006069,0.005858149746125397
0.962,0.002,0.01,0.006041,0.005835520225005407
0.963,0.002,0.01,0.006032,0.005812966021310718
0.964,0.002,0.01,0.006015,0.005790486963574587
0.965,0.002,0.01,0.005997,0.005768082880143412
0.966,0.002,0.01,0.005978,0.005745753599182456
0.967,0.002,0.01,0.005948,0.005723498948681519
0.968,0.002,0.01,0.0059370000000000004,0.00570131875646062
0.969,0.002,0.01,0.0059110000000000005,0.00567921285017556
0.97,0.002,0.01,0.005889,0.005657181057323493
0.971,0.002,0.01,0.005879,0.005635223205248429
0.972,0.002,0.01,0.005859,0.005613339121146677
0.973,0.002,0.01,0.00583,0.005591528632072297
0.974,0.002,0.01,0.005806,0.005569791564942447
0.975,0.002,0.01,0.005782,0.005548127746542696
0.976,0.002,0.01,0.005771,0.0055265370035323435
0.977,0.002,0.01,0.005749,0.005505019162449633
0.978,0.002,0.01,0.005739,0.005483574049716951
0.979,0.002,0.01,0.005716,0.005462201491645986
0.98,0.002,0.01,0.005703,0.005440901314442817
0.981,0.002,0.01,0.005679,0.005419673344213008
0.982,0.002,0.01,0.005661,0.005398517406966609
0.983,0.002,0.01,0.00564,0.005377433328623136
0.984,0.002,0.01,0.005616,0.005356420935016519
0.985,0.002,0.01,0.005593,0.005335480051899997
0.986,0.002,0.01,0.005577,0.005314610504950961
0.987,0.002,0.01,0.005561,0.005293812119775786
0.988,0.002,0.01,0.0055320000000000005,0.005273084721914567
0.989,0.002,0.01,0.005511,0.00525242813684589
0.99,0.002,0.01,0.0054930000000000005,0.005231842189991504
0.991,0.002,0.01,0.00547,0.0052113267067209505
0.992,0.002,0.01,0.005438,0.005190881512356207
0.993,0.002,0.01,0.005419,0.005170506432176235
0.994,0.002,0.01,0.005387,0.005150201291421511
0.995,0.002,0.01,0.005365,0.005129965915298517
0.996,0.002,0.009,0.005344,0.005109800128984184
0.997,0.002,0.009,0.005327,0.0050897037576303145
0.998,0.002,0.009,0.005307,0.00506967662636795
0.999,0.002,0.009,0.005298,0.00504971856031169
1.0,0.002,0.009,0.005278,0.005029829384564008
1.001,0.002,0.009,0.005275,0.005010008924219496
1.002,0.002,0.009,0.005267,0.004990257004369077
1.003,0.002,0.009,0.005243,0.004970573450104214
1.004,0.002,0.009,0.005226,0.004950958086520995
1.005,0.002,0.009,0.005214,0.004931410738724314
1.006,0.002,0.009,0.005183,0.004911931231831875
1.007,0.002,0.009,0.005157,0.004892519390978261
1.008,0.002,0.009,0.005155,0.004873175041318919
1.009,0.002,0.009,0.005143,0.004853898008034114
1.01,0.002,0.009,0.00512,0.004834688116332847
1.011,0.002,0.009,0.005104,0.004815545191456778
1.012,0.002,0.009,0.005095,0.004796469058684005
1.013,0.002,0.009,0.005078,0.0047774595433329676
1.014,0.002,0.009,0.005059,0.004758516470766153
1.015,0.002,0.009,0.00503,0.004739639666393878
1.016,0.002,0.009,0.005004,0.004720828955678001
1.017,0.002,0.009,0.0049960000000000004,0.004702084164135578
1.018,0.002,0.009,0.004968,0.004683405117342511
1.019,0.002,0.009,0.004936,0.004664791640937174
1.02,0.002,0.009,0.0049180000000000005,0.004646243560623942
1.021,0.002,0.009,0.004904,0.004627760702176786
1.022,0.002,0.009,0.004887,0.00460934289144273
1.023,0.002,0.009,0.004876,0.004590989954345349
1.024,0.002,0.009,0.004858,0.004572701716888201
1.025,0.002,0.009,0.004837,0.004554478005158238
1.026,0.002,0.009,0.004814,0.004536318645329159
1.027,0.002,0.009,0.004792,0.004518223463664793
1.028,0.002,0.009,0.004776,0.004500192286522341
1.029,0.002,0.009,0.0047610000000000005,0.00448222494035573
1.03,0.002,0.009,0.00475,0.0044643212517187945
1.031,0.002,0.008,0.004729,0.0044464810472685185
1.032,0.002,0.008,0.004713,0.004428704153768213
1.033,0.002,0.008,0.004695,0.004410990398090664
1.034,0.001,0.008,0.004671,0.004393339607221238
1.035,0.001,0.008,0.00466,0.004375751608261005
1.036,0.001,0.008,0.004635,0.004358226228429737
1.037,0.001,0.008,0.004621,0.004340763295069003
1.038,0.001,0.008,0.0046040000000000005,0.00432336263564511
1.039,0.001,0.008,0.004583,0.004306024077752093
1.04,0.001,0.008,0.00456,0.004288747449114652
1.041,0.001,0.008,0.004525,0.004271532577591051
1.042,0.001,0.008,0.004509,0.0042543792911759835
1.043,0.001,0.008,0.004486,0.00423728741800346
1.044,0.001,0.008,0.004469,0.004220256786349565
1.045,0.001,0.008,0.004452,0.004203287224635307
1.046,0.001,0.008,0.004438,0.004186378561429331
1.047,0.001,0.008,0.004432,0.0041695306254506785
1.048,0.001,0.008,0.004407,0.004152743245571482
1.049,0.001,0.008,0.004388,0.004136016250819639
1.05,0.001,0.008,0.00437,0.004119349470381445
1.051,0.001,0.008,0.00436,0.004102742733604256
1.052,0.001,0.008,0.00434,0.00408619586999901
1.053,0.001,0.008,0.004334,0.004069708709242867
1.054,0.001,0.008,0.004328,0.004053281081181685
1.055,0.001,0.008,0.004324,0.004036912815832563
1.056,0.001,0.008,0.004302,0.004020603743386309
1.057,0.001,0.008,0.004292,0.0040043536942099035
1.058,0.001,0.008,0.004281,0.003988162498848913
1.059,0.001,0.008,0.004263,0.0039720299880299246
1.06,0.001,0.008,0.004246,0.003955955992662869
1.061,0.001,0.008,0.004234,0.003939940343843437
1.062,0.001,0.008,0.004229,0.00392398287285534
1.063,0.001,0.008,0.004213,0.003908083411172654
1.064,0.001,0.008,0.004194,0.003892241790462073
1.065,0.001,0.008,0.004181,0.0038764578425851564
1.066,0.001,0.008,0.004161,0.0038607313996005485
1.067,0.001,0.008,0.0041530000000000004,0.003845062293766199
1.068,0.001,0.008,0.004143,0.003829450357541492
1.069,0.001,0.008,0.00413,0.003813895423589443
1.07,0.001,0.008,0.0041140000000000005,0.0037983973247787822
1.071,0.001,0.008,0.004107,0.003782955894186075
1.072,0.001,0.008,0.004091,0.003767570965097792
1.073,0.001,0.008,0.004073,0.0037522423710123587
1.074,0.001,0.008,0.004058,0.00373696994564217
1.075,0.001,0.008,0.004041,0.0037217535229156274
1.076,0.001,0.008,0.0040290000000000005,0.0037065929369790654
1.077,0.001,0.008,0.004004,0.0036914880221987686
1.078,0.001,0.007,0.003987,0.0036764386131628505
1.079,0.001,0.007,0.0039700000000000004,0.0036614445446831977
1.08,0.001,0.007,0.003942,0.003646505651797345
1.081,0.001,0.007,0.003935,0.003631621769770335
1.082,0.001,0.007,0.003911,0.003616792734096566
1.083,0.001,0.007,0.003893,0.003602018380501621
1.084,0.001,0.007,0.003885,0.003587298544944028
1.085,0.001,0.007,0.003872,0.0035726330636170855
1.086,0.001,0.007,0.0038540000000000002,0.0035580217729505757
1.087,0.001,0.007,0.003826,0.003543464509612515
1.088,0.001,0.007,0.003809,0.0035289611105108567
1.089,0.001,0.007,0.003787,0.003514511412795181
1.09,0.001,0.007,0.003773,0.0035001152538583517
1.091,0.001,0.007,0.003758,0.0034857724713381923
1.092,0.001,0.007,0.003754,0.00347148290311906
1.093,0.001,0.007,0.003734,0.003457246387333502
1.094,0.001,0.007,0.003723,0.003443062762363799
1.095,0.001,0.007,0.003702,0.0034289318668435462
1.096,0.001,0.007,0.003684,0.003414853539659196
1.097,0.001,0.007,0.003669,0.003400827619951569
1.098,0.001,0.007,0.003654,0.003386853947117357
1.099,0.001,0.007,0.003638,0.003372932360810621
1.1,0.001,0.007,0.003625,0.003359062700944217
1.101,0.001,0.007,0.003613,0.0033452448076912848
1.102,0.001,0.007,0.003604,0.003331478521486628
1.103,0.001,0.007,0.003597,0.003317763683028138
1.104,0.001,0.007,0.003588,0.003304100133278176
1.105,0.001,0.007,0.003574,0.003290487713464935
1.106,0.001,0.007,0.003565,0.0032769262650837725
1.107,0.001,0.007,0.003555,0.0032634156298985703
1.108,0.001,0.007,0.003546,0.003249955649942993
1.109,0.001,0.007,0.003537,0.00323654616752183
1.11,0.001,0.007,0.003526,0.0032231870252122227
1.111,0.001,0.007,0.00351,0.00320987806586494
1.112,0.001,0.007,0.0034950000000000003,0.0031966191326056096
1.113,0.001,0.007,0.0034750000000000002,0.0031834100688359268
1.114,0.001,0.007,0.003467,0.0031702507182348547
1.115,0.001,0.007,0.003458,0.0031571409247598175
1.116,0.001,0.007,0.00344,0.0031440805326478326
1.117,0.001,0.007,0.003429,0.003131069386416695
1.118,0.001,0.007,0.003412,0.0031181073308660704
1.119,0.001,0.007,0.003412,0.0031051942110786276
1.12,0.001,0.007,0.003395,0.003092329872421124
1.121,0.001,0.007,0.003382,0.0030795141605454803
1.122,0.001,0.007,0.003372,0.003066746921389837
1.123,0.001,0.007,0.003353,0.003054028001179616
1.124,0.001,0.007,0.003336,0.0030413572464285136
1.125,0.001,0.007,0.003322,0.003028734503939548
1.126,0.001,0.007,0.003299,0.0030161596208060186
1.127,0.001,0.007,0.003287,0.0030036324444125
1.128,0.001,0.006,0.003274,0.002991152822435814
1.129,0.001,0.006,0.003258,0.0029787206028459375
1.13,0.001,0.006,0.003239,0.0029663356339069778
1.131,0.001,0.006,0.0032300000000000002,0.002953997764178048
1.132,0.001,0.006,0.0032140000000000003,0.002941706842514183
1.133,0.001,0.006,0.003203,0.0029294627180672236
1.134,0.001,0.006,0.003188,0.00291726524028667
1.135,0.001,0.006,0.0031810000000000002,0.0029051142589205385
1.136,0.001,0.006,0.003176,0.0028930096240162143
1.137,0.001,0.006,0.00316,0.0028809511859212355
1.138,0.001,0.006,0.003153,0.0028689387952841447
1.139,0.001,0.006,0.003136,0.0028569723030552408
1.14,0.001,0.006,0.003127,0.00284505156048738
1.141,0.001,0.006,0.003118,0.0028331764191367316
1.142,0.001,0.006,0.003105,0.0028213467308635205
1.143,0.0,0.006,0.003091,0.0028095623478327633
1.144,0.0,0.006,0.003088,0.0027978231225150017
1.145,0.0,0.006,0.003068,0.002786128907686973
1.146,0.0,0.006,0.003055,0.0027744795564323427
1.147,0.0,0.006,0.003045,0.00276287492214235
1.148,0.0,0.006,0.003035,0.0027513148585164857
1.149,0.0,0.006,0.003027,0.002739799219563141
1.15,0.0,0.006,0.0030110000000000002,0.002728327859600241
1.151,0.0,0.006,0.002992,0.0027169006332558587
1.152,0.0,0.006,0.002986,0.0027055173954688536
1.153,0.0,0.006,0.00297,0.0026941780014894208
1.154,0.0,0.006,0.0029620000000000002,0.0026828823068797245
1.155,0.0,0.006,0.002953,0.0026716301675144285
1.156,0.0,0.006,0.002935,0.002660421439581274
1.157,0.0,0.006,0.002927,0.0026492559795816186
1.158,0.0,0.006,0.002917,0.002638133644330966
1.159,0.0,0.006,0.002906,0.002627054290959484
1.16,0.0,0.006,0.002896,0.0026160177769125196
1.161,0.0,0.006,0.002883,0.0026050239599510723
1.162,0.0,0.006,0.00287,0.0025940726981523057
1.163,0.0,0.006,0.002868,0.0025831638499099873
1.164,0.0,0.006,0.0028510000000000002,0.0025722972739349657
1.165,0.0,0.006,0.002847,0.0025614728292556064
1.166,0.0,0.006,0.0028380000000000002,0.002550690375218231
1.167,0.0,0.006,0.002827,0.002539949771487527
1.168,0.0,0.006,0.0028120000000000003,0.0025292508780469787
1.169,0.0,0.006,0.0028020000000000002,0.002518593555199237
1.17,0.0,0.006,0.002788,0.002507977663566535
1.171,0.0,0.006,0.0027760000000000003,0.002497403064091043
1.172,0.0,0.006,0.002757,0.00248686961803524
1.173,0.0,0.006,0.002741,0.002476377186982268
1.174,0.0,0.006,0.002728,0.0024659256328362707
1.175,0.0,0.006,0.0027140000000000003,0.002455514817822719
1.176,0.0,0.006,0.002703,0.0024451446044887496
1.177,0.0,0.006,0.002696,0.0024348148557034404
1.178,0.0,0.006,0.002692,0.002424525434658149
1.179,0.0,0.006,0.002684,0.0024142762048667645
1.18,0.0,0.006,0.002673,0.002404067030166005
1.181,0.0,0.006,0.002656,0.002393897774715679
1.182,0.0,0.006,0.002641,0.0023837683029989385
1.183,0.0,0.006,0.002631,0.002373678479822521
1.184,0.0,0.006,0.00262,0.0023636281703170053
1.185,0.0,0.006,0.002607,0.0023536172399369996
1.186,0.0,0.006,0.002602,0.0023436455544614
1.187,0.0,0.006,0.002592,0.002333712979993557
1.188,0.0,0.006,0.002581,0.002323819382961499
1.189,0.0,0.006,0.002576,0.0023139646301181013
1.19,0.0,0.006,0.002563,0.0023041485885412715
1.191,0.0,0.006,0.002562,0.0022943711256341055
1.192,0.0,0.006,0.002553,0.002284632109125061
1.193,0.0,0.006,0.00255,0.002274931407068079
1.194,0.0,0.005,0.002541,0.0022652688878427515
1.195,0.0,0.005,0.002525,0.002255644420154428
1.196,0.0,0.005,0.002515,0.0022460578730343437
1.197,0.0,0.005,0.0025,0.00223650911583973
1.198,0.0,0.005,0.002486,0.0022269980182539144
1.199,0.0,0.005,0.00247,0.002217524450286409
1.2,0.0,0.005,0.002461,0.0022080882822730083
1.201,0.0,0.005,0.0024460000000000003,0.002198689384875839
1.202,0.0,0.005,0.002439,0.0021893276290834538
1.203,0.0,0.005,0.002435,0.0021800028862108663
1.204,0.0,0.005,0.002421,0.002170715027899616
1.205,0.0,0.005,0.002412,0.0021614639261177985
1.206,0.0,0.005,0.002406,0.0021522494531601042
1.207,0.0,0.005,0.002393,0.0021430714816478304
1.208,0.0,0.005,0.002379,0.0021339298845289172
1.209,0.0,0.005,0.002366,0.002124824535077929
1.21,0.0,0.005,0.002358,0.0021157553068960797
1.211,0.0,0.005,0.0023480000000000003,0.002106722073911203
1.212,0.0,0.005,0.002336,0.0020977247103777467
1.213,0.0,0.005,0.002324,0.0020887630908767475
1.214,0.0,0.005,0.0023150000000000002,0.002079837090315794
1.215,0.0,0.005,0.002305,0.002070946583928987
1.216,0.0,0.005,0.002291,0.002062091447276902
1.217,0.0,0.005,0.002288,0.0020532715562465113
1.218,0.0,0.005,0.002274,0.0020444867870511524
1.219,0.0,0.005,0.002259,0.002035737016230427
1.22,0.0,0.005,0.0022500000000000003,0.0020270221206501434
1.221,0.0,0.005,0.002239,0.0020183419775022253
1.222,0.0,0.005,0.0022270000000000002,0.0020096964643046174
1.223,0.0,0.005,0.002222,0.002001085458901187
1.224,0.0,0.005,0.002211,0.0019925088394616296
1.225,0.0,0.005,0.002209,0.001983966484481325
1.226,0.0,0.005,0.002198,0.001975458272781256
1.227,0.0,0.005,0.002188,0.001966984083507852
1.228,0.0,0.005,0.002181,0.001958543796132866
1.229,0.0,0.005,0.002174,0.0019501372904532361
1.23,0.0,0.005,0.002167,0.0019417644465909319
1.231,0.0,0.005,0.0021650000000000003,0.0019334251449928009
1.232,0.0,0.005,0.002154,0.0019251192664304201
1.233,0.0,0.005,0.002148,0.0019168466919999045
1.234,0.0,0.005,0.002144,0.0019086073031217628
1.235,0.0,0.005,0.002138,0.001900400981540693
1.236,0.0,0.005,0.002123,0.00189222760932541
1.237,0.0,0.005,0.002115,0.0018840870688684513
1.238,0.0,0.005,0.002109,0.0018759792428859757
1.239,0.0,0.005,0.002102,0.0018679040144175545
1.24,0.0,0.005,0.002095,0.0018598612668259782
1.241,0.0,0.005,0.002084,0.0018518508837970123
1.242,0.0,0.005,0.002076,0.0018438727493392054
1.243,0.0,0.005,0.002069,0.0018359267477836348
1.244,0.0,0.005,0.002059,0.0018280127637836892
1.245,0.0,0.005,0.002049,0.001820130682314821
1.246,0.0,0.005,0.002033,0.0018122803886743049
1.247,0.0,0.005,0.0020210000000000002,0.001804461768480978
1.248,0.0,0.005,0.002016,0.0017966747076750007
1.249,0.0,0.005,0.002011,0.0017889190925175697
1.25,0.0,0.005,0.001996,0.001781194809590676
1.251,0.0,0.005,0.0019820000000000003,0.001773501745796814
1.252,0.0,0.005,0.001964,0.0017658397883587066
1.253,0.0,0.005,0.001958,0.001758208824819034
1.254,0.0,0.005,0.0019450000000000001,0.0017506087430401195
1.255,0.0,0.005,0.001938,0.0017430394312036653
1.256,0.0,0.004,0.001934,0.00173550077781043
1.257,0.0,0.004,0.0019240000000000001,0.0017279926716799367
1.258,0.0,0.004,0.001916,0.0017205150019501605
1.259,0.0,0.004,0.001911,0.0017130676580772136
1.26,0.0,0.004,0.001903,0.001705650529835025
1.261,0.0,0.004,0.001893,0.0016982635073150268
1.262,0.0,0.004,0.001885,0.0016909064809258049
1.263,0.0,0.004,0.001864,0.0016835793413927918
1.264,0.0,0.004,0.0018570000000000001,0.0016762819797579052
1.265,0.0,0.004,0.0018520000000000001,0.0016690142873792225
1.266,0.0,0.004,0.0018390000000000001,0.0016617761559306232
1.267,0.0,0.004,0.001828,0.0016545674774014437
1.268,0.0,0.004,0.001824,0.0016473881440961136
1.269,0.0,0.004,0.00182,0.001640238048633807
1.27,0.0,0.004,0.001815,0.001633117083948062
1.271,0.0,0.004,0.001814,0.0016260251432864315
1.272,0.0,0.004,0.001806,0.0016189621202100856
1.273,0.0,0.004,0.001793,0.001611927908593456
1.274,0.0,0.004,0.0017900000000000001,0.001604922402623843
1.275,0.0,0.004,0.001783,0.0015979454968010312
1.276,0.0,0.004,0.001781,0.0015909970859368976
1.277,0.0,0.004,0.001769,0.001584077065155025
1.278,0.0,0.004,0.001752,0.0015771853298902898
1.279,0.0,0.004,0.001748,0.0015703217758884825
1.28,0.0,0.004,0.001738,0.0015634862992058775
1.281,0.0,0.004,0.001734,0.0015566787962088395
1.282,0.0,0.004,0.001726,0.0015498991635734037
1.283,0.0,0.004,0.00172,0.0015431472982848622
1.284,0.0,0.004,0.0017130000000000001,0.0015364230976373382
1.285,0.0,0.004,0.001706,0.0015297264592333722
1.286,0.0,0.004,0.001697,0.0015230572809834724
1.287,0.0,0.004,0.001692,0.001516415461105711
1.288,0.0,0.004,0.001686,0.0015098008981252685
1.289,0.0,0.004,0.001678,0.0015032134908740005
1.29,0.0,0.004,0.0016820000000000001,0.001496653138490002
1.291,0.0,0.004,0.001676,0.0014901197404171528
1.292,0.0,0.004,0.001671,0.001483613196404671
1.293,0.0,0.004,0.0016640000000000001,0.001477133406506673
1.294,0.0,0.004,0.001657,0.001470680271081693
1.295,0.0,0.004,0.001652,0.0014642536907922528
1.296,0.0,0.004,0.001648,0.0014578535666043794
1.297,0.0,0.004,0.001642,0.0014514797997871472
1.298,0.0,0.004,0.001632,0.0014451322919122186
1.299,0.0,0.004,0.001627,0.0014388109448533568
1.3,0.0,0.004,0.001623,0.0014325156607859612
1.301,0.0,0.004,0.0016200000000000001,0.0014262463421865948
1.302,0.0,0.004,0.0016070000000000001,0.0014200028918324907
1.303,0.0,0.004,0.001601,0.0014137852128010863
1.304,0.0,0.004,0.001595,0.0014075932084695226
1.305,0.0,0.004,0.001587,0.0014014267825141647
1.306,0.0,0.004,0.001582,0.0013952858389101091
1.307,0.0,0.004,0.001575,0.0013891702819306892
1.308,0.0,0.004,0.00157,0.001383080016146974
1.309,0.0,0.004,0.001564,0.001377014946427283
1.31,0.0,0.004,0.001557,0.0013709749779366614
1.311,0.0,0.004,0.0015580000000000001,0.0013649600161364012
1.312,0.0,0.004,0.001547,0.0013589699667835155
1.313,0.0,0.004,0.0015480000000000001,0.0013530047359302385
1.314,0.0,0.004,0.00155,0.0013470642299235095
1.315,0.0,0.004,0.001554,0.00134114835540446
1.316,0.0,0.004,0.001547,0.0013352570193078935
1.317,0.0,0.004,0.0015350000000000001,0.001329390128861779
1.318,0.0,0.004,0.0015300000000000001,0.0013235475915867076
1.319,0.0,0.004,0.0015220000000000001,0.0013177293152953913
1.32,0.0,0.004,0.001518,0.00131193520809212
1.321,0.0,0.004,0.001512,0.0013061651783722458
1.322,0.0,0.004,0.001506,0.0013004191348216431
1.323,0.0,0.004,0.001503,0.0012946969864161837
1.324,0.0,0.004,0.001498,0.0012889986424211913
1.325,0.0,0.004,0.001495,0.0012833240123909212
1.326,0.0,0.004,0.001493,0.0012776730061680032
1.327,0.0,0.004,0.001495,0.0012720455338829186
1.328,0.0,0.004,0.001485,0.0012664415059534385
1.329,0.0,0.004,0.001479,0.0012608608330840964
1.33,0.0,0.004,0.001469,0.0012553034262656293
1.331,0.0,0.004,0.001463,0.0012497691967744394
1.332,0.0,0.004,0.001453,0.0012442580561720313
1.333,0.0,0.004,0.001451,0.0012387699163044711
1.334,0.0,0.004,0.001442,0.001233304689301823
1.335,0.0,0.004,0.0014370000000000001,0.0012278622875776047
1.336,0.0,0.004,0.001435,0.0012224426238282176
1.337,0.0,0.004,0.001431,0.0012170456110323939
1.338,0.0,0.004,0.001423,0.001211671162450636
1.339,0.0,0.004,0.001426,0.001206319191624654
1.34,0.0,0.003,0.0014140000000000001,0.001200989612376794
1.341,0.0,0.003,0.001408,0.001195682338809489
1.342,0.0,0.003,0.001403,0.0011903972853046692
1.343,0.0,0.004,0.001396,0.0011851343665232105
1.344,0.0,0.004,0.001396,0.0011798934974043595
1.345,0.0,0.004,0.001391,0.0011746745931651584
1.346,0.0,0.003,0.001387,0.001169477569299875
1.347,0.0,0.003,0.001381,0.0011643023415794254
1.348,0.0,0.003,0.001373,0.0011591488260507992
1.349,0.0,0.003,0.001367,0.0011540169390364848
1.35,0.0,0.003,0.00136,0.0011489065971338804
1.351,0.0,0.003,0.001351,0.001143817717214734
1.352,0.0,0.003,0.001347,0.0011387502164245372
1.353,0.0,0.003,0.001342,0.0011337040121819587
1.354,0.0,0.003,0.0013390000000000001,0.0011286790221782595
1.355,0.0,0.003,0.00133,0.0011236751643767023
1.356,0.0,0.003,0.001323,0.0011186923570119646
1.357,0.0,0.003,0.00132,0.0011137305185895635
1.358,0.0,0.003,0.001323,0.0011087895678852458
1.359,0.0,0.003,0.0013160000000000001,0.0011038694239444212
1.36,0.0,0.003,0.001314,0.0010989700060815557
1.361,0.0,0.003,0.0013080000000000001,0.0010940912338795884
1.362,0.0,0.003,0.001299,0.0010892330271893335
1.363,0.0,0.003,0.001295,0.0010843953061288878
1.364,0.0,0.003,0.001289,0.0010795779910830422
1.365,0.0,0.003,0.0012850000000000001,0.0010747810027026778
1.366,0.0,0.003,0.001281,0.0010700042619041666
1.367,0.0,0.003,0.001277,0.0010652476898687935
1.368,0.0,0.003,0.001275,0.0010605112080421298
1.369,0.0,0.003,0.001274,0.0010557947381334594
1.37,0.0,0.003,0.00127,0.0010510982021151624
1.371,0.0,0.003,0.001264,0.0010464215222221224
1.372,0.0,0.003,0.001256,0.001041764620951118
1.373,0.0,0.003,0.001248,0.0010371274210602324
1.374,0.0,0.003,0.001244,0.001032509845568236
1.375,0.0,0.003,0.001238,0.0010279118177539918
1.376,0.0,0.003,0.001233,0.0010233332611558478
1.377,0.0,0.003,0.001228,0.001018774099571034
1.378,0.0,0.003,0.001224,0.001014234257055055
1.379,0.0,0.003,0.0012230000000000001,0.0010097136579210785
1.38,0.0,0.003,0.001217,0.001005212226739342
1.381,0.0,0.003,0.001217,0.001000729888336528
1.382,0.0,0.003,0.001215,0.0009962665677951679
1.383,0.0,0.003,0.001211,0.0009918221904530306
1.384,0.0,0.003,0.001203,0.0009873966819025125
1.385,0.0,0.003,0.001197,0.000982989967990021
1.386,0.0,0.003,0.001189,0.0009786019748153796
1.387,0.0,0.003,0.001184,0.0009742326287312026
1.388,0.0,0.003,0.001183,0.0009698818563422901
1.389,0.0,0.003,0.001179,0.0009655495845050177
1.39,0.0,0.003,0.001175,0.0009612357403267202
1.391,0.0,0.003,0.0011740000000000001,0.0009569402511650826
1.392,0.0,0.003,0.001168,0.0009526630446275276
1.393,0.0,0.003,0.001166,0.0009484040485705988
1.394,0.0,0.003,0.001164,0.0009441631910993532
1.395,0.0,0.003,0.001155,0.0009399404005667366
1.396,0.0,0.003,0.00115,0.0009357356055729863
1.397,0.0,0.003,0.001146,0.0009315487349650014
1.398,0.0,0.003,0.001145,0.0009273797178357348
1.399,0.0,0.003,0.00114,0.0009232284835235793
1.4,0.0,0.003,0.001135,0.0009190949616117512
1.401,0.0,0.003,0.001136,0.0009149790819276706
1.402,0.0,0.003,0.001132,0.0009108807745423593
1.403,0.0,0.003,0.001126,0.0009067999697698068
1.404,0.0,0.003,0.0011200000000000001,0.0009027365981663675
1.405,0.0,0.003,0.001117,0.0008986905905301432
1.406,0.0,0.003,0.001114,0.0008946618779003639
1.407,0.0,0.003,0.001113,0.0008906503915567726
1.408,0.0,0.003,0.001108,0.0008866560630190094
1.409,0.0,0.003,0.001108,0.0008826788240459972
1.41,0.0,0.003,0.001099,0.0008787186066353228
1.411,0.0,0.003,0.001096,0.0008747753430226179
1.412,0.0,0.003,0.00109,0.0008708489656809542
1.413,0.0,0.003,0.0010840000000000001,0.0008669394073202108
1.414,0.0,0.003,0.001078,0.0008630466008864718
1.415,0.0,0.003,0.001077,0.0008591704795614026
1.416,0.0,0.003,0.0010710000000000001,0.0008553109767616368
1.417,0.0,0.003,0.001073,0.0008514680261381532
1.418,0.0,0.003,0.001069,0.0008476415615756754
1.419,0.0,0.003,0.001067,0.0008438315171920357
1.42,0.0,0.003,0.001063,0.0008400378273375737
1.421,0.0,0.003,0.0010580000000000001,0.0008362604265945157
1.422,0.0,0.003,0.001057,0.0008324992497763578
1.423,0.0,0.003,0.0010530000000000001,0.0008287542319272526
1.424,0.0,0.003,0.001051,0.0008250253083213928
1.425,0.0,0.003,0.001048,0.0008213124144623951
1.426,0.0,0.003,0.001043,0.0008176154860826885
1.427,0.0,0.003,0.001041,0.0008139344591428921
1.428,0.0,0.003,0.001034,0.0008102692698312131
1.429,0.0,0.003,0.001032,0.0008066198545628177
1.43,0.0,0.003,0.001029,0.0008029861499792274
1.431,0.0,0.003,0.001026,0.0007993680929477017
1.432,0.0,0.003,0.001021,0.000795765620560626
1.433,0.0,0.003,0.001015,0.0007921786701348911
1.434,0.0,0.003,0.001013,0.0007886071792112953
1.435,0.0,0.003,0.001007,0.0007850510855539128
1.436,0.0,0.003,0.001005,0.0007815103271494965
1.437,0.0,0.003,0.001001,0.0007779848422068596
1.438,0.0,0.003,0.001,0.0007744745691562624
1.439,0.0,0.003,0.000995,0.0007709794466488055
1.44,0.0,0.003,0.00099,0.0007674994135558138
1.441,0.0,0.003,0.000988,0.0007640344089682306
1.442,0.0,0.003,0.000982,0.0007605843721960053
1.443,0.0,0.003,0.00098,0.0007571492427674778
1.444,0.0,0.003,0.000977,0.0007537289604287848
1.445,0.0,0.003,0.000972,0.0007503234651432305
1.446,0.0,0.003,0.00097,0.0007469326970906939
1.447,0.0,0.003,0.000965,0.0007435565966670146
1.448,0.0,0.003,0.00096,0.0007401951044833845
1.449,0.0,0.003,0.00096,0.0007368481613657389
1.45,0.0,0.003,0.000956,0.0007335157083541597
1.451,0.0,0.003,0.000951,0.0007301976867022543
1.452,0.0,0.003,0.000945,0.0007268940378765625
1.453,0.0,0.003,0.000942,0.0007236047035559442
1.454,0.0,0.003,0.0009350000000000001,0.0007203296256309783
1.455,0.0,0.003,0.000933,0.0007170687462033561
1.456,0.0,0.003,0.000929,0.0007138220075852793
1.457,0.0,0.003,0.000928,0.0007105893522988572
1.458,0.0,0.003,0.000924,0.0007073707230755029
1.459,0.0,0.003,0.0009260000000000001,0.0007041660628553295
1.46,0.0,0.003,0.0009170000000000001,0.0007009753147865571
1.461,0.0,0.003,0.000916,0.0006977984222249005
1.462,0.0,0.003,0.000912,0.0006946353287329776
1.463,0.0,0.003,0.0009040000000000001,0.0006914859780797069
1.464,0.0,0.003,0.0008950000000000001,0.0006883503142397096
1.465,0.0,0.002,0.000892,0.0006852282813927067
1.466,0.0,0.003,0.0008900000000000001,0.0006821198239229319
1.467,0.0,0.003,0.000884,0.0006790248864185217
1.468,0.0,0.003,0.000878,0.0006759434136709282
1.469,0.0,0.003,0.000874,0.0006728753506743205
1.47,0.0,0.002,0.000864,0.0006698206426249899
1.471,0.0,0.003,0.000864,0.000666779234920755
1.472,0.0,0.002,0.000857,0.0006637510731603689
1.473,0.0,0.002,0.000857,0.0006607361031429258
1.474,0.0,0.002,0.000856,0.0006577342708672707
1.475,0.0,0.002,0.000849,0.0006547455225314015
1.476,0.0,0.002,0.0008500000000000001,0.0006517698045318901
1.477,0.0,0.002,0.0008500000000000001,0.0006488070634632787
1.478,0.0,0.002,0.000846,0.000645857246117501
1.479,0.0,0.002,0.000842,0.0006429202994832883
1.48,0.0,0.002,0.000839,0.0006399961707455851
1.481,0.0,0.002,0.00084,0.0006370848072849549
1.482,0.0,0.002,0.000842,0.0006341861566770078
1.483,0.0,0.002,0.000839,0.0006313001666917976
1.484,0.0,0.002,0.000835,0.0006284267852932516
1.485,0.0,0.002,0.0008280000000000001,0.0006255659606385797
1.486,0.0,0.002,0.000824,0.0006227176410776919
1.487,0.0,0.002,0.00082,0.0006198817751526181
1.488,0.0,0.002,0.00082,0.000617058311596924
1.489,0.0,0.002,0.00082,0.000614247199335133
1.49,0.0,0.002,0.0008190000000000001,0.0006114483874821458
1.491,0.0,0.002,0.0008190000000000001,0.0006086618253426562
1.492,0.0,0.002,0.000817,0.000605887462410585
1.493,0.0,0.002,0.00082,0.0006031252483684894
1.494,0.0,0.002,0.000817,0.0006003751330869941
1.495,0.0,0.002,0.000813,0.0005976370666242153
1.496,0.0,0.002,0.000813,0.0005949109992251839
1.497,0.0,0.002,0.000811,0.0005921968813212697
1.498,0.0,0.002,0.000809,0.000589494663529618
1.499,0.0,0.002,0.000809,0.0005868042966525633
1.5,0.0,0.002,0.000802,0.0005841257316770702
