AAA,AAB,ABB,BBB,all,x
0.0,0.0,0.0,0.0,0.0,0.0
9.940179640539353e-07,0.0,0.0,9.940179640539353e-07,1.9880359281078707e-06,0.001
3.952286851447722e-06,0.0,0.0,3.952286851447722e-06,7.904573702895444e-06,0.002
8.839449291224707e-06,0.0,0.0,8.839449291224707e-06,1.7678898582449415e-05,0.003
1.5620571356126547e-05,0.0,0.0,1.5620571356126547e-05,3.1241142712253095e-05,0.004
2.4261138338712705e-05,0.0,0.0,2.4261138338712705e-05,4.852227667742541e-05,0.005
3.472705056539243e-05,0.0,0.0,3.472705056539243e-05,6.945410113078486e-05,0.006
4.6984619248051745e-05,0.0,0.0,4.6984619248051745e-05,9.396923849610349e-05,0.007
6.10005623729603e-05,0.0,0.0,6.10005623729603e-05,0.0001220011247459206,0.008
7.674200062664569e-05,0.0,0.0,7.674200062664569e-05,0.00015348400125329137,0.009000000000000001
9.417645335842491e-05,0.0,0.0,9.417645335842491e-05,0.00018835290671684982,0.010000000000000002
0.00011327183457928595,0.0,0.0,0.00011327183457928595,0.0002265436691585719,0.011000000000000003
0.0001339964489968137,0.0,0.0,0.0001339964489968137,0.0002679928979936274,0.012000000000000004
0.00015631898808585824,0.0,0.0,0.00015631898808585824,0.0003126379761717165,0.013000000000000005
0.00018020852619464456,0.0,0.0,0.00018020852619464456,0.0003604170523892891,0.014000000000000005
0.00020563451668602651,0.0,0.0,0.00020563451668602651,0.00041126903337205303,0.015000000000000006
0.00023256678811358898,0.0,0.0,0.00023256678811358898,0.00046513357622717796,0.016000000000000007
0.00026097554043230566,0.0,0.0,0.00026097554043230566,0.0005219510808646113,0.017000000000000008
0.0002908313412434612,0.0,0.0,0.0002908313412434612,0.0005816626824869224,0.01800000000000001
0.0003221051220735497,0.0,0.0,0.0003221051220735497,0.0006442102441470994,0.01900000000000001
0.0003547681746868634,0.0,0.0,0.0003547681746868634,0.0007095363493737268,0.02000000000000001
0.00038879214743148683,0.0,0.0,0.00038879214743148683,0.0007775842948629737,0.02100000000000001
0.0004241490416184171,0.0,0.0,0.0004241490416184171,0.0008482980832368342,0.022000000000000013
0.0004608112079335278,0.0,0.0,0.0004608112079335278,0.0009216224158670556,0.023000000000000013
0.0004987513428821027,0.0,0.0,0.0004987513428821027,0.0009975026857642053,0.024000000000000014
0.0005379424852656618,0.0,0.0,0.0005379424852656618,0.0010758849705313235,0.025000000000000015
0.0005783580126908091,0.0,0.0,0.0005783580126908091,0.0011567160253816182,0.026000000000000016
0.0006199716381098306,0.0,0.0,0.0006199716381098306,0.0012399432762196612,0.027000000000000017
0.0006627574063927732,0.0,0.0,0.0006627574063927732,0.0013255148127855464,0.028000000000000018
0.0007066896909307418,0.0,0.0,0.0007066896909307418,0.0014133793818614836,0.02900000000000002
0.0007517431902701457,0.0,0.0,0.0007517431902701457,0.0015034863805402914,0.03000000000000002
0.0007978929247776383,0.0,0.0,0.0007978929247776383,0.0015957858495552766,0.03100000000000002
0.000845114233335484,0.0,0.0,0.000845114233335484,0.001690228466670968,0.03200000000000002
0.000893382770067099,0.0,0.0,0.000893382770067099,0.001786765540134198,0.03300000000000002
0.0009426745010925116,0.0,0.0,0.0009426745010925116,0.0018853490021850231,0.03400000000000002
0.0009929657013134803,0.0,0.0,0.0009929657013134803,0.0019859314026269607,0.035000000000000024
0.001044232951228031,0.0,0.0,0.001044232951228031,0.002088465902456062,0.036000000000000025
0.0010964531337741498,0.0,0.0,0.0010964531337741498,0.0021929062675482996,0.037000000000000026
0.0011496034312023966,0.0,0.0,0.0011496034312023966,0.0022992068624047932,0.03800000000000003
0.0012036613219771847,0.0,0.0,0.0012036613219771847,0.0024073226439543694,0.03900000000000003
0.001258604577706487,0.0,0.0,0.001258604577706487,0.002517209155412974,0.04000000000000003
0.001314411260099729,0.0,0.0,0.001314411260099729,0.002628822520199458,0.04100000000000003
0.0013710597179536228,0.0,0.0,0.0013710597179536228,0.0027421194359072455,0.04200000000000003
0.001428528584165712,0.0,0.0,0.001428528584165712,0.002857057168331424,0.04300000000000003
0.001486796772775385,0.0,0.0,0.001486796772775385,0.00297359354555077,0.04400000000000003
0.0015458434760321296,0.0,0.0,0.0015458434760321296,0.003091686952064259,0.04500000000000003
0.001605648161490789,0.0,0.0,0.001605648161490789,0.003211296322981578,0.046000000000000034
0.0016661905691335954,0.0,0.0,0.0016661905691335954,0.003332381138267191,0.047000000000000035
0.0017274507085187534,0.0,0.0,0.0017274507085187534,0.0034549014170375068,0.048000000000000036
0.001789408855955338,0.0,0.0,0.001789408855955338,0.003578817711910676,0.04900000000000004
0.0018520455517042973,0.0,0.0,0.0018520455517042973,0.0037040911034085947,0.05000000000000004
0.001915341597205319,0.0,0.0,0.001915341597205319,0.003830683194410638,0.05100000000000004
0.0019792780523293593,0.0,0.0,0.0019792780523293593,0.0039585561046587186,0.05200000000000004
0.0020438362326566013,0.0,0.0,0.0020438362326566013,0.0040876724653132026,0.05300000000000004
0.002108997706779623,0.0,0.0,0.002108997706779623,0.004217995413559246,0.05400000000000004
0.0021747442936315793,0.0,0.0,0.0021747442936315793,0.0043494885872631586,0.05500000000000004
0.0022410580598391586,0.0,0.0,0.0022410580598391586,0.004482116119678317,0.05600000000000004
0.0023079213171001197,0.0,0.0,0.0023079213171001197,0.004615842634200239,0.057000000000000044
0.002375316619585192,0.0,0.0,0.002375316619585192,0.004750633239170384,0.058000000000000045
0.00244322676136413,0.0,0.0,0.00244322676136413,0.00488645352272826,0.059000000000000045
0.002511634773855715,0.0,0.0,0.002511634773855715,0.00502326954771143,0.060000000000000046
0.0025805239233015046,0.0,0.0,0.0025805239233015046,0.005161047846603009,0.06100000000000005
0.0026498777082631145,0.0,0.0,0.0026498777082631145,0.005299755416526229,0.06200000000000005
0.0027196798571428424,0.0,0.0,0.0027196798571428424,0.005439359714285685,0.06300000000000004
0.0027899143257274286,0.0,0.0,0.0027899143257274286,0.005579828651454857,0.06400000000000004
0.002860565294754749,0.0,0.0,0.002860565294754749,0.005721130589509498,0.06500000000000004
0.0029316171675032583,0.0,0.0,0.0029316171675032583,0.005863234335006517,0.06600000000000004
0.00300305456740397,0.0,0.0,0.00300305456740397,0.00600610913480794,0.06700000000000005
0.00307486233567479,0.0,0.0,0.00307486233567479,0.00614972467134958,0.06800000000000005
0.0031470255289770127,0.0,0.0,0.0031470255289770127,0.006294051057954025,0.06900000000000005
0.003219529417093782,0.0,0.0,0.003219529417093782,0.006439058834187564,0.07000000000000005
0.0032923594806303293,0.0,0.0,0.0032923594806303293,0.006584718961260659,0.07100000000000005
0.0033655014087358077,0.0,0.0,0.0033655014087358077,0.006731002817471615,0.07200000000000005
0.0034389410968465265,0.0,0.0,0.0034389410968465265,0.006877882193693053,0.07300000000000005
0.003512664644450408,0.0,0.0,0.003512664644450408,0.007025329288900816,0.07400000000000005
0.0035866583528724786,0.0,0.0,0.0035866583528724786,0.007173316705744957,0.07500000000000005
0.0036609087230812234,0.0,0.0,0.0036609087230812234,0.007321817446162447,0.07600000000000005
0.0037354024535156023,0.0,0.0,0.0037354024535156023,0.007470804907031205,0.07700000000000005
0.0038101264379325744,0.0,0.0,0.0038101264379325744,0.007620252875865149,0.07800000000000006
0.0038850677632749366,0.0,0.0,0.0038850677632749366,0.007770135526549873,0.07900000000000006
0.003960213707559305,0.0,0.0,0.003960213707559305,0.00792042741511861,0.08000000000000006
0.004035551737784066,0.0,0.0,0.004035551737784066,0.008071103475568131,0.08100000000000006
0.004111069507857121,0.0,0.0,0.004111069507857121,0.008222139015714242,0.08200000000000006
0.004186754856543259,0.0,0.0,0.004186754856543259,0.008373509713086518,0.08300000000000006
0.004262595805430986,0.0,0.0,0.004262595805430986,0.008525191610861972,0.08400000000000006
0.0043385805569186265,0.0,0.0,0.0043385805569186265,0.008677161113837253,0.08500000000000006
0.004414697492219556,0.0,0.0,0.004414697492219556,0.008829394984439113,0.08600000000000006
0.004490935169386385,0.0,0.0,0.004490935169386385,0.00898187033877277,0.08700000000000006
0.004567282321353919,0.0,0.0,0.004567282321353919,0.009134564642707838,0.08800000000000006
0.0046437278540007515,0.0,0.0,0.0046437278540007515,0.009287455708001503,0.08900000000000007
0.004720260844229321,0.0,0.0,0.004720260844229321,0.009440521688458643,0.09000000000000007
0.0047968705380642615,0.0,0.0,0.0047968705380642615,0.009593741076128523,0.09100000000000007
0.004873546348768898,0.0,0.0,0.004873546348768898,0.009747092697537795,0.09200000000000007
0.004950277854979726,0.0,0.0,0.004950277854979726,0.009900555709959452,0.09300000000000007
0.005027054798858725,0.0,0.0,0.005027054798858725,0.01005410959771745,0.09400000000000007
0.005103867084263328,0.0,0.0,0.005103867084263328,0.010207734168526656,0.09500000000000007
0.005180704774933921,0.0,0.0,0.005180704774933921,0.010361409549867842,0.09600000000000007
0.005257558092698707,0.0,0.0,0.005257558092698707,0.010515116185397414,0.09700000000000007
0.005334417415695772,0.0,0.0,0.005334417415695772,0.010668834831391544,0.09800000000000007
0.0054112732766122325,0.0,0.0,0.0054112732766122325,0.010822546553224465,0.09900000000000007
0.00548811636094027,0.0,0.0,0.00548811636094027,0.01097623272188054,0.10000000000000007
0.005564937505249958,0.0,0.0,0.005564937505249958,0.011129875010499916,0.10100000000000008
0.005641727695478688,0.0,0.0,0.005641727695478688,0.011283455390957375,0.10200000000000008
0.005718478065237078,0.0,0.0,0.005718478065237078,0.011436956130474156,0.10300000000000008
0.00579517989413121,0.0,0.0,0.00579517989413121,0.01159035978826242,0.10400000000000008
0.005871824606101047,0.0,0.0,0.005871824606101047,0.011743649212202095,0.10500000000000008
0.005948403767774898,0.0,0.0,0.005948403767774898,0.011896807535549796,0.10600000000000008
0.006024909086839787,0.0,0.0,0.006024909086839787,0.012049818173679575,0.10700000000000008
0.006101332410427575,0.0,0.0,0.006101332410427575,0.01220266482085515,0.10800000000000008
0.006177665723516735,0.0,0.0,0.006177665723516735,0.01235533144703347,0.10900000000000008
0.006253901147349567,0.0,0.0,0.006253901147349567,0.012507802294699133,0.11000000000000008
0.006330030937864817,0.0,0.0,0.006330030937864817,0.012660061875729633,0.11100000000000008
0.006406047484145467,0.0,0.0,0.006406047484145467,0.012812094968290935,0.11200000000000009
0.006481943306881643,0.0,0.0,0.006481943306881643,0.012963886613763286,0.11300000000000009
0.006557711056848438,0.0,0.0,0.006557711056848438,0.013115422113696876,0.11400000000000009
0.00663334351339859,0.0,0.0,0.00663334351339859,0.01326668702679718,0.11500000000000009
0.006708833582969816,0.0,0.0,0.006708833582969816,0.013417667165939631,0.11600000000000009
0.006784174297606713,0.0,0.0,0.006784174297606713,0.013568348595213426,0.11700000000000009
0.006859358813497093,0.0,0.0,0.006859358813497093,0.013718717626994186,0.11800000000000009
0.006934380409522618,0.0,0.0,0.006934380409522618,0.013868760819045235,0.11900000000000009
0.007009232485823599,0.0,0.0,0.007009232485823599,0.014018464971647198,0.12000000000000009
0.007083908562377863,0.0,0.0,0.007083908562377863,0.014167817124755726,0.1210000000000001
0.0071584022775935275,0.0,0.0,0.0071584022775935275,0.014316804555187055,0.1220000000000001
0.0072327073869155835,0.0,0.0,0.0072327073869155835,0.014465414773831167,0.1230000000000001
0.007306817761446164,0.0,0.0,0.007306817761446164,0.014613635522892328,0.1240000000000001
0.0073807273865783615,0.0,0.0,0.0073807273865783615,0.014761454773156723,0.12500000000000008
0.007454430360643489,0.0,0.0,0.007454430360643489,0.014908860721286978,0.12600000000000008
0.007527920893571654,0.0,0.0,0.007527920893571654,0.015055841787143307,0.12700000000000009
0.007601193305565547,0.0,0.0,0.007601193305565547,0.015202386611131094,0.12800000000000009
0.007674242025787292,0.0,0.0,0.007674242025787292,0.015348484051574584,0.1290000000000001
0.007747061591058285,0.0,0.0,0.007747061591058285,0.01549412318211657,0.1300000000000001
0.007819646644571868,0.0,0.0,0.007819646644571868,0.015639293289143735,0.1310000000000001
0.007891991934618748,0.0,0.0,0.007891991934618748,0.015783983869237496,0.1320000000000001
0.007964092313325045,0.0,0.0,0.007964092313325045,0.01592818462665009,0.1330000000000001
0.008035942735402835,0.0,0.0,0.008035942735402835,0.01607188547080567,0.1340000000000001
0.00810753825691311,0.0,0.0,0.00810753825691311,0.01621507651382622,0.1350000000000001
0.008178874034041012,0.0,0.0,0.008178874034041012,0.016357748068082024,0.1360000000000001
0.008249945321883268,0.0,0.0,0.008249945321883268,0.016499890643766536,0.1370000000000001
0.008320747473247665,0.0,0.0,0.008320747473247665,0.01664149494649533,0.1380000000000001
0.008391275937464516,0.0,0.0,0.008391275937464516,0.01678255187492903,0.1390000000000001
0.008461526259209968,0.0,0.0,0.008461526259209968,0.016923052518419936,0.1400000000000001
0.008531494077341061,0.0,0.0,0.008531494077341061,0.017062988154682122,0.1410000000000001
0.00860117512374243,0.0,0.0,0.00860117512374243,0.01720235024748486,0.1420000000000001
0.008670565222184554,0.0,0.0,0.008670565222184554,0.017341130444369107,0.1430000000000001
0.008739660287193434,0.0,0.0,0.008739660287193434,0.017479320574386868,0.1440000000000001
0.008808456322931618,0.0,0.0,0.008808456322931618,0.017616912645863236,0.1450000000000001
0.008876949422090429,0.0,0.0,0.008876949422090429,0.017753898844180858,0.1460000000000001
0.00894513576479337,0.0,0.0,0.00894513576479337,0.01789027152958674,0.1470000000000001
0.009013011617510513,0.0,0.0,0.009013011617510513,0.018026023235021026,0.1480000000000001
0.009080573331983852,0.0,0.0,0.009080573331983852,0.018161146663967703,0.1490000000000001
0.009147817344163487,0.0,0.0,0.009147817344163487,0.018295634688326973,0.1500000000000001
0.009214740173154524,0.0,0.0,0.009214740173154524,0.01842948034630905,0.1510000000000001
0.009281338420174635,0.0,0.0,0.009281338420174635,0.01856267684034927,0.1520000000000001
0.009347608767522157,0.0,0.0,0.009347608767522157,0.018695217535044314,0.1530000000000001
0.009413547977554636,0.0,0.0,0.009413547977554636,0.01882709595510927,0.1540000000000001
0.009479152891677724,0.0,0.0,0.009479152891677724,0.018958305783355448,0.1550000000000001
0.009544420429344346,0.0,0.0,0.009544420429344346,0.019088840858688692,0.1560000000000001
0.00960934758706402,0.0,0.0,0.00960934758706402,0.01921869517412804,0.1570000000000001
0.009673931437422272,0.0,0.0,0.009673931437422272,0.019347862874844544,0.1580000000000001
0.009738169128110026,0.0,0.0,0.009738169128110026,0.01947633825622005,0.1590000000000001
0.009802057880962875,0.0,0.0,0.009802057880962875,0.01960411576192575,0.16000000000000011
0.009865594991010185,0.0,0.0,0.009865594991010185,0.01973118998202037,0.16100000000000012
0.009928777825533894,0.0,0.0,0.009928777825533894,0.01985755565106779,0.16200000000000012
0.00999160382313695,0.0,0.0,0.00999160382313695,0.0199832076462739,0.16300000000000012
0.010054070492821275,0.0,0.0,0.010054070492821275,0.02010814098564255,0.16400000000000012
0.010116175413075202,0.0,0.0,0.010116175413075202,0.020232350826150405,0.16500000000000012
0.010177916230970268,0.0,0.0,0.010177916230970268,0.020355832461940535,0.16600000000000012
0.010239290661267289,0.0,0.0,0.010239290661267289,0.020478581322534578,0.16700000000000012
0.010300296485531638,0.0,0.0,0.010300296485531638,0.020600592971063276,0.16800000000000012
0.010360931551257637,0.0,0.0,0.010360931551257637,0.020721863102515274,0.16900000000000012
0.01042119377100197,0.0,0.0,0.01042119377100197,0.02084238754200394,0.17000000000000012
0.010481081121526067,0.0,0.0,0.010481081121526067,0.020962162243052133,0.17100000000000012
0.010540591642947331,0.0,0.0,0.010540591642947331,0.021081183285894662,0.17200000000000013
0.010599723437899162,0.0,0.0,0.010599723437899162,0.021199446875798323,0.17300000000000013
0.010658474670699693,0.0,0.0,0.010658474670699693,0.021316949341399386,0.17400000000000013
0.010716843566529142,0.0,0.0,0.010716843566529142,0.021433687133058283,0.17500000000000013
0.010774828410615708,0.0,0.0,0.010774828410615708,0.021549656821231417,0.17600000000000013
0.010832427547429961,0.0,0.0,0.010832427547429961,0.021664855094859922,0.17700000000000013
0.010889639379887588,0.0,0.0,0.010889639379887588,0.021779278759775176,0.17800000000000013
0.010946462368560476,0.0,0.0,0.010946462368560476,0.021892924737120952,0.17900000000000013
0.011002895030896036,0.0,0.0,0.011002895030896036,0.022005790061792072,0.18000000000000013
0.01105893594044467,0.0,0.0,0.01105893594044467,0.02211787188088934,0.18100000000000013
0.011114583726095344,0.0,0.0,0.011114583726095344,0.02222916745219069,0.18200000000000013
0.01116983707131916,0.0,0.0,0.01116983707131916,0.02233967414263832,0.18300000000000013
0.011224694713420897,0.0,0.0,0.011224694713420897,0.022449389426841795,0.18400000000000014
0.011279155442798356,0.0,0.0,0.011279155442798356,0.022558310885596712,0.18500000000000014
0.011333218102209571,0.0,0.0,0.011333218102209571,0.022666436204419143,0.18600000000000014
0.011386881586047705,0.0,0.0,0.011386881586047705,0.02277376317209541,0.18700000000000014
0.011440144839623585,0.0,0.0,0.011440144839623585,0.02288028967924717,0.18800000000000014
0.01149300685845585,0.0,0.0,0.01149300685845585,0.0229860137169117,0.18900000000000014
0.01154546668756858,0.0,0.0,0.01154546668756858,0.02309093337513716,0.19000000000000014
0.011597523420796377,0.0,0.0,0.011597523420796377,0.023195046841592754,0.19100000000000014
0.011649176200096829,0.0,0.0,0.011649176200096829,0.023298352400193657,0.19200000000000014
0.011700424214870251,0.0,0.0,0.011700424214870251,0.023400848429740502,0.19300000000000014
0.011751266701286693,0.0,0.0,0.011751266701286693,0.023502533402573387,0.19400000000000014
0.011801702941620076,0.0,0.0,0.011801702941620076,0.023603405883240152,0.19500000000000015
0.011851732263589473,0.0,0.0,0.011851732263589473,0.023703464527178947,0.19600000000000015
0.011901354039707407,0.0,0.0,0.011901354039707407,0.023802708079414814,0.19700000000000015
0.011950567686635098,0.0,0.0,0.011950567686635098,0.023901135373270196,0.19800000000000015
0.011999372664544657,0.0,0.0,0.011999372664544657,0.023998745329089313,0.19900000000000015
0.012047768476488094,0.0,0.0,0.012047768476488094,0.02409553695297619,0.20000000000000015
0.012095754667773103,0.0,0.0,0.012095754667773103,0.024191509335546205,0.20100000000000015
0.012143330825345584,0.0,0.0,0.012143330825345584,0.02428666165069117,0.20200000000000015
0.012190496577178784,0.0,0.0,0.012190496577178784,0.02438099315435757,0.20300000000000015
0.012237251591669053,0.0,0.0,0.012237251591669053,0.024474503183338107,0.20400000000000015
0.012283595577038123,0.0,0.0,0.012283595577038123,0.024567191154076247,0.20500000000000015
0.01232952828074184,0.0,0.0,0.01232952828074184,0.02465905656148368,0.20600000000000016
0.01237504948888532,0.0,0.0,0.01237504948888532,0.02475009897777064,0.20700000000000016
0.012420159025644445,0.0,0.0,0.012420159025644445,0.02484031805128889,0.20800000000000016
0.012464856752693636,0.0,0.0,0.012464856752693636,0.024929713505387273,0.20900000000000016
0.01250914256863988,0.0,0.0,0.01250914256863988,0.02501828513727976,0.21000000000000016
0.012553016408462885,0.0,0.0,0.012553016408462885,0.02510603281692577,0.21100000000000016
0.012596478242961394,0.0,0.0,0.012596478242961394,0.025192956485922787,0.21200000000000016
0.012639528078205507,0.0,0.0,0.012639528078205507,0.025279056156411014,0.21300000000000016
0.012682165954995047,0.0,0.0,0.012682165954995047,0.025364331909990094,0.21400000000000016
0.012724391948323808,0.0,0.0,0.012724391948323808,0.025448783896647616,0.21500000000000016
0.012766206166849765,0.0,0.0,0.012766206166849765,0.02553241233369953,0.21600000000000016
0.012807608752371026,0.0,0.0,0.012807608752371026,0.025615217504742053,0.21700000000000016
0.012848599879307627,0.0,0.0,0.012848599879307627,0.025697199758615254,0.21800000000000017
0.012889179754189005,0.0,0.0,0.012889179754189005,0.02577835950837801,0.21900000000000017
0.012929348615147166,0.0,0.0,0.012929348615147166,0.025858697230294332,0.22000000000000017
0.012969106731415431,0.0,0.0,0.012969106731415431,0.025938213462830862,0.22100000000000017
0.013008454402832778,0.0,0.0,0.013008454402832778,0.026016908805665557,0.22200000000000017
0.013047391959353657,0.0,0.0,0.013047391959353657,0.026094783918707315,0.22300000000000017
0.013085919760563268,0.0,0.0,0.013085919760563268,0.026171839521126537,0.22400000000000017
0.013124038195198265,0.0,0.0,0.013124038195198265,0.02624807639039653,0.22500000000000017
0.01316174768067277,0.0,0.0,0.01316174768067277,0.02632349536134554,0.22600000000000017
0.01319904866260971,0.0,0.0,0.01319904866260971,0.02639809732521942,0.22700000000000017
0.013235941614377406,0.0,0.0,0.013235941614377406,0.026471883228754812,0.22800000000000017
0.013272427036631347,0.0,0.0,0.013272427036631347,0.026544854073262694,0.22900000000000018
0.013308505456861125,0.0,0.0,0.013308505456861125,0.02661701091372225,0.23000000000000018
0.013344177428942462,0.0,0.0,0.013344177428942462,0.026688354857884924,0.23100000000000018
0.013379443532694277,0.0,0.0,0.013379443532694277,0.026758887065388554,0.23200000000000018
0.013414304373440815,0.0,0.0,0.013414304373440815,0.02682860874688163,0.23300000000000018
0.01344876058157863,0.0,0.0,0.01344876058157863,0.02689752116315726,0.23400000000000018
0.013482812812148571,0.0,0.0,0.013482812812148571,0.026965625624297142,0.23500000000000018
0.013516461744412575,0.0,0.0,0.013516461744412575,0.02703292348882515,0.23600000000000018
0.0135497080814353,0.0,0.0,0.0135497080814353,0.0270994161628706,0.23700000000000018
0.013582552549670498,0.0,0.0,0.013582552549670498,0.027165105099340996,0.23800000000000018
0.013614995898552145,0.0,0.0,0.013614995898552145,0.02722999179710429,0.23900000000000018
0.01364703890009022,0.0,0.0,0.01364703890009022,0.02729407780018044,0.24000000000000019
0.01367868234847112,0.0,0.0,0.01367868234847112,0.02735736469694224,0.2410000000000002
0.013709927059662681,0.0,0.0,0.013709927059662681,0.027419854119325363,0.2420000000000002
0.013740773871023716,0.0,0.0,0.013740773871023716,0.027481547742047432,0.2430000000000002
0.013771223640918064,0.0,0.0,0.013771223640918064,0.02754244728183613,0.2440000000000002
0.013801277248333103,0.0,0.0,0.013801277248333103,0.027602554496666206,0.2450000000000002
0.013830935592502655,0.0,0.0,0.013830935592502655,0.02766187118500531,0.2460000000000002
0.013860199592534274,0.0,0.0,0.013860199592534274,0.027720399185068547,0.2470000000000002
0.013889070187040857,0.0,0.0,0.013889070187040857,0.027778140374081713,0.2480000000000002
0.01391754833377655,0.0,0.0,0.01391754833377655,0.0278350966675531,0.2490000000000002
0.01394563500927687,0.0,0.0,0.01394563500927687,0.02789127001855374,0.25000000000000017
0.01397333120850307,0.0,0.0,0.01397333120850307,0.02794666241700614,0.25100000000000017
0.014000637944490635,0.0,0.0,0.014000637944490635,0.02800127588898127,0.25200000000000017
0.014027556248001883,0.0,0.0,0.014027556248001883,0.028055112496003766,0.25300000000000017
0.014054087167182731,0.0,0.0,0.014054087167182731,0.028108174334365462,0.25400000000000017
0.014080231767223362,0.0,0.0,0.014080231767223362,0.028160463534446723,0.25500000000000017
0.01410599113002305,0.0,0.0,0.01410599113002305,0.0282119822600461,0.25600000000000017
0.014131366353858798,0.0,0.0,0.014131366353858798,0.028262732707717595,0.2570000000000002
0.014156358553058052,0.0,0.0,0.014156358553058052,0.028312717106116103,0.2580000000000002
0.014180968857675138,0.0,0.0,0.014180968857675138,0.028361937715350276,0.2590000000000002
0.014205198413171702,0.0,0.0,0.014205198413171702,0.028410396826343404,0.2600000000000002
0.01422904838010082,0.0,0.0,0.01422904838010082,0.02845809676020164,0.2610000000000002
0.014252519933794996,0.0,0.0,0.014252519933794996,0.028505039867589992,0.2620000000000002
0.014275614264057813,0.0,0.0,0.014275614264057813,0.028551228528115626,0.2630000000000002
0.014298332574859341,0.0,0.0,0.014298332574859341,0.028596665149718682,0.2640000000000002
0.014320676084035141,0.0,0.0,0.014320676084035141,0.028641352168070282,0.2650000000000002
0.014342646022988974,0.0,0.0,0.014342646022988974,0.02868529204597795,0.2660000000000002
0.014364243636399017,0.0,0.0,0.014364243636399017,0.028728487272798035,0.2670000000000002
0.014385470181927717,0.0,0.0,0.014385470181927717,0.028770940363855434,0.2680000000000002
0.014406326929935074,0.0,0.0,0.014406326929935074,0.028812653859870148,0.2690000000000002
0.014426815163195517,0.0,0.0,0.014426815163195517,0.028853630326391034,0.2700000000000002
0.014446936176618087,0.0,0.0,0.014446936176618087,0.028893872353236174,0.2710000000000002
0.014466691276970204,0.0,0.0,0.014466691276970204,0.028933382553940408,0.2720000000000002
0.014486081782604649,0.0,0.0,0.014486081782604649,0.028972163565209298,0.2730000000000002
0.014505109023190051,0.0,0.0,0.014505109023190051,0.029010218046380102,0.2740000000000002
0.014523774339444533,0.0,0.0,0.014523774339444533,0.029047548678889066,0.2750000000000002
0.01454207908287278,0.0,0.0,0.01454207908287278,0.02908415816574556,0.2760000000000002
0.01456002461550625,0.0,0.0,0.01456002461550625,0.0291200492310125,0.2770000000000002
0.014577612309646685,0.0,0.0,0.014577612309646685,0.02915522461929337,0.2780000000000002
0.014594843547612722,0.0,0.0,0.014594843547612722,0.029189687095225444,0.2790000000000002
0.014611719721489747,0.0,0.0,0.014611719721489747,0.029223439442979494,0.2800000000000002
0.01462824223288277,0.0,0.0,0.01462824223288277,0.02925648446576554,0.2810000000000002
0.014644412492672503,0.0,0.0,0.014644412492672503,0.029288824985345005,0.2820000000000002
0.01466023192077438,0.0,0.0,0.01466023192077438,0.02932046384154876,0.2830000000000002
0.014675701945900715,0.0,0.0,0.014675701945900715,0.02935140389180143,0.2840000000000002
0.014690824005325743,0.0,0.0,0.014690824005325743,0.029381648010651486,0.2850000000000002
0.014705599544653756,0.0,0.0,0.014705599544653756,0.029411199089307512,0.2860000000000002
0.014720030017590048,0.0,0.0,0.014720030017590048,0.029440060035180095,0.2870000000000002
0.014734116885714878,0.0,0.0,0.014734116885714878,0.029468233771429757,0.2880000000000002
0.014747861618260218,0.0,0.0,0.014747861618260218,0.029495723236520437,0.2890000000000002
0.01476126569188944,0.0,0.0,0.01476126569188944,0.02952253138377888,0.2900000000000002
0.014774330590479732,0.0,0.0,0.014774330590479732,0.029548661180959463,0.2910000000000002
0.014787057804907393,0.0,0.0,0.014787057804907393,0.029574115609814787,0.2920000000000002
0.014799448832835807,0.0,0.0,0.014799448832835807,0.029598897665671614,0.2930000000000002
0.014811505178506242,0.0,0.0,0.014811505178506242,0.029623010357012484,0.2940000000000002
0.014823228352531255,0.0,0.0,0.014823228352531255,0.02964645670506251,0.2950000000000002
0.014834619871690893,0.0,0.0,0.014834619871690893,0.029669239743381787,0.2960000000000002
0.014845681258731421,0.0,0.0,0.014845681258731421,0.029691362517462842,0.2970000000000002
0.014856414042166788,0.0,0.0,0.014856414042166788,0.029712828084333575,0.2980000000000002
0.01486681975608261,0.0,0.0,0.01486681975608261,0.02973363951216522,0.2990000000000002
0.014876899939942791,0.0,0.0,0.014876899939942791,0.029753799879885582,0.3000000000000002
0.01488665613839861,0.0,0.0,0.01488665613839861,0.02977331227679722,0.3010000000000002
0.014896089901100433,0.0,0.0,0.014896089901100433,0.029792179802200867,0.3020000000000002
0.014905202782511787,0.0,0.0,0.014905202782511787,0.029810405565023575,0.3030000000000002
0.01491399634172605,0.0,0.0,0.01491399634172605,0.0298279926834521,0.3040000000000002
0.014922472142285448,0.0,0.0,0.014922472142285448,0.029844944284570896,0.3050000000000002
0.01493063175200256,0.0,0.0,0.01493063175200256,0.02986126350400512,0.3060000000000002
0.014938476742784184,0.0,0.0,0.014938476742784184,0.029876953485568368,0.3070000000000002
0.014946008690457558,0.0,0.0,0.014946008690457558,0.029892017380915115,0.3080000000000002
0.014953229174598947,0.0,0.0,0.014953229174598947,0.029906458349197893,0.3090000000000002
0.014960139778364542,0.0,0.0,0.014960139778364542,0.029920279556729084,0.3100000000000002
0.014966742088323643,0.0,0.0,0.014966742088323643,0.029933484176647287,0.3110000000000002
0.014973037694294143,0.0,0.0,0.014973037694294143,0.029946075388588286,0.3120000000000002
0.014979028189180194,0.0,0.0,0.014979028189180194,0.02995805637836039,0.3130000000000002
0.0149847151688122,0.0,0.0,0.0149847151688122,0.0299694303376244,0.3140000000000002
0.014990100231788898,0.0,0.0,0.014990100231788898,0.029980200463577796,0.3150000000000002
0.014995184979321717,0.0,0.0,0.014995184979321717,0.029990369958643435,0.3160000000000002
0.014999971015081217,0.0,0.0,0.014999971015081217,0.029999942030162433,0.3170000000000002
0.015004459945045697,0.0,0.0,0.015004459945045697,0.030008919890091395,0.3180000000000002
0.015008653377351903,0.0,0.0,0.015008653377351903,0.030017306754703807,0.31900000000000023
0.015012552922147857,0.0,0.0,0.015012552922147857,0.030025105844295713,0.32000000000000023
0.01501616019144766,0.0,0.0,0.01501616019144766,0.03003232038289532,0.32100000000000023
0.015019476798988485,0.0,0.0,0.015019476798988485,0.03003895359797697,0.32200000000000023
0.01502250436008942,0.0,0.0,0.01502250436008942,0.03004500872017884,0.32300000000000023
0.015025244491512487,0.0,0.0,0.015025244491512487,0.030050488983024974,0.32400000000000023
0.015027698811325495,0.0,0.0,0.015027698811325495,0.03005539762265099,0.32500000000000023
0.01502986893876695,0.0,0.0,0.01502986893876695,0.0300597378775339,0.32600000000000023
0.015031756494112838,0.0,0.0,0.015031756494112838,0.030063512988225675,0.32700000000000023
0.015033363098545404,0.0,0.0,0.015033363098545404,0.030066726197090807,0.32800000000000024
0.01503469037402371,0.0,0.0,0.01503469037402371,0.03006938074804742,0.32900000000000024
0.01503573994315623,0.0,0.0,0.01503573994315623,0.03007147988631246,0.33000000000000024
0.015036513429075124,0.0,0.0,0.015036513429075124,0.030073026858150248,0.33100000000000024
0.015037012455312509,0.0,0.0,0.015037012455312509,0.030074024910625018,0.33200000000000024
0.01503723864567844,0.0,0.0,0.01503723864567844,0.03007447729135688,0.33300000000000024
0.015037193624140754,0.0,0.0,0.015037193624140754,0.030074387248281508,0.33400000000000024
0.015036879014706638,0.0,0.0,0.015036879014706638,0.030073758029413276,0.33500000000000024
0.01503629644130602,0.0,0.0,0.01503629644130602,0.03007259288261204,0.33600000000000024
0.015035447527676646,0.0,0.0,0.015035447527676646,0.03007089505535329,0.33700000000000024
0.015034333897250911,0.0,0.0,0.015034333897250911,0.030068667794501822,0.33800000000000024
0.015032957173044386,0.0,0.0,0.015032957173044386,0.03006591434608877,0.33900000000000025
0.015031318977546037,0.0,0.0,0.015031318977546037,0.030062637955092075,0.34000000000000025
0.015029420932610074,0.0,0.0,0.015029420932610074,0.03005884186522015,0.34100000000000025
0.01502726465934954,0.0,0.0,0.01502726465934954,0.03005452931869908,0.34200000000000025
0.015024851778031393,0.0,0.0,0.015024851778031393,0.030049703556062787,0.34300000000000025
0.01502218390797336,0.0,0.0,0.01502218390797336,0.03004436781594672,0.34400000000000025
0.015019262667442235,0.0,0.0,0.015019262667442235,0.03003852533488447,0.34500000000000025
0.0150160896735539,0.0,0.0,0.0150160896735539,0.0300321793471078,0.34600000000000025
0.015012666542174773,0.0,0.0,0.015012666542174773,0.030025333084349546,0.34700000000000025
0.015008994887824914,0.0,0.0,0.015008994887824914,0.030017989775649827,0.34800000000000025
0.015005076323582563,0.0,0.0,0.015005076323582563,0.030010152647165125,0.34900000000000025
0.015000912460990284,0.0,0.0,0.015000912460990284,0.030001824921980568,0.35000000000000026
0.014996504909962507,0.0,0.0,0.014996504909962507,0.029993009819925014,0.35100000000000026
0.014991855278694637,0.0,0.0,0.014991855278694637,0.029983710557389274,0.35200000000000026
0.01498696517357354,0.0,0.0,0.01498696517357354,0.02997393034714708,0.35300000000000026
0.014981836199089573,0.0,0.0,0.014981836199089573,0.029963672398179146,0.35400000000000026
0.014976469957749924,0.0,0.0,0.014976469957749924,0.029952939915499847,0.35500000000000026
0.01497086804999348,0.0,0.0,0.01497086804999348,0.02994173609998696,0.35600000000000026
0.014965032074107012,0.0,0.0,0.014965032074107012,0.029930064148214024,0.35700000000000026
0.014958963626142815,0.0,0.0,0.014958963626142815,0.02991792725228563,0.35800000000000026
0.014952664299837602,0.0,0.0,0.014952664299837602,0.029905328599675204,0.35900000000000026
0.014946135686532904,0.0,0.0,0.014946135686532904,0.02989227137306581,0.36000000000000026
0.014939379375096658,0.0,0.0,0.014939379375096658,0.029878758750193316,0.36100000000000027
0.014932396951846238,0.0,0.0,0.014932396951846238,0.029864793903692476,0.36200000000000027
0.014925190000472686,0.0,0.0,0.014925190000472686,0.02985038000094537,0.36300000000000027
0.014917760101966339,0.0,0.0,0.014917760101966339,0.029835520203932677,0.36400000000000027
0.014910108834543637,0.0,0.0,0.014910108834543637,0.029820217669087275,0.36500000000000027
0.01490223777357528,0.0,0.0,0.01490223777357528,0.02980447554715056,0.36600000000000027
0.014894148491515572,0.0,0.0,0.014894148491515572,0.029788296983031145,0.36700000000000027
0.014885842557833037,0.0,0.0,0.014885842557833037,0.029771685115666073,0.36800000000000027
0.014877321538942214,0.0,0.0,0.014877321538942214,0.02975464307788443,0.36900000000000027
0.014868586998136748,0.0,0.0,0.014868586998136748,0.029737173996273496,0.3700000000000003
0.014859640495523536,0.0,0.0,0.014859640495523536,0.02971928099104707,0.3710000000000003
0.014850483587958206,0.0,0.0,0.014850483587958206,0.02970096717591641,0.3720000000000003
0.014841117828981634,0.0,0.0,0.014841117828981634,0.02968223565796327,0.3730000000000003
0.01483154476875771,0.0,0.0,0.01483154476875771,0.02966308953751542,0.3740000000000003
0.014821765954012167,0.0,0.0,0.014821765954012167,0.029643531908024334,0.3750000000000003
0.014811782927972608,0.0,0.0,0.014811782927972608,0.029623565855945215,0.3760000000000003
0.014801597230309577,0.0,0.0,0.014801597230309577,0.029603194460619153,0.3770000000000003
0.014791210397078806,0.0,0.0,0.014791210397078806,0.029582420794157613,0.3780000000000003
0.014780623960664471,0.0,0.0,0.014780623960664471,0.029561247921328943,0.3790000000000003
0.014769839449723609,0.0,0.0,0.014769839449723609,0.029539678899447218,0.3800000000000003
0.014758858389131498,0.0,0.0,0.014758858389131498,0.029517716778262995,0.3810000000000003
0.014747682299928212,0.0,0.0,0.014747682299928212,0.029495364599856425,0.3820000000000003
0.01473631269926608,0.0,0.0,0.01473631269926608,0.02947262539853216,0.3830000000000003
0.01472475110035831,0.0,0.0,0.01472475110035831,0.02944950220071662,0.3840000000000003
0.014712999012428472,0.0,0.0,0.014712999012428472,0.029425998024856945,0.3850000000000003
0.014701057940661165,0.0,0.0,0.014701057940661165,0.02940211588132233,0.3860000000000003
0.014688929386153503,0.0,0.0,0.014688929386153503,0.029377858772307006,0.3870000000000003
0.014676614845867703,0.0,0.0,0.014676614845867703,0.029353229691735407,0.3880000000000003
0.014664115812584566,0.0,0.0,0.014664115812584566,0.02932823162516913,0.3890000000000003
0.014651433774857989,0.0,0.0,0.014651433774857989,0.029302867549715977,0.3900000000000003
0.01463857021697031,0.0,0.0,0.01463857021697031,0.02927714043394062,0.3910000000000003
0.014625526618888742,0.0,0.0,0.014625526618888742,0.029251053237777484,0.3920000000000003
0.014612304456222561,0.0,0.0,0.014612304456222561,0.029224608912445122,0.3930000000000003
0.014598905200181358,0.0,0.0,0.014598905200181358,0.029197810400362716,0.3940000000000003
0.014585330317534069,0.0,0.0,0.014585330317534069,0.029170660635068138,0.3950000000000003
0.014571581270568994,0.0,0.0,0.014571581270568994,0.02914316254113799,0.3960000000000003
0.014557659517054624,0.0,0.0,0.014557659517054624,0.029115319034109247,0.3970000000000003
0.014543566510201389,0.0,0.0,0.014543566510201389,0.029087133020402778,0.3980000000000003
0.014529303698624214,0.0,0.0,0.014529303698624214,0.02905860739724843,0.3990000000000003
0.014514872526305999,0.0,0.0,0.014514872526305999,0.029029745052611997,0.4000000000000003
0.014500274432561822,0.0,0.0,0.014500274432561822,0.029000548865123644,0.4010000000000003
0.014485510852004118,0.0,0.0,0.014485510852004118,0.028971021704008237,0.4020000000000003
0.014470583214508524,0.0,0.0,0.014470583214508524,0.02894116642901705,0.4030000000000003
0.014455492945180672,0.0,0.0,0.014455492945180672,0.028910985890361344,0.4040000000000003
0.014440241464323655,0.0,0.0,0.014440241464323655,0.02888048292864731,0.4050000000000003
0.014424830187406387,0.0,0.0,0.014424830187406387,0.028849660374812774,0.4060000000000003
0.01440926052503266,0.0,0.0,0.01440926052503266,0.02881852105006532,0.4070000000000003
0.014393533882911052,0.0,0.0,0.014393533882911052,0.028787067765822103,0.4080000000000003
0.014377651661825494,0.0,0.0,0.014377651661825494,0.028755303323650987,0.4090000000000003
0.014361615257606694,0.0,0.0,0.014361615257606694,0.028723230515213388,0.4100000000000003
0.014345426061104213,0.0,0.0,0.014345426061104213,0.028690852122208427,0.4110000000000003
0.014329085458159356,0.0,0.0,0.014329085458159356,0.028658170916318712,0.4120000000000003
0.014312594829578687,0.0,0.0,0.014312594829578687,0.028625189659157373,0.4130000000000003
0.014295955551108366,0.0,0.0,0.014295955551108366,0.028591911102216733,0.4140000000000003
0.01427916899340911,0.0,0.0,0.01427916899340911,0.02855833798681822,0.4150000000000003
0.014262236522031891,0.0,0.0,0.014262236522031891,0.028524473044063782,0.4160000000000003
0.014245159497394301,0.0,0.0,0.014245159497394301,0.028490318994788603,0.4170000000000003
0.014227939274757625,0.0,0.0,0.014227939274757625,0.02845587854951525,0.4180000000000003
0.014210577204204536,0.0,0.0,0.014210577204204536,0.02842115440840907,0.4190000000000003
0.014193074630617515,0.0,0.0,0.014193074630617515,0.02838614926123503,0.4200000000000003
0.014175432893657863,0.0,0.0,0.014175432893657863,0.028350865787315726,0.4210000000000003
0.014157653327745401,0.0,0.0,0.014157653327745401,0.028315306655490802,0.4220000000000003
0.014139737262038782,0.0,0.0,0.014139737262038782,0.028279474524077565,0.4230000000000003
0.014121686020416475,0.0,0.0,0.014121686020416475,0.02824337204083295,0.4240000000000003
0.014103500921458281,0.0,0.0,0.014103500921458281,0.028207001842916562,0.4250000000000003
0.014085183278427576,0.0,0.0,0.014085183278427576,0.02817036655685515,0.4260000000000003
0.014066734399254056,0.0,0.0,0.014066734399254056,0.028133468798508112,0.4270000000000003
0.014048155586517177,0.0,0.0,0.014048155586517177,0.028096311173034353,0.4280000000000003
0.014029448137430053,0.0,0.0,0.014029448137430053,0.028058896274860107,0.4290000000000003
0.014010613343824125,0.0,0.0,0.014010613343824125,0.02802122668764825,0.4300000000000003
0.013991652492134181,0.0,0.0,0.013991652492134181,0.027983304984268362,0.4310000000000003
0.013972566863384151,0.0,0.0,0.013972566863384151,0.027945133726768302,0.43200000000000033
0.0139533577331733,0.0,0.0,0.0139533577331733,0.0279067154663466,0.43300000000000033
0.013934026371663077,0.0,0.0,0.013934026371663077,0.027868052743326155,0.43400000000000033
0.013914574043564469,0.0,0.0,0.013914574043564469,0.027829148087128937,0.43500000000000033
0.013895002008125889,0.0,0.0,0.013895002008125889,0.027790004016251778,0.43600000000000033
0.013875311519121587,0.0,0.0,0.013875311519121587,0.027750623038243175,0.43700000000000033
0.013855503824840638,0.0,0.0,0.013855503824840638,0.027711007649681277,0.43800000000000033
0.013835580168076362,0.0,0.0,0.013835580168076362,0.027671160336152724,0.43900000000000033
0.013815541786116338,0.0,0.0,0.013815541786116338,0.027631083572232675,0.44000000000000034
0.013795389910732835,0.0,0.0,0.013795389910732835,0.02759077982146567,0.44100000000000034
0.013775125768173854,0.0,0.0,0.013775125768173854,0.027550251536347707,0.44200000000000034
0.013754750579154516,0.0,0.0,0.013754750579154516,0.02750950115830903,0.44300000000000034
0.01373426555884906,0.0,0.0,0.01373426555884906,0.02746853111769812,0.44400000000000034
0.013713671916883231,0.0,0.0,0.013713671916883231,0.027427343833766462,0.44500000000000034
0.013692970857327205,0.0,0.0,0.013692970857327205,0.02738594171465441,0.44600000000000034
0.013672163578688902,0.0,0.0,0.013672163578688902,0.027344327157377803,0.44700000000000034
0.01365125127390784,0.0,0.0,0.01365125127390784,0.02730250254781568,0.44800000000000034
0.013630235130349345,0.0,0.0,0.013630235130349345,0.02726047026069869,0.44900000000000034
0.013609116329799322,0.0,0.0,0.013609116329799322,0.027218232659598645,0.45000000000000034
0.01358789604845932,0.0,0.0,0.01358789604845932,0.02717579209691864,0.45100000000000035
0.013566575456942186,0.0,0.0,0.013566575456942186,0.027133150913884373,0.45200000000000035
0.013545155720267993,0.0,0.0,0.013545155720267993,0.027090311440535985,0.45300000000000035
0.013523637997860535,0.0,0.0,0.013523637997860535,0.02704727599572107,0.45400000000000035
0.013502023443544092,0.0,0.0,0.013502023443544092,0.027004046887088184,0.45500000000000035
0.013480313205540728,0.0,0.0,0.013480313205540728,0.026960626411081455,0.45600000000000035
0.013458508426467893,0.0,0.0,0.013458508426467893,0.026917016852935786,0.45700000000000035
0.013436610243336512,0.0,0.0,0.013436610243336512,0.026873220486673025,0.45800000000000035
0.01341461978754937,0.0,0.0,0.01341461978754937,0.02682923957509874,0.45900000000000035
0.01339253818489997,0.0,0.0,0.01339253818489997,0.02678507636979994,0.46000000000000035
0.013370366555571701,0.0,0.0,0.013370366555571701,0.026740733111143403,0.46100000000000035
0.013348106014137452,0.0,0.0,0.013348106014137452,0.026696212028274904,0.46200000000000035
0.01332575766955949,0.0,0.0,0.01332575766955949,0.02665151533911898,0.46300000000000036
0.01330332262518984,0.0,0.0,0.01330332262518984,0.02660664525037968,0.46400000000000036
0.013280801978770893,0.0,0.0,0.013280801978770893,0.026561603957541785,0.46500000000000036
0.013258196822436449,0.0,0.0,0.013258196822436449,0.026516393644872897,0.46600000000000036
0.013235508242713068,0.0,0.0,0.013235508242713068,0.026471016485426137,0.46700000000000036
0.013212737320521795,0.0,0.0,0.013212737320521795,0.02642547464104359,0.46800000000000036
0.013189885131180187,0.0,0.0,0.013189885131180187,0.026379770262360373,0.46900000000000036
0.013166952744404697,0.0,0.0,0.013166952744404697,0.026333905488809393,0.47000000000000036
0.013143941224313376,0.0,0.0,0.013143941224313376,0.026287882448626752,0.47100000000000036
0.013120851629428925,0.0,0.0,0.013120851629428925,0.02624170325885785,0.47200000000000036
0.013097685012681985,0.0,0.0,0.013097685012681985,0.02619537002536397,0.47300000000000036
0.013074442421414856,0.0,0.0,0.013074442421414856,0.026148884842829713,0.47400000000000037
0.013051124897385417,0.0,0.0,0.013051124897385417,0.026102249794770833,0.47500000000000037
0.013027733476771435,0.0,0.0,0.013027733476771435,0.02605546695354287,0.47600000000000037
0.013004269190175081,0.0,0.0,0.013004269190175081,0.026008538380350162,0.47700000000000037
0.012980733062627859,0.0,0.0,0.012980733062627859,0.025961466125255718,0.47800000000000037
0.01295712611359569,0.0,0.0,0.01295712611359569,0.02591425222719138,0.47900000000000037
0.012933449356984402,0.0,0.0,0.012933449356984402,0.025866898713968803,0.48000000000000037
0.01290970380114541,0.0,0.0,0.01290970380114541,0.02581940760229082,0.48100000000000037
0.012885890448881741,0.0,0.0,0.012885890448881741,0.025771780897763483,0.4820000000000004
0.012862010297454266,0.0,0.0,0.012862010297454266,0.025724020594908532,0.4830000000000004
0.01283806433858826,0.0,0.0,0.01283806433858826,0.02567612867717652,0.4840000000000004
0.012814053558480174,0.0,0.0,0.012814053558480174,0.02562810711696035,0.4850000000000004
0.012789978937804723,0.0,0.0,0.012789978937804723,0.025579957875609446,0.4860000000000004
0.012765841451722142,0.0,0.0,0.012765841451722142,0.025531682903444285,0.4870000000000004
0.012741642069885805,0.0,0.0,0.012741642069885805,0.02548328413977161,0.4880000000000004
0.012717381756449977,0.0,0.0,0.012717381756449977,0.025434763512899954,0.4890000000000004
0.012693061470077913,0.0,0.0,0.012693061470077913,0.025386122940155825,0.4900000000000004
0.012668682163950095,0.0,0.0,0.012668682163950095,0.02533736432790019,0.4910000000000004
0.012644244785772786,0.0,0.0,0.012644244785772786,0.025288489571545572,0.4920000000000004
0.012619750277786772,0.0,0.0,0.012619750277786772,0.025239500555573544,0.4930000000000004
0.012595199576776343,0.0,0.0,0.012595199576776343,0.025190399153552687,0.4940000000000004
0.012570593614078472,0.0,0.0,0.012570593614078472,0.025141187228156944,0.4950000000000004
0.012545933315592278,0.0,0.0,0.012545933315592278,0.025091866631184557,0.4960000000000004
0.012521219601788614,0.0,0.0,0.012521219601788614,0.025042439203577228,0.4970000000000004
0.012496453387719948,0.0,0.0,0.012496453387719948,0.024992906775439895,0.4980000000000004
0.012471635583030386,0.0,0.0,0.012471635583030386,0.024943271166060772,0.4990000000000004
0.012446767091965981,0.0,0.0,0.012446767091965981,0.024893534183931962,0.5000000000000003
0.012421848813385114,0.0,0.0,0.012421848813385114,0.024843697626770227,0.5010000000000003
0.012396881640769233,0.0,0.0,0.012396881640769233,0.024793763281538466,0.5020000000000003
0.012371866462233648,0.0,0.0,0.012371866462233648,0.024743732924467295,0.5030000000000003
0.012346804160538592,0.0,0.0,0.012346804160538592,0.024693608321077185,0.5040000000000003
0.012321695613100425,0.0,0.0,0.012321695613100425,0.02464339122620085,0.5050000000000003
0.01229654169200309,0.0,0.0,0.01229654169200309,0.02459308338400618,0.5060000000000003
0.012271343264009665,0.0,0.0,0.012271343264009665,0.02454268652801933,0.5070000000000003
0.012246101190574126,0.0,0.0,0.012246101190574126,0.024492202381148253,0.5080000000000003
0.0122208163278533,0.0,0.0,0.0122208163278533,0.0244416326557066,0.5090000000000003
0.012195489526718993,0.0,0.0,0.012195489526718993,0.024390979053437987,0.5100000000000003
0.012170121632770238,0.0,0.0,0.012170121632770238,0.024340243265540476,0.5110000000000003
0.012144713486345741,0.0,0.0,0.012144713486345741,0.024289426972691482,0.5120000000000003
0.01211926592253648,0.0,0.0,0.01211926592253648,0.02423853184507296,0.5130000000000003
0.012093779771198488,0.0,0.0,0.012093779771198488,0.024187559542396975,0.5140000000000003
0.012068255856965747,0.0,0.0,0.012068255856965747,0.024136511713931493,0.5150000000000003
0.012042694999263241,0.0,0.0,0.012042694999263241,0.024085389998526482,0.5160000000000003
0.012017098012320187,0.0,0.0,0.012017098012320187,0.024034196024640374,0.5170000000000003
0.011991465705183396,0.0,0.0,0.011991465705183396,0.02398293141036679,0.5180000000000003
0.011965798881730775,0.0,0.0,0.011965798881730775,0.02393159776346155,0.5190000000000003
0.011940098340684945,0.0,0.0,0.011940098340684945,0.02388019668136989,0.5200000000000004
0.011914364875627036,0.0,0.0,0.011914364875627036,0.023828729751254073,0.5210000000000004
0.01188859927501061,0.0,0.0,0.01188859927501061,0.02377719855002122,0.5220000000000004
0.011862802322175693,0.0,0.0,0.011862802322175693,0.023725604644351386,0.5230000000000004
0.011836974795362942,0.0,0.0,0.011836974795362942,0.023673949590725885,0.5240000000000004
0.011811117467727943,0.0,0.0,0.011811117467727943,0.023622234935455885,0.5250000000000004
0.011785231107355644,0.0,0.0,0.011785231107355644,0.023570462214711287,0.5260000000000004
0.011759316477274902,0.0,0.0,0.011759316477274902,0.023518632954549805,0.5270000000000004
0.011733374335473112,0.0,0.0,0.011733374335473112,0.023466748670946225,0.5280000000000004
0.011707405434911004,0.0,0.0,0.011707405434911004,0.023414810869822007,0.5290000000000004
0.01168141052353753,0.0,0.0,0.01168141052353753,0.02336282104707506,0.5300000000000004
0.011655390344304873,0.0,0.0,0.011655390344304873,0.023310780688609745,0.5310000000000004
0.011629345635183513,0.0,0.0,0.011629345635183513,0.023258691270367025,0.5320000000000004
0.01160327712917747,0.0,0.0,0.01160327712917747,0.02320655425835494,0.5330000000000004
0.011577185554339625,0.0,0.0,0.011577185554339625,0.02315437110867925,0.5340000000000004
0.011551071633787106,0.0,0.0,0.011551071633787106,0.02310214326757421,0.5350000000000004
0.011524936085716817,0.0,0.0,0.011524936085716817,0.023049872171433634,0.5360000000000004
0.01149877962342103,0.0,0.0,0.01149877962342103,0.02299755924684206,0.5370000000000004
0.011472602955303121,0.0,0.0,0.011472602955303121,0.022945205910606243,0.5380000000000004
0.011446406784893327,0.0,0.0,0.011446406784893327,0.022892813569786653,0.5390000000000004
0.011420191810864625,0.0,0.0,0.011420191810864625,0.02284038362172925,0.5400000000000004
0.011393958727048719,0.0,0.0,0.011393958727048719,0.022787917454097438,0.5410000000000004
0.011367708222452099,0.0,0.0,0.011367708222452099,0.022735416444904198,0.5420000000000004
0.011341440981272145,0.0,0.0,0.011341440981272145,0.02268288196254429,0.5430000000000004
0.011315157682913359,0.0,0.0,0.011315157682913359,0.022630315365826718,0.5440000000000004
0.011288859002003642,0.0,0.0,0.011288859002003642,0.022577718004007284,0.5450000000000004
0.011262545608410687,0.0,0.0,0.011262545608410687,0.022525091216821374,0.5460000000000004
0.011236218167258408,0.0,0.0,0.011236218167258408,0.022472436334516815,0.5470000000000004
0.011209877338943425,0.0,0.0,0.011209877338943425,0.02241975467788685,0.5480000000000004
0.011183523779151685,0.0,0.0,0.011183523779151685,0.02236704755830337,0.5490000000000004
0.011157158138875089,0.0,0.0,0.011157158138875089,0.022314316277750178,0.5500000000000004
0.011130781064428224,0.0,0.0,0.011130781064428224,0.02226156212885645,0.5510000000000004
0.01110439319746512,0.0,0.0,0.01110439319746512,0.02220878639493024,0.5520000000000004
0.011077995174996092,0.0,0.0,0.011077995174996092,0.022155990349992185,0.5530000000000004
0.011051587629404664,0.0,0.0,0.011051587629404664,0.022103175258809327,0.5540000000000004
0.011025171188464515,0.0,0.0,0.011025171188464515,0.02205034237692903,0.5550000000000004
0.010998746475356466,0.0,0.0,0.010998746475356466,0.021997492950712932,0.5560000000000004
0.010972314108685589,0.0,0.0,0.010972314108685589,0.021944628217371177,0.5570000000000004
0.010945874702498295,0.0,0.0,0.010945874702498295,0.02189174940499659,0.5580000000000004
0.010919428866299541,0.0,0.0,0.010919428866299541,0.021838857732599082,0.5590000000000004
0.010892977205070004,0.0,0.0,0.010892977205070004,0.02178595441014001,0.5600000000000004
0.010866520319283379,0.0,0.0,0.010866520319283379,0.021733040638566757,0.5610000000000004
0.010840058804923686,0.0,0.0,0.010840058804923686,0.021680117609847373,0.5620000000000004
0.010813593253502625,0.0,0.0,0.010813593253502625,0.02162718650700525,0.5630000000000004
0.010787124252076966,0.0,0.0,0.010787124252076966,0.02157424850415393,0.5640000000000004
0.010760652383265991,0.0,0.0,0.010760652383265991,0.021521304766531982,0.5650000000000004
0.010734178225268978,0.0,0.0,0.010734178225268978,0.021468356450537955,0.5660000000000004
0.010707702351882713,0.0,0.0,0.010707702351882713,0.021415404703765427,0.5670000000000004
0.010681225332519029,0.0,0.0,0.010681225332519029,0.021362450665038057,0.5680000000000004
0.01065474773222239,0.0,0.0,0.01065474773222239,0.02130949546444478,0.5690000000000004
0.010628270111687524,0.0,0.0,0.010628270111687524,0.02125654022337505,0.5700000000000004
0.010601793027277063,0.0,0.0,0.010601793027277063,0.021203586054554125,0.5710000000000004
0.010575317031039195,0.0,0.0,0.010575317031039195,0.02115063406207839,0.5720000000000004
0.010548842670725393,0.0,0.0,0.010548842670725393,0.021097685341450786,0.5730000000000004
0.010522370489808145,0.0,0.0,0.010522370489808145,0.02104474097961629,0.5740000000000004
0.010495901027498703,0.0,0.0,0.010495901027498703,0.020991802054997406,0.5750000000000004
0.010469434818764852,0.0,0.0,0.010469434818764852,0.020938869637529705,0.5760000000000004
0.010442972394348719,0.0,0.0,0.010442972394348719,0.020885944788697437,0.5770000000000004
0.010416514280784599,0.0,0.0,0.010416514280784599,0.020833028561569197,0.5780000000000004
0.010390061000416792,0.0,0.0,0.010390061000416792,0.020780122000833585,0.5790000000000004
0.010363613071417452,0.0,0.0,0.010363613071417452,0.020727226142834905,0.5800000000000004
0.010337171007804473,0.0,0.0,0.010337171007804473,0.020674342015608946,0.5810000000000004
0.010310735319459379,0.0,0.0,0.010310735319459379,0.020621470638918758,0.5820000000000004
0.010284306512145224,0.0,0.0,0.010284306512145224,0.020568613024290448,0.5830000000000004
0.010257885087524505,0.0,0.0,0.010257885087524505,0.02051577017504901,0.5840000000000004
0.010231471543177098,0.0,0.0,0.010231471543177098,0.020462943086354195,0.5850000000000004
0.010205066372618195,0.0,0.0,0.010205066372618195,0.02041013274523639,0.5860000000000004
0.010178670065316257,0.0,0.0,0.010178670065316257,0.020357340130632513,0.5870000000000004
0.01015228310671095,0.0,0.0,0.01015228310671095,0.0203045662134219,0.5880000000000004
0.010125905978231124,0.0,0.0,0.010125905978231124,0.020251811956462248,0.5890000000000004
0.010099539157312782,0.0,0.0,0.010099539157312782,0.020199078314625564,0.5900000000000004
0.010073183117417048,0.0,0.0,0.010073183117417048,0.020146366234834095,0.5910000000000004
0.010046838328048122,0.0,0.0,0.010046838328048122,0.020093676656096245,0.5920000000000004
0.010020505254771286,0.0,0.0,0.010020505254771286,0.020041010509542573,0.5930000000000004
0.009994184359230872,0.0,0.0,0.009994184359230872,0.019988368718461744,0.5940000000000004
0.009967876099168233,0.0,0.0,0.009967876099168233,0.019935752198336466,0.5950000000000004
0.009941580928439718,0.0,0.0,0.009941580928439718,0.019883161856879435,0.5960000000000004
0.009915299297034648,0.0,0.0,0.009915299297034648,0.019830598594069295,0.5970000000000004
0.009889031651093293,0.0,0.0,0.009889031651093293,0.019778063302186587,0.5980000000000004
0.009862778432924832,0.0,0.0,0.009862778432924832,0.019725556865849665,0.5990000000000004
0.009836540081025313,0.0,0.0,0.009836540081025313,0.019673080162050625,0.6000000000000004
0.009810317030095586,0.0,0.0,0.009810317030095586,0.019620634060191173,0.6010000000000004
0.009784109711059294,0.0,0.0,0.009784109711059294,0.019568219422118588,0.6020000000000004
0.009757918551080779,0.0,0.0,0.009757918551080779,0.019515837102161558,0.6030000000000004
0.009731743973583002,0.0,0.0,0.009731743973583002,0.019463487947166003,0.6040000000000004
0.00970558639826548,0.0,0.0,0.00970558639826548,0.01941117279653096,0.6050000000000004
0.009679446241122193,0.0,0.0,0.009679446241122193,0.019358892482244386,0.6060000000000004
0.009653323914459468,0.0,0.0,0.009653323914459468,0.019306647828918937,0.6070000000000004
0.009627219826913856,0.0,0.0,0.009627219826913856,0.019254439653827712,0.6080000000000004
0.009601134383470008,0.0,0.0,0.009601134383470008,0.019202268766940016,0.6090000000000004
0.009575067985478523,0.0,0.0,0.009575067985478523,0.019150135970957046,0.6100000000000004
0.009549021030673791,0.0,0.0,0.009549021030673791,0.019098042061347582,0.6110000000000004
0.009522993913191797,0.0,0.0,0.009522993913191797,0.019045987826383594,0.6120000000000004
0.009496987023587934,0.0,0.0,0.009496987023587934,0.018993974047175868,0.6130000000000004
0.009471000748854784,0.0,0.0,0.009471000748854784,0.018942001497709568,0.6140000000000004
0.009445035472439887,0.0,0.0,0.009445035472439887,0.018890070944879774,0.6150000000000004
0.009419091574263475,0.0,0.0,0.009419091574263475,0.01883818314852695,0.6160000000000004
0.009393169430736197,0.0,0.0,0.009393169430736197,0.018786338861472393,0.6170000000000004
0.009367269414776835,0.0,0.0,0.009367269414776835,0.01873453882955367,0.6180000000000004
0.009341391895829975,0.0,0.0,0.009341391895829975,0.01868278379165995,0.6190000000000004
0.009315537239883657,0.0,0.0,0.009315537239883657,0.018631074479767314,0.6200000000000004
0.009289705809487007,0.0,0.0,0.009289705809487007,0.018579411618974015,0.6210000000000004
0.009263897963767873,0.0,0.0,0.009263897963767873,0.018527795927535746,0.6220000000000004
0.00923811405845038,0.0,0.0,0.00923811405845038,0.01847622811690076,0.6230000000000004
0.00921235444587249,0.0,0.0,0.00921235444587249,0.01842470889174498,0.6240000000000004
0.009186619475003547,0.0,0.0,0.009186619475003547,0.018373238950007094,0.6250000000000004
0.00916090949146177,0.0,0.0,0.00916090949146177,0.01832181898292354,0.6260000000000004
0.009135224837531741,0.0,0.0,0.009135224837531741,0.018270449675063482,0.6270000000000004
0.009109565852181837,0.0,0.0,0.009109565852181837,0.018219131704363675,0.6280000000000004
0.009083932871081649,0.0,0.0,0.009083932871081649,0.018167865742163298,0.6290000000000004
0.009058326226619392,0.0,0.0,0.009058326226619392,0.018116652453238784,0.6300000000000004
0.009032746247919237,0.0,0.0,0.009032746247919237,0.018065492495838473,0.6310000000000004
0.00900719326085865,0.0,0.0,0.00900719326085865,0.0180143865217173,0.6320000000000005
0.008981667588085692,0.0,0.0,0.008981667588085692,0.017963335176171383,0.6330000000000005
0.008956169549036264,0.0,0.0,0.008956169549036264,0.01791233909807253,0.6340000000000005
0.00893069945995136,0.0,0.0,0.00893069945995136,0.01786139891990272,0.6350000000000005
0.008905257633894246,0.0,0.0,0.008905257633894246,0.017810515267788492,0.6360000000000005
0.008879844380767618,0.0,0.0,0.008879844380767618,0.017759688761535237,0.6370000000000005
0.00885446000733076,0.0,0.0,0.00885446000733076,0.01770892001466152,0.6380000000000005
0.008829104817216613,0.0,0.0,0.008829104817216613,0.017658209634433226,0.6390000000000005
0.00880377911094882,0.0,0.0,0.00880377911094882,0.01760755822189764,0.6400000000000005
0.008778483185958776,0.0,0.0,0.008778483185958776,0.017556966371917553,0.6410000000000005
0.008753217336602602,0.0,0.0,0.008753217336602602,0.017506434673205205,0.6420000000000005
0.008727981854178085,0.0,0.0,0.008727981854178085,0.01745596370835617,0.6430000000000005
0.008702777026941595,0.0,0.0,0.008702777026941595,0.01740555405388319,0.6440000000000005
0.008677603140124942,0.0,0.0,0.008677603140124942,0.017355206280249884,0.6450000000000005
0.008652460475952242,0.0,0.0,0.008652460475952242,0.017304920951904484,0.6460000000000005
0.008627349313656675,0.0,0.0,0.008627349313656675,0.01725469862731335,0.6470000000000005
0.00860226992949726,0.0,0.0,0.00860226992949726,0.01720453985899452,0.6480000000000005
0.008577222596775552,0.0,0.0,0.008577222596775552,0.017154445193551103,0.6490000000000005
0.008552207585852342,0.0,0.0,0.008552207585852342,0.017104415171704683,0.6500000000000005
0.008527225164164263,0.0,0.0,0.008527225164164263,0.017054450328328526,0.6510000000000005
0.008502275596240401,0.0,0.0,0.008502275596240401,0.017004551192480802,0.6520000000000005
0.008477359143718825,0.0,0.0,0.008477359143718825,0.01695471828743765,0.6530000000000005
0.008452476065363116,0.0,0.0,0.008452476065363116,0.016904952130726233,0.6540000000000005
0.008427626617078826,0.0,0.0,0.008427626617078826,0.016855253234157652,0.6550000000000005
0.008402811051929889,0.0,0.0,0.008402811051929889,0.016805622103859778,0.6560000000000005
0.008378029620155002,0.0,0.0,0.008378029620155002,0.016756059240310005,0.6570000000000005
0.008353282569183985,0.0,0.0,0.008353282569183985,0.01670656513836797,0.6580000000000005
0.008328570143654042,0.0,0.0,0.008328570143654042,0.016657140287308084,0.6590000000000005
0.008303892585426019,0.0,0.0,0.008303892585426019,0.016607785170852037,0.6600000000000005
0.008279250133600606,0.0,0.0,0.008279250133600606,0.016558500267201213,0.6610000000000005
0.008254643024534504,0.0,0.0,0.008254643024534504,0.016509286049069007,0.6620000000000005
0.00823007149185652,0.0,0.0,0.00823007149185652,0.01646014298371304,0.6630000000000005
0.00820553576648364,0.0,0.0,0.00820553576648364,0.01641107153296728,0.6640000000000005
0.008181036076637055,0.0,0.0,0.008181036076637055,0.01636207215327411,0.6650000000000005
0.008156572647858122,0.0,0.0,0.008156572647858122,0.016313145295716244,0.6660000000000005
0.008132145703024311,0.0,0.0,0.008132145703024311,0.016264291406048622,0.6670000000000005
0.008107755462365054,0.0,0.0,0.008107755462365054,0.016215510924730107,0.6680000000000005
0.008083402143477605,0.0,0.0,0.008083402143477605,0.01616680428695521,0.6690000000000005
0.00805908596134282,0.0,0.0,0.00805908596134282,0.01611817192268564,0.6700000000000005
0.008034807128340878,0.0,0.0,0.008034807128340878,0.016069614256681755,0.6710000000000005
0.008010565854266998,0.0,0.0,0.008010565854266998,0.016021131708533996,0.6720000000000005
0.007986362346347038,0.0,0.0,0.007986362346347038,0.015972724692694076,0.6730000000000005
0.007962196809253136,0.0,0.0,0.007962196809253136,0.015924393618506272,0.6740000000000005
0.007938069445119223,0.0,0.0,0.007938069445119223,0.015876138890238447,0.6750000000000005
0.00791398045355651,0.0,0.0,0.00791398045355651,0.01582796090711302,0.6760000000000005
0.007889930031668959,0.0,0.0,0.007889930031668959,0.015779860063337918,0.6770000000000005
0.007865918374068668,0.0,0.0,0.007865918374068668,0.015731836748137336,0.6780000000000005
0.0078419456728912,0.0,0.0,0.0078419456728912,0.0156838913457824,0.6790000000000005
0.007818012117810911,0.0,0.0,0.007818012117810911,0.015636024235621823,0.6800000000000005
0.007794117896056142,0.0,0.0,0.007794117896056142,0.015588235792112284,0.6810000000000005
0.007770263192424475,0.0,0.0,0.007770263192424475,0.01554052638484895,0.6820000000000005
0.007746448189297846,0.0,0.0,0.007746448189297846,0.015492896378595692,0.6830000000000005
0.007722673066657615,0.0,0.0,0.007722673066657615,0.01544534613331523,0.6840000000000005
0.007698938002099656,0.0,0.0,0.007698938002099656,0.015397876004199312,0.6850000000000005
0.0076752431708493165,0.0,0.0,0.0076752431708493165,0.015350486341698633,0.6860000000000005
0.007651588745776358,0.0,0.0,0.007651588745776358,0.015303177491552716,0.6870000000000005
0.0076279748974098635,0.0,0.0,0.0076279748974098635,0.015255949794819727,0.6880000000000005
0.007604401793953029,0.0,0.0,0.007604401793953029,0.015208803587906059,0.6890000000000005
0.007580869601298002,0.0,0.0,0.007580869601298002,0.015161739202596005,0.6900000000000005
0.007557378483040587,0.0,0.0,0.007557378483040587,0.015114756966081173,0.6910000000000005
0.0075339286004948965,0.0,0.0,0.0075339286004948965,0.015067857200989793,0.6920000000000005
0.007510520112708036,0.0,0.0,0.007510520112708036,0.015021040225416072,0.6930000000000005
0.007487153176474633,0.0,0.0,0.007487153176474633,0.014974306352949267,0.6940000000000005
0.0074638279463513785,0.0,0.0,0.0074638279463513785,0.014927655892702757,0.6950000000000005
0.007440544574671491,0.0,0.0,0.007440544574671491,0.014881089149342983,0.6960000000000005
0.007417303211559118,0.0,0.0,0.007417303211559118,0.014834606423118237,0.6970000000000005
0.0073941040049437246,0.0,0.0,0.0073941040049437246,0.014788208009887449,0.6980000000000005
0.007370947100574397,0.0,0.0,0.007370947100574397,0.014741894201148794,0.6990000000000005
0.007347832642034066,0.0,0.0,0.007347832642034066,0.014695665284068132,0.7000000000000005
0.007324760770753757,0.0,0.0,0.007324760770753757,0.014649521541507515,0.7010000000000005
0.007301731626026712,0.0,0.0,0.007301731626026712,0.014603463252053424,0.7020000000000005
0.007278745345022487,0.0,0.0,0.007278745345022487,0.014557490690044974,0.7030000000000005
0.007255802062801004,0.0,0.0,0.007255802062801004,0.014511604125602009,0.7040000000000005
0.0072329019123265155,0.0,0.0,0.0072329019123265155,0.014465803824653031,0.7050000000000005
0.007210045024481567,0.0,0.0,0.007210045024481567,0.014420090048963134,0.7060000000000005
0.007187231528080871,0.0,0.0,0.007187231528080871,0.014374463056161742,0.7070000000000005
0.007164461549885104,0.0,0.0,0.007164461549885104,0.014328923099770208,0.7080000000000005
0.007141735214614718,0.0,0.0,0.007141735214614718,0.014283470429229436,0.7090000000000005
0.007119052644963639,0.0,0.0,0.007119052644963639,0.014238105289927278,0.7100000000000005
0.007096413961612924,0.0,0.0,0.007096413961612924,0.014192827923225848,0.7110000000000005
0.00707381928324439,0.0,0.0,0.00707381928324439,0.01414763856648878,0.7120000000000005
0.007051268726554135,0.0,0.0,0.007051268726554135,0.01410253745310827,0.7130000000000005
0.007028762406266077,0.0,0.0,0.007028762406266077,0.014057524812532154,0.7140000000000005
0.007006300435145385,0.0,0.0,0.007006300435145385,0.01401260087029077,0.7150000000000005
0.006983882924011842,0.0,0.0,0.006983882924011842,0.013967765848023684,0.7160000000000005
0.006961509981753228,0.0,0.0,0.006961509981753228,0.013923019963506455,0.7170000000000005
0.00693918171533857,0.0,0.0,0.00693918171533857,0.01387836343067714,0.7180000000000005
0.006916898229831383,0.0,0.0,0.006916898229831383,0.013833796459662767,0.7190000000000005
0.006894659628402841,0.0,0.0,0.006894659628402841,0.013789319256805682,0.7200000000000005
0.006872466012344874,0.0,0.0,0.006872466012344874,0.013744932024689748,0.7210000000000005
0.006850317481083266,0.0,0.0,0.006850317481083266,0.013700634962166532,0.7220000000000005
0.0068282141321906464,0.0,0.0,0.0068282141321906464,0.013656428264381293,0.7230000000000005
0.006806156061399424,0.0,0.0,0.006806156061399424,0.013612312122798847,0.7240000000000005
0.00678414336261472,0.0,0.0,0.00678414336261472,0.01356828672522944,0.7250000000000005
0.006762176127927191,0.0,0.0,0.006762176127927191,0.013524352255854383,0.7260000000000005
0.006740254447625826,0.0,0.0,0.006740254447625826,0.013480508895251653,0.7270000000000005
0.006718378410210676,0.0,0.0,0.006718378410210676,0.013436756820421352,0.7280000000000005
0.0066965481024055225,0.0,0.0,0.0066965481024055225,0.013393096204811045,0.7290000000000005
0.006674763609170527,0.0,0.0,0.006674763609170527,0.013349527218341053,0.7300000000000005
0.006653025013714789,0.0,0.0,0.006653025013714789,0.013306050027429578,0.7310000000000005
0.006631332397508844,0.0,0.0,0.006631332397508844,0.013262664795017687,0.7320000000000005
0.006609685840297152,0.0,0.0,0.006609685840297152,0.013219371680594304,0.7330000000000005
0.006588085420110485,0.0,0.0,0.006588085420110485,0.01317617084022097,0.7340000000000005
0.0065665312132782835,0.0,0.0,0.0065665312132782835,0.013133062426556567,0.7350000000000005
0.006545023294440952,0.0,0.0,0.006545023294440952,0.013090046588881904,0.7360000000000005
0.006523561736562085,0.0,0.0,0.006523561736562085,0.01304712347312417,0.7370000000000005
0.006502146610940684,0.0,0.0,0.006502146610940684,0.013004293221881368,0.7380000000000005
0.006480777987223271,0.0,0.0,0.006480777987223271,0.012961555974446542,0.7390000000000005
0.006459455933415948,0.0,0.0,0.006459455933415948,0.012918911866831896,0.7400000000000005
0.006438180515896455,0.0,0.0,0.006438180515896455,0.01287636103179291,0.7410000000000005
0.006416951799426118,0.0,0.0,0.006416951799426118,0.012833903598852236,0.7420000000000005
0.006395769847161763,0.0,0.0,0.006395769847161763,0.012791539694323527,0.7430000000000005
0.0063746347206675835,0.0,0.0,0.0063746347206675835,0.012749269441335167,0.7440000000000005
0.006353546479926918,0.0,0.0,0.006353546479926918,0.012707092959853837,0.7450000000000006
0.006332505183354043,0.0,0.0,0.006332505183354043,0.012665010366708087,0.7460000000000006
0.006311510887805845,0.0,0.0,0.006311510887805845,0.01262302177561169,0.7470000000000006
0.006290563648593437,0.0,0.0,0.006290563648593437,0.012581127297186873,0.7480000000000006
0.006269663519493804,0.0,0.0,0.006269663519493804,0.012539327038987608,0.7490000000000006
0.006248810552761284,0.0,0.0,0.006248810552761284,0.012497621105522569,0.7500000000000006
0.006228004799139077,0.0,0.0,0.006228004799139077,0.012456009598278153,0.7510000000000006
0.0062072463078706565,0.0,0.0,0.0062072463078706565,0.012414492615741313,0.7520000000000006
0.006186535126711136,0.0,0.0,0.006186535126711136,0.012373070253422273,0.7530000000000006
0.0061658713019386,0.0,0.0,0.0061658713019386,0.0123317426038772,0.7540000000000006
0.006145254878365369,0.0,0.0,0.006145254878365369,0.012290509756730739,0.7550000000000006
0.006124685899349175,0.0,0.0,0.006124685899349175,0.01224937179869835,0.7560000000000006
0.006104164406804368,0.0,0.0,0.006104164406804368,0.012208328813608735,0.7570000000000006
0.0060836904412129795,0.0,0.0,0.0060836904412129795,0.012167380882425959,0.7580000000000006
0.006063264041635787,0.0,0.0,0.006063264041635787,0.012126528083271575,0.7590000000000006
0.00604288524572331,0.0,0.0,0.00604288524572331,0.01208577049144662,0.7600000000000006
0.006022554089726729,0.0,0.0,0.006022554089726729,0.012045108179453458,0.7610000000000006
0.00600227060850881,0.0,0.0,0.00600227060850881,0.01200454121701762,0.7620000000000006
0.005982034835554723,0.0,0.0,0.005982034835554723,0.011964069671109447,0.7630000000000006
0.005961846802982801,0.0,0.0,0.005961846802982801,0.011923693605965601,0.7640000000000006
0.005941706541555308,0.0,0.0,0.005941706541555308,0.011883413083110616,0.7650000000000006
0.0059216140806890895,0.0,0.0,0.0059216140806890895,0.011843228161378179,0.7660000000000006
0.005901569448466206,0.0,0.0,0.005901569448466206,0.011803138896932412,0.7670000000000006
0.005881572671644501,0.0,0.0,0.005881572671644501,0.011763145343289002,0.7680000000000006
0.005861623775668101,0.0,0.0,0.005861623775668101,0.011723247551336202,0.7690000000000006
0.005841722784677912,0.0,0.0,0.005841722784677912,0.011683445569355824,0.7700000000000006
0.005821869721522018,0.0,0.0,0.005821869721522018,0.011643739443044036,0.7710000000000006
0.005802064607766019,0.0,0.0,0.005802064607766019,0.011604129215532038,0.7720000000000006
0.0057823074637033765,0.0,0.0,0.0057823074637033765,0.011564614927406753,0.7730000000000006
0.005762598308365646,0.0,0.0,0.005762598308365646,0.011525196616731292,0.7740000000000006
0.00574293715953268,0.0,0.0,0.00574293715953268,0.01148587431906536,0.7750000000000006
0.005723324033742798,0.0,0.0,0.005723324033742798,0.011446648067485595,0.7760000000000006
0.005703758946302847,0.0,0.0,0.005703758946302847,0.011407517892605693,0.7770000000000006
0.005684241911298297,0.0,0.0,0.005684241911298297,0.011368483822596594,0.7780000000000006
0.0056647729416032105,0.0,0.0,0.0056647729416032105,0.011329545883206421,0.7790000000000006
0.0056453520488901785,0.0,0.0,0.0056453520488901785,0.011290704097780357,0.7800000000000006
0.005625979243640237,0.0,0.0,0.005625979243640237,0.011251958487280474,0.7810000000000006
0.005606654535152698,0.0,0.0,0.005606654535152698,0.011213309070305396,0.7820000000000006
0.005587377931554934,0.0,0.0,0.005587377931554934,0.011174755863109868,0.7830000000000006
0.005568149439812132,0.0,0.0,0.005568149439812132,0.011136298879624263,0.7840000000000006
0.005548969065736957,0.0,0.0,0.005548969065736957,0.011097938131473913,0.7850000000000006
0.005529836813999221,0.0,0.0,0.005529836813999221,0.011059673627998442,0.7860000000000006
0.005510752688135454,0.0,0.0,0.005510752688135454,0.011021505376270908,0.7870000000000006
0.005491716690558428,0.0,0.0,0.005491716690558428,0.010983433381116856,0.7880000000000006
0.005472728822566666,0.0,0.0,0.005472728822566666,0.010945457645133333,0.7890000000000006
0.00545378908435387,0.0,0.0,0.00545378908435387,0.01090757816870774,0.7900000000000006
0.005434897475018295,0.0,0.0,0.005434897475018295,0.01086979495003659,0.7910000000000006
0.005416053992572104,0.0,0.0,0.005416053992572104,0.010832107985144208,0.7920000000000006
0.0053972586339506275,0.0,0.0,0.0053972586339506275,0.010794517267901255,0.7930000000000006
0.005378511395021623,0.0,0.0,0.005378511395021623,0.010757022790043246,0.7940000000000006
0.0053598122705944525,0.0,0.0,0.0053598122705944525,0.010719624541188905,0.7950000000000006
0.005341161254429209,0.0,0.0,0.005341161254429209,0.010682322508858418,0.7960000000000006
0.005322558339245815,0.0,0.0,0.005322558339245815,0.01064511667849163,0.7970000000000006
0.005304003516733061,0.0,0.0,0.005304003516733061,0.010608007033466121,0.7980000000000006
0.005285496777557581,0.0,0.0,0.005285496777557581,0.010570993555115161,0.7990000000000006
0.0052670381113728085,0.0,0.0,0.0052670381113728085,0.010534076222745617,0.8000000000000006
0.0052486275068278415,0.0,0.0,0.0052486275068278415,0.010497255013655683,0.8010000000000006
0.005230264951576315,0.0,0.0,0.005230264951576315,0.01046052990315263,0.8020000000000006
0.005211950432285176,0.0,0.0,0.005211950432285176,0.010423900864570353,0.8030000000000006
0.005193683934643418,0.0,0.0,0.005193683934643418,0.010387367869286837,0.8040000000000006
0.005175465443370803,0.0,0.0,0.005175465443370803,0.010350930886741607,0.8050000000000006
0.005157294942226492,0.0,0.0,0.005157294942226492,0.010314589884452984,0.8060000000000006
0.005139172414017643,0.0,0.0,0.005139172414017643,0.010278344828035286,0.8070000000000006
0.005121097840607977,0.0,0.0,0.005121097840607977,0.010242195681215954,0.8080000000000006
0.005103071202926257,0.0,0.0,0.005103071202926257,0.010206142405852514,0.8090000000000006
0.005085092480974773,0.0,0.0,0.005085092480974773,0.010170184961949547,0.8100000000000006
0.005067161653837739,0.0,0.0,0.005067161653837739,0.010134323307675478,0.8110000000000006
0.005049278699689637,0.0,0.0,0.005049278699689637,0.010098557399379274,0.8120000000000006
0.00503144359580356,0.0,0.0,0.00503144359580356,0.01006288719160712,0.8130000000000006
0.005013656318559464,0.0,0.0,0.005013656318559464,0.010027312637118929,0.8140000000000006
0.00499591684345239,0.0,0.0,0.00499591684345239,0.00999183368690478,0.8150000000000006
0.004978225145100639,0.0,0.0,0.004978225145100639,0.009956450290201278,0.8160000000000006
0.004960581197253887,0.0,0.0,0.004960581197253887,0.009921162394507774,0.8170000000000006
0.004942984972801288,0.0,0.0,0.004942984972801288,0.009885969945602577,0.8180000000000006
0.004925436443779494,0.0,0.0,0.004925436443779494,0.009850872887558988,0.8190000000000006
0.004907935581380633,0.0,0.0,0.004907935581380633,0.009815871162761267,0.8200000000000006
0.004890482355960276,0.0,0.0,0.004890482355960276,0.009780964711920552,0.8210000000000006
0.004873076737045309,0.0,0.0,0.004873076737045309,0.009746153474090618,0.8220000000000006
0.004855718693341803,0.0,0.0,0.004855718693341803,0.009711437386683607,0.8230000000000006
0.004838408192742804,0.0,0.0,0.004838408192742804,0.009676816385485608,0.8240000000000006
0.004821145202336089,0.0,0.0,0.004821145202336089,0.009642290404672177,0.8250000000000006
0.004803929688411898,0.0,0.0,0.004803929688411898,0.009607859376823796,0.8260000000000006
0.004786761616470592,0.0,0.0,0.004786761616470592,0.009573523232941184,0.8270000000000006
0.004769640951230269,0.0,0.0,0.004769640951230269,0.009539281902460539,0.8280000000000006
0.0047525676566343615,0.0,0.0,0.0047525676566343615,0.009505135313268723,0.8290000000000006
0.004735541695859156,0.0,0.0,0.004735541695859156,0.009471083391718312,0.8300000000000006
0.004718563031321288,0.0,0.0,0.004718563031321288,0.009437126062642576,0.8310000000000006
0.0047016316246851885,0.0,0.0,0.0047016316246851885,0.009403263249370377,0.8320000000000006
0.00468474743687048,0.0,0.0,0.00468474743687048,0.00936949487374096,0.8330000000000006
0.004667910428059342,0.0,0.0,0.004667910428059342,0.009335820856118685,0.8340000000000006
0.004651120557703823,0.0,0.0,0.004651120557703823,0.009302241115407646,0.8350000000000006
0.004634377784533098,0.0,0.0,0.004634377784533098,0.009268755569066195,0.8360000000000006
0.0046176820665607115,0.0,0.0,0.0046176820665607115,0.009235364133121423,0.8370000000000006
0.004601033361091753,0.0,0.0,0.004601033361091753,0.009202066722183506,0.8380000000000006
0.004584431624729994,0.0,0.0,0.004584431624729994,0.009168863249459988,0.8390000000000006
0.004567876813384995,0.0,0.0,0.004567876813384995,0.00913575362676999,0.8400000000000006
0.0045513688822791335,0.0,0.0,0.0045513688822791335,0.009102737764558267,0.8410000000000006
0.004534907785954649,0.0,0.0,0.004534907785954649,0.009069815571909298,0.8420000000000006
0.0045184934782805915,0.0,0.0,0.0045184934782805915,0.009036986956561183,0.8430000000000006
0.004502125912459741,0.0,0.0,0.004502125912459741,0.009004251824919481,0.8440000000000006
0.004485805041035509,0.0,0.0,0.004485805041035509,0.008971610082071018,0.8450000000000006
0.00446953081589877,0.0,0.0,0.00446953081589877,0.00893906163179754,0.8460000000000006
0.00445330318829466,0.0,0.0,0.00445330318829466,0.00890660637658932,0.8470000000000006
0.004437122108829339,0.0,0.0,0.004437122108829339,0.008874244217658677,0.8480000000000006
0.0044209875274766955,0.0,0.0,0.0044209875274766955,0.008841975054953391,0.8490000000000006
0.0044048993935850355,0.0,0.0,0.0044048993935850355,0.008809798787170071,0.8500000000000006
0.004388857655883714,0.0,0.0,0.004388857655883714,0.008777715311767428,0.8510000000000006
0.004372862262489707,0.0,0.0,0.004372862262489707,0.008745724524979414,0.8520000000000006
0.0043569131609141895,0.0,0.0,0.0043569131609141895,0.008713826321828379,0.8530000000000006
0.0043410102980690314,0.0,0.0,0.0043410102980690314,0.008682020596138063,0.8540000000000006
0.004325153620273267,0.0,0.0,0.004325153620273267,0.008650307240546534,0.8550000000000006
0.00430934307325953,0.0,0.0,0.00430934307325953,0.00861868614651906,0.8560000000000006
0.004293578602180423,0.0,0.0,0.004293578602180423,0.008587157204360846,0.8570000000000007
0.004277860151614897,0.0,0.0,0.004277860151614897,0.008555720303229795,0.8580000000000007
0.004262187665574541,0.0,0.0,0.004262187665574541,0.008524375331149083,0.8590000000000007
0.00424656108750984,0.0,0.0,0.00424656108750984,0.00849312217501968,0.8600000000000007
0.004230980360316425,0.0,0.0,0.004230980360316425,0.00846196072063285,0.8610000000000007
0.004215445426341253,0.0,0.0,0.004215445426341253,0.008430890852682506,0.8620000000000007
0.004199956227388754,0.0,0.0,0.004199956227388754,0.008399912454777508,0.8630000000000007
0.004184512704726948,0.0,0.0,0.004184512704726948,0.008369025409453897,0.8640000000000007
0.004169114799093503,0.0,0.0,0.004169114799093503,0.008338229598187006,0.8650000000000007
0.004153762450701785,0.0,0.0,0.004153762450701785,0.00830752490140357,0.8660000000000007
0.004138455599246843,0.0,0.0,0.004138455599246843,0.008276911198493686,0.8670000000000007
0.004123194183911356,0.0,0.0,0.004123194183911356,0.008246388367822712,0.8680000000000007
0.004107978143371568,0.0,0.0,0.004107978143371568,0.008215956286743136,0.8690000000000007
0.00409280741580315,0.0,0.0,0.00409280741580315,0.0081856148316063,0.8700000000000007
0.004077681938887051,0.0,0.0,0.004077681938887051,0.008155363877774102,0.8710000000000007
0.004062601649815298,0.0,0.0,0.004062601649815298,0.008125203299630596,0.8720000000000007
0.004047566485296745,0.0,0.0,0.004047566485296745,0.00809513297059349,0.8730000000000007
0.004032576381562829,0.0,0.0,0.004032576381562829,0.008065152763125657,0.8740000000000007
0.004017631274373239,0.0,0.0,0.004017631274373239,0.008035262548746478,0.8750000000000007
0.004002731099021566,0.0,0.0,0.004002731099021566,0.008005462198043132,0.8760000000000007
0.003987875790340935,0.0,0.0,0.003987875790340935,0.00797575158068187,0.8770000000000007
0.003973065282709568,0.0,0.0,0.003973065282709568,0.007946130565419136,0.8780000000000007
0.003958299510056332,0.0,0.0,0.003958299510056332,0.007916599020112665,0.8790000000000007
0.003943578405866246,0.0,0.0,0.003943578405866246,0.007887156811732491,0.8800000000000007
0.003928901903185932,0.0,0.0,0.003928901903185932,0.007857803806371863,0.8810000000000007
0.003914269934629069,0.0,0.0,0.003914269934629069,0.007828539869258138,0.8820000000000007
0.0038996824323817886,0.0,0.0,0.0038996824323817886,0.007799364864763577,0.8830000000000007
0.003885139328208002,0.0,0.0,0.003885139328208002,0.007770278656416004,0.8840000000000007
0.0038706405534547667,0.0,0.0,0.0038706405534547667,0.007741281106909533,0.8850000000000007
0.0038561860390575477,0.0,0.0,0.0038561860390575477,0.0077123720781150954,0.8860000000000007
0.0038417757155454744,0.0,0.0,0.0038417757155454744,0.007683551431090949,0.8870000000000007
0.00382740951304657,0.0,0.0,0.00382740951304657,0.00765481902609314,0.8880000000000007
0.003813087361292906,0.0,0.0,0.003813087361292906,0.007626174722585812,0.8890000000000007
0.003798809189625784,0.0,0.0,0.003798809189625784,0.007597618379251568,0.8900000000000007
0.0037845749270008235,0.0,0.0,0.0037845749270008235,0.007569149854001647,0.8910000000000007
0.0037703845019930395,0.0,0.0,0.0037703845019930395,0.007540769003986079,0.8920000000000007
0.0037562378428018994,0.0,0.0,0.0037562378428018994,0.007512475685603799,0.8930000000000007
0.0037421348772563204,0.0,0.0,0.0037421348772563204,0.007484269754512641,0.8940000000000007
0.0037280755328196473,0.0,0.0,0.0037280755328196473,0.007456151065639295,0.8950000000000007
0.0037140597365945896,0.0,0.0,0.0037140597365945896,0.007428119473189179,0.8960000000000007
0.0037000874153281247,0.0,0.0,0.0037000874153281247,0.007400174830656249,0.8970000000000007
0.0036861584954163756,0.0,0.0,0.0036861584954163756,0.007372316990832751,0.8980000000000007
0.003672272902909457,0.0,0.0,0.003672272902909457,0.007344545805818914,0.8990000000000007
0.0036584305635162526,0.0,0.0,0.0036584305635162526,0.007316861127032505,0.9000000000000007
0.0036446314026092174,0.0,0.0,0.0036446314026092174,0.007289262805218435,0.9010000000000007
0.003630875345229101,0.0,0.0,0.003630875345229101,0.007261750690458202,0.9020000000000007
0.0036171623160896533,0.0,0.0,0.0036171623160896533,0.007234324632179307,0.9030000000000007
0.003603492239582304,0.0,0.0,0.003603492239582304,0.007206984479164608,0.9040000000000007
0.0035898650397807835,0.0,0.0,0.0035898650397807835,0.007179730079561567,0.9050000000000007
0.003576280640445759,0.0,0.0,0.003576280640445759,0.007152561280891518,0.9060000000000007
0.0035627389650293917,0.0,0.0,0.0035627389650293917,0.007125477930058783,0.9070000000000007
0.00354923993667987,0.0,0.0,0.00354923993667987,0.00709847987335974,0.9080000000000007
0.0035357834782459466,0.0,0.0,0.0035357834782459466,0.007071566956491893,0.9090000000000007
0.0035223695122813957,0.0,0.0,0.0035223695122813957,0.007044739024562791,0.9100000000000007
0.0035089979610494664,0.0,0.0,0.0035089979610494664,0.007017995922098933,0.9110000000000007
0.0034956687465273056,0.0,0.0,0.0034956687465273056,0.006991337493054611,0.9120000000000007
0.003482381790410319,0.0,0.0,0.003482381790410319,0.006964763580820638,0.9130000000000007
0.0034691370141165536,0.0,0.0,0.0034691370141165536,0.006938274028233107,0.9140000000000007
0.0034559343387910004,0.0,0.0,0.0034559343387910004,0.006911868677582001,0.9150000000000007
0.0034427736853098806,0.0,0.0,0.0034427736853098806,0.006885547370619761,0.9160000000000007
0.003429654974284922,0.0,0.0,0.003429654974284922,0.006859309948569844,0.9170000000000007
0.003416578126067577,0.0,0.0,0.003416578126067577,0.006833156252135154,0.9180000000000007
0.0034035430607532204,0.0,0.0,0.0034035430607532204,0.006807086121506441,0.9190000000000007
0.0033905496981853213,0.0,0.0,0.0033905496981853213,0.0067810993963706425,0.9200000000000007
0.0033775979579595723,0.0,0.0,0.0033775979579595723,0.006755195915919145,0.9210000000000007
0.0033646877594280104,0.0,0.0,0.0033646877594280104,0.006729375518856021,0.9220000000000007
0.0033518190217030857,0.0,0.0,0.0033518190217030857,0.0067036380434061715,0.9230000000000007
0.0033389916636617023,0.0,0.0,0.0033389916636617023,0.006677983327323405,0.9240000000000007
0.0033262056039492544,0.0,0.0,0.0033262056039492544,0.006652411207898509,0.9250000000000007
0.0033134607609835993,0.0,0.0,0.0033134607609835993,0.006626921521967199,0.9260000000000007
0.0033007570529590235,0.0,0.0,0.0033007570529590235,0.006601514105918047,0.9270000000000007
0.0032880943978501726,0.0,0.0,0.0032880943978501726,0.006576188795700345,0.9280000000000007
0.003275472713415943,0.0,0.0,0.003275472713415943,0.006550945426831886,0.9290000000000007
0.0032628919172033688,0.0,0.0,0.0032628919172033688,0.0065257838344067376,0.9300000000000007
0.0032503519265514574,0.0,0.0,0.0032503519265514574,0.006500703853102915,0.9310000000000007
0.0032378526585949956,0.0,0.0,0.0032378526585949956,0.006475705317189991,0.9320000000000007
0.003225394030268353,0.0,0.0,0.003225394030268353,0.006450788060536706,0.9330000000000007
0.003212975958309228,0.0,0.0,0.003212975958309228,0.006425951916618456,0.9340000000000007
0.0032005983592623788,0.0,0.0,0.0032005983592623788,0.0064011967185247575,0.9350000000000007
0.0031882611494833306,0.0,0.0,0.0031882611494833306,0.006376522298966661,0.9360000000000007
0.003175964245142036,0.0,0.0,0.003175964245142036,0.006351928490284072,0.9370000000000007
0.003163707562226538,0.0,0.0,0.003163707562226538,0.006327415124453076,0.9380000000000007
0.003151491016546578,0.0,0.0,0.003151491016546578,0.006302982033093156,0.9390000000000007
0.0031393145237371863,0.0,0.0,0.0031393145237371863,0.0062786290474743725,0.9400000000000007
0.0031271779992622494,0.0,0.0,0.0031271779992622494,0.006254355998524499,0.9410000000000007
0.003115081358418045,0.0,0.0,0.003115081358418045,0.00623016271683609,0.9420000000000007
0.0031030245163367527,0.0,0.0,0.0031030245163367527,0.006206049032673505,0.9430000000000007
0.0030910073879899347,0.0,0.0,0.0030910073879899347,0.006182014775979869,0.9440000000000007
0.0030790298881919857,0.0,0.0,0.0030790298881919857,0.0061580597763839715,0.9450000000000007
0.0030670919316035743,0.0,0.0,0.0030670919316035743,0.006134183863207149,0.9460000000000007
0.0030551934327350404,0.0,0.0,0.0030551934327350404,0.006110386865470081,0.9470000000000007
0.0030433343059497607,0.0,0.0,0.0030433343059497607,0.0060866686118995214,0.9480000000000007
0.003031514465467519,0.0,0.0,0.003031514465467519,0.006063028930935038,0.9490000000000007
0.003019733825367814,0.0,0.0,0.003019733825367814,0.006039467650735628,0.9500000000000007
0.003007992299593165,0.0,0.0,0.003007992299593165,0.00601598459918633,0.9510000000000007
0.0029962898019523843,0.0,0.0,0.0029962898019523843,0.005992579603904769,0.9520000000000007
0.002984626246123813,0.0,0.0,0.002984626246123813,0.005969252492247626,0.9530000000000007
0.00297300154565856,0.0,0.0,0.00297300154565856,0.00594600309131712,0.9540000000000007
0.0029614156139836883,0.0,0.0,0.0029614156139836883,0.005922831227967377,0.9550000000000007
0.0029498683644053813,0.0,0.0,0.0029498683644053813,0.005899736728810763,0.9560000000000007
0.002938359710112097,0.0,0.0,0.002938359710112097,0.005876719420224194,0.9570000000000007
0.002926889564177685,0.0,0.0,0.002926889564177685,0.00585377912835537,0.9580000000000007
0.002915457839564483,0.0,0.0,0.002915457839564483,0.005830915679128966,0.9590000000000007
0.0029040644491263885,0.0,0.0,0.0029040644491263885,0.005808128898252777,0.9600000000000007
0.0028927093056118985,0.0,0.0,0.0028927093056118985,0.005785418611223797,0.9610000000000007
0.0028813923216671434,0.0,0.0,0.0028813923216671434,0.005762784643334287,0.9620000000000007
0.0028701134098388812,0.0,0.0,0.0028701134098388812,0.0057402268196777625,0.9630000000000007
0.00285887248257746,0.0,0.0,0.00285887248257746,0.00571774496515492,0.9640000000000007
0.002847669452239786,0.0,0.0,0.002847669452239786,0.005695338904479572,0.9650000000000007
0.0028365042310922388,0.0,0.0,0.0028365042310922388,0.0056730084621844775,0.9660000000000007
0.0028253767313135727,0.0,0.0,0.0028253767313135727,0.0056507534626271455,0.9670000000000007
0.0028142868649978035,0.0,0.0,0.0028142868649978035,0.005628573729995607,0.9680000000000007
0.0028032345441570505,0.0,0.0,0.0028032345441570505,0.005606469088314101,0.9690000000000007
0.002792219680724382,0.0,0.0,0.002792219680724382,0.005584439361448764,0.9700000000000008
0.00278124218655662,0.0,0.0,0.00278124218655662,0.00556248437311324,0.9710000000000008
0.0027703019734371145,0.0,0.0,0.0027703019734371145,0.005540603946874229,0.9720000000000008
0.0027593989530785247,0.0,0.0,0.0027593989530785247,0.005518797906157049,0.9730000000000008
0.002748533037125544,0.0,0.0,0.002748533037125544,0.005497066074251088,0.9740000000000008
0.002737704137157626,0.0,0.0,0.002737704137157626,0.005475408274315252,0.9750000000000008
0.002726912164691675,0.0,0.0,0.002726912164691675,0.00545382432938335,0.9760000000000008
0.002716157031184713,0.0,0.0,0.002716157031184713,0.005432314062369426,0.9770000000000008
0.0027054386480365416,0.0,0.0,0.0027054386480365416,0.005410877296073083,0.9780000000000008
0.0026947569265923627,0.0,0.0,0.0026947569265923627,0.005389513853184725,0.9790000000000008
0.002684111778145377,0.0,0.0,0.002684111778145377,0.005368223556290754,0.9800000000000008
0.0026735031139393816,0.0,0.0,0.0026735031139393816,0.005347006227878763,0.9810000000000008
0.002662930845171324,0.0,0.0,0.002662930845171324,0.005325861690342648,0.9820000000000008
0.0026523948829938406,0.0,0.0,0.0026523948829938406,0.005304789765987681,0.9830000000000008
0.0026418951385177815,0.0,0.0,0.0026418951385177815,0.005283790277035563,0.9840000000000008
0.0026314315228146987,0.0,0.0,0.0026314315228146987,0.005262863045629397,0.9850000000000008
0.00262100394691933,0.0,0.0,0.00262100394691933,0.00524200789383866,0.9860000000000008
0.0026106123218320536,0.0,0.0,0.0026106123218320536,0.005221224643664107,0.9870000000000008
0.0026002565585213117,0.0,0.0,0.0026002565585213117,0.005200513117042623,0.9880000000000008
0.002589936567926035,0.0,0.0,0.002589936567926035,0.00517987313585207,0.9890000000000008
0.002579652260958028,0.0,0.0,0.002579652260958028,0.005159304521916056,0.9900000000000008
0.0025694035485043427,0.0,0.0,0.0025694035485043427,0.005138807097008685,0.9910000000000008
0.002559190341429631,0.0,0.0,0.002559190341429631,0.005118380682859262,0.9920000000000008
0.002549012550578462,0.0,0.0,0.002549012550578462,0.005098025101156924,0.9930000000000008
0.0025388700867776497,0.0,0.0,0.0025388700867776497,0.005077740173555299,0.9940000000000008
0.002528762860838536,0.0,0.0,0.002528762860838536,0.005057525721677072,0.9950000000000008
0.0025186907835592505,0.0,0.0,0.0025186907835592505,0.005037381567118501,0.9960000000000008
0.002508653765726973,0.0,0.0,0.002508653765726973,0.005017307531453946,0.9970000000000008
0.002498651718120159,0.0,0.0,0.002498651718120159,0.004997303436240318,0.9980000000000008
0.002488684551510747,0.0,0.0,0.002488684551510747,0.004977369103021494,0.9990000000000008
0.0024787521766663533,0.0,0.0,0.0024787521766663533,0.004957504353332707,1.0000000000000007
