estimated_true_dist,best_x,min_error,empirical_min_dist,experiment,real_alpha,real_p_aa,real_p_bb,empirical_true_dist
91.54747875945995,0.000518803826828003,1.0000000000000187,100.0,0,0.4,0.4,0.4,100
306.48987967783194,0.29507446715293884,1.1811292397150281,299.0,0,0.4,0.4,0.4,300
501.0125430668383,0.5121765173914337,2.048928045409908,498.0,0,0.4,0.4,0.4,500
676.8361411607748,0.6660461459130097,3.528219213314242,672.0,0,0.4,0.4,0.4,700
862.6606234334662,0.8574523954344941,7.499878602710227,781.0,0,0.4,0.4,0.4,900
1035.1281903563176,1.0298156762535857,15.121768253940878,851.0,0,0.4,0.4,0.4,1100
1187.5956372424737,1.178985597755661,27.63331981916299,898.0,0,0.4,0.4,0.4,1300
1288.2733281529563,1.2654724139456939,39.040641305727085,926.0,0,0.4,0.4,0.4,1500
89.54644097236792,0.000518803826828003,1.0000000000000187,100.0,1,0.4,0.4,0.4,100
300.2850227546024,0.32400513114311225,1.2450315652437804,298.0,1,0.4,0.4,0.4,300
496.057033904342,0.5195617712792205,2.098503161812927,496.0,1,0.4,0.4,0.4,500
682.149987321502,0.6985778841129303,3.994755990274627,658.0,1,0.4,0.4,0.4,700
841.9483668672987,0.8358459501760102,6.874401551227782,768.0,1,0.4,0.4,0.4,900
1012.0423879890183,0.9885559107317352,12.783377371895218,852.0,1,0.4,0.4,0.4,1100
1158.4328730931222,1.1170349143167877,21.534116953252337,906.0,1,0.4,0.4,0.4,1300
1371.6559095436337,1.3548889176284027,55.59146980564747,934.0,1,0.4,0.4,0.4,1500
90.54695986591395,0.000518803826828003,1.0000000000000187,100.0,2,0.4,0.4,0.4,100
301.9524218431403,0.3101501507089997,1.2129543084914316,300.0,2,0.4,0.4,0.4,300
494.5037049244096,0.4908142127573395,1.9148944501802991,498.0,2,0.4,0.4,0.4,500
677.2672311562825,0.6600647006154633,3.449341066616553,662.0,2,0.4,0.4,0.4,700
858.0981581151142,0.8601989774588776,7.582742918362168,770.0,2,0.4,0.4,0.4,900
1010.3778437543776,0.9944152857170868,13.088535018217327,846.0,2,0.4,0.4,0.4,1100
1204.437790522138,1.2098083515848541,31.278722398855116,890.0,2,0.4,0.4,0.4,1300
1349.8899493383951,1.3387756364186858,52.16139854957934,927.0,2,0.4,0.4,0.4,1500
89.04618152559492,0.000518803826828003,1.0000000000000187,100.0,3,0.4,0.4,0.4,100
296.0610612733886,0.32601929129432683,1.2499675293156407,298.0,3,0.4,0.4,0.4,300
488.0117386215218,0.49606323618171694,1.9464689994950721,496.0,3,0.4,0.4,0.4,500
682.9485968512281,0.6896057161666107,3.8596145558033883,664.0,3,0.4,0.4,0.4,700
850.768629488091,0.8434143095320893,7.0858636825423735,772.0,3,0.4,0.4,0.4,900
1091.589459881667,1.1197814963411712,21.77403997380193,850.0,3,0.4,0.4,0.4,1100
1212.695357849455,1.2189025898433685,32.4262455746801,891.0,3,0.4,0.4,0.4,1300
1368.921229509096,1.382171632403946,61.87029748391061,917.0,3,0.4,0.4,0.4,1500
89.54644097236792,0.000518803826828003,1.0000000000000187,100.0,4,0.4,0.4,0.4,100
303.68191215227887,0.32400513114311225,1.2451414165521884,300.0,4,0.4,0.4,0.4,300
510.2840830877372,0.509552005679245,2.0316162612648965,500.0,4,0.4,0.4,0.4,500
679.6185788563023,0.6764221224495697,3.6700681964463526,663.0,4,0.4,0.4,0.4,700
882.9695189311408,0.8930358914392853,8.662398196747422,781.0,4,0.4,0.4,0.4,900
1071.2941697126125,1.0860900901753998,18.99903179224139,852.0,4,0.4,0.4,0.4,1100
1279.5600236349553,1.2931213396578216,43.57544288431194,903.0,4,0.4,0.4,0.4,1300
1439.8073304389668,1.443206788501358,78.50339707146703,934.0,4,0.4,0.4,0.4,1500
109.38578483294191,0.19003296350929258,1.0399949006987586,100.0,5,0.4,0.4,0.4,100
306.8141819900434,0.34310913500160223,1.2945311103490664,300.0,5,0.4,0.4,0.4,300
498.85545433864024,0.48995972057197573,1.9100153873795063,498.0,5,0.4,0.4,0.4,500
682.648749329134,0.6752624544837189,3.653615952885988,664.0,5,0.4,0.4,0.4,700
859.6971342664569,0.816864016629715,6.368719122205363,788.0,5,0.4,0.4,0.4,900
1017.4847421857575,0.9639587428244782,11.565148211376435,870.0,5,0.4,0.4,0.4,1100
1245.1749109965247,1.2245788593604279,33.182570833758575,915.0,5,0.4,0.4,0.4,1300
1404.5501862101669,1.3735656753942107,59.812982892450925,948.0,5,0.4,0.4,0.4,1500
92.54799765300595,0.000518803826828003,1.0000000000000187,100.0,6,0.4,0.4,0.4,100
298.7371100762472,0.3031921429138947,1.1978871460383107,300.0,6,0.4,0.4,0.4,300
494.887876526648,0.505096439284134,2.0033275744679675,493.0,6,0.4,0.4,0.4,500
680.5843848664256,0.6799621615032195,3.7204084653898244,664.0,6,0.4,0.4,0.4,700
916.9521782932509,0.9532165553513336,11.067214059362989,787.0,6,0.4,0.4,0.4,900
1081.5063550550858,1.1073913596533966,20.71634211837747,852.0,6,0.4,0.4,0.4,1100
1247.388579890352,1.2677307147212982,39.388110325851095,891.0,6,0.4,0.4,0.4,1300
1353.9979957762034,1.3654479996332551,57.93714497995896,917.0,6,0.4,0.4,0.4,1500
105.96120571032516,0.19186401819221494,1.0414217021422392,100.0,7,0.4,0.4,0.4,100
312.0193598113168,0.3621521037039948,1.3495802223080215,300.0,7,0.4,0.4,0.4,300
494.2776190755553,0.47341919326957704,1.8153389159390418,496.0,7,0.4,0.4,0.4,500
692.2009594323383,0.7017517122299958,4.043456274684665,670.0,7,0.4,0.4,0.4,700
902.3476693436492,0.9183654812197113,9.605648276651252,787.0,7,0.4,0.4,0.4,900
1019.931732432706,0.993255617751236,13.029939881337992,858.0,7,0.4,0.4,0.4,1100
1155.150710471434,1.1427917501898956,23.894819252104256,891.0,7,0.4,0.4,0.4,1300
1384.2351138447473,1.3846740738039396,62.46122029581202,929.0,7,0.4,0.4,0.4,1500
89.04618152559492,0.000518803826828003,1.0000000000000187,100.0,8,0.4,0.4,0.4,100
303.0798934268056,0.29470825621635444,1.180441306048966,299.0,8,0.4,0.4,0.4,300
501.74309191337323,0.5101013220841217,2.035731942846025,497.0,8,0.4,0.4,0.4,500
694.8946891155952,0.6759948763568878,3.663042814625784,675.0,8,0.4,0.4,0.4,700
859.8631897820442,0.8091735869614411,6.173180984935263,795.0,8,0.4,0.4,0.4,900
1020.0368944620772,0.9755554224829865,12.120746179930716,863.0,8,0.4,0.4,0.4,1100
1151.5469725564005,1.1014099143558502,20.217740179662766,910.0,8,0.4,0.4,0.4,1300
1339.5925223876668,1.2929992693456267,43.54454547797518,945.0,8,0.4,0.4,0.4,1500
90.54695986591395,0.000518803826828003,1.0000000000000187,100.0,9,0.4,0.4,0.4,100
301.87393779349145,0.32485962332847595,1.2471918029073255,300.0,9,0.4,0.4,0.4,300
490.3279002716502,0.4902038611963654,1.9113738587487543,498.0,9,0.4,0.4,0.4,500
672.1427421557154,0.6504211459520721,3.327610422818584,665.0,9,0.4,0.4,0.4,700
886.7311616193001,0.8938903836246491,8.695434571327834,785.0,9,0.4,0.4,0.4,900
1076.072269191254,1.0824890159656526,18.72112457177431,858.0,9,0.4,0.4,0.4,1100
1299.396941453346,1.3184509294382478,48.16040258839707,906.0,9,0.4,0.4,0.4,1300
1415.7705057758715,1.404998780784378,67.64666608468106,935.0,9,0.4,0.4,0.4,1500
88.04566263204892,0.000518803826828003,1.0000000000000187,100.0,10,0.4,0.4,0.4,100
297.7502558554713,0.33499145924064644,1.2727181385969297,298.0,10,0.4,0.4,0.4,300
498.41432164430086,0.5351257360840608,2.209503340805768,492.0,10,0.4,0.4,0.4,500
705.9268431129481,0.7414245636933137,4.717437117621685,671.0,10,0.4,0.4,0.4,700
892.2112252511516,0.897430422678299,8.818325769039722,783.0,10,0.4,0.4,0.4,900
1054.9433378103229,1.0528259301023102,16.60546510790812,854.0,10,0.4,0.4,0.4,1100
1221.3944613324222,1.2128601093897247,31.65333114458474,901.0,10,0.4,0.4,0.4,1300
1477.0833905326826,1.4899597180719757,94.10174496248855,933.0,10,0.4,0.4,0.4,1500
88.04566263204892,0.000518803826828003,1.0000000000000187,100.0,11,0.4,0.4,0.4,100
307.80478739515985,0.3442077678113556,1.2973485761295698,300.0,11,0.4,0.4,0.4,300
498.5897027974951,0.5006408728890228,1.9749083146830966,498.0,11,0.4,0.4,0.4,500
689.1980051169385,0.6961364778690338,3.9578468051303872,665.0,11,0.4,0.4,0.4,700
887.9157191865247,0.9249572780782319,9.866939992636526,773.0,11,0.4,0.4,0.4,900
1006.1799645219827,0.9966735864926911,13.21271355490751,841.0,11,0.4,0.4,0.4,1100
1240.9274170325482,1.2398986835408783,35.27328782282188,902.0,11,0.4,0.4,0.4,1300
1410.695329170692,1.4207458510575102,71.92134673893207,926.0,11,0.4,0.4,0.4,1500
110.5246055551024,0.18942261194831847,1.039554996967582,100.0,12,0.4,0.4,0.4,100
305.9432290969591,0.36569214275764467,1.3605570166433625,300.0,12,0.4,0.4,0.4,300
485.1928821715088,0.49301147837684633,1.9281763810805859,493.0,12,0.4,0.4,0.4,500
691.3374726496702,0.6812438997812653,3.737448053466141,665.0,12,0.4,0.4,0.4,700
882.9695189311408,0.8930358914392853,8.662398196747422,781.0,12,0.4,0.4,0.4,900
1054.4424225367177,1.03372192624382,15.362398937346276,862.0,12,0.4,0.4,0.4,1100
1219.232777374303,1.1912536641312408,29.02882792445414,913.0,12,0.4,0.4,0.4,1300
1368.102072443206,1.3417053239113617,52.77854601906059,940.0,12,0.4,0.4,0.4,1500
105.38925783401598,0.19216919397270202,1.041676108407017,100.0,13,0.4,0.4,0.4,100
299.5279050730073,0.31613159600654606,1.2265765167791898,300.0,13,0.4,0.4,0.4,300
503.8877614303077,0.5326232946840668,2.1906701535923676,498.0,13,0.4,0.4,0.4,500
697.1924526098126,0.7215881379616547,4.367284303725117,662.0,13,0.4,0.4,0.4,700
861.7760862799582,0.8610534696442415,7.612029497632103,774.0,13,0.4,0.4,0.4,900
1042.9593340940326,1.0426330590340422,15.926041968930283,848.0,13,0.4,0.4,0.4,1100
1129.9652671362228,1.097381594053421,19.89251697705098,894.0,13,0.4,0.4,0.4,1300
1281.688170165733,1.2554626483457183,37.52036300592532,926.0,13,0.4,0.4,0.4,1500
92.54799765300595,0.000518803826828003,1.0000000000000187,100.0,14,0.4,0.4,0.4,100
308.2800436606529,0.4010925332941437,1.482424401108326,300.0,14,0.4,0.4,0.4,300
496.973190966223,0.5597839391474152,2.4016142320326166,499.0,14,0.4,0.4,0.4,500
667.3774873966017,0.6756897005764008,3.6603650392639837,656.0,14,0.4,0.4,0.4,700
873.5792494484616,0.9020690945417024,8.989967625677417,768.0,14,0.4,0.4,0.4,900
1015.2439808770193,1.036956789516983,15.562128015992412,831.0,14,0.4,0.4,0.4,1100
1166.930433569597,1.168792726687393,26.52816136845782,882.0,14,0.4,0.4,0.4,1300
1391.760952158585,1.4012146011063382,66.63906624104384,924.0,14,0.4,0.4,0.4,1500
92.04773820623295,0.000518803826828003,1.0000000000000187,100.0,15,0.4,0.4,0.4,100
300.95152884685723,0.30892944758705143,1.2102615621242512,299.0,15,0.4,0.4,0.4,300
502.8266325304321,0.5398864782596589,2.2443444559275445,499.0,15,0.4,0.4,0.4,500
699.8833984811346,0.7355041535518646,4.60991348111625,662.0,15,0.4,0.4,0.4,700
873.5792494484616,0.9020690945417024,8.989967625677417,769.0,15,0.4,0.4,0.4,900
1032.382524332579,1.029266359848709,15.086548376698842,846.0,15,0.4,0.4,0.4,1100
1117.872177091422,1.0860900901753998,18.99903179224139,892.0,15,0.4,0.4,0.4,1300
1353.2758966310516,1.3518981949796294,54.94676881532113,923.0,15,0.4,0.4,0.4,1500
91.54747875945995,0.000518803826828003,1.0000000000000187,100.0,16,0.4,0.4,0.4,100
297.9913036969751,0.2881164593578339,1.167528270652794,300.0,16,0.4,0.4,0.4,300
500.3344638316018,0.5086364783377838,2.025699110362243,500.0,16,0.4,0.4,0.4,500
707.2912631598828,0.7350769074591827,4.602461613128781,673.0,16,0.4,0.4,0.4,700
897.4712860596995,0.9124450710782624,9.374889763398397,785.0,16,0.4,0.4,0.4,900
1011.4429655080771,0.9795227076293184,12.318862312599252,852.0,16,0.4,0.4,0.4,1100
1120.3453676654506,1.0779113792583466,18.37861721673698,896.0,16,0.4,0.4,0.4,1300
1377.5816683824535,1.369293214467392,58.806588154623455,930.0,16,0.4,0.4,0.4,1500
87.5454031852759,0.000518803826828003,1.0000000000000187,100.0,17,0.4,0.4,0.4,100
303.9577894951047,0.33511352955284124,1.272922888615135,300.0,17,0.4,0.4,0.4,300
492.47045488752553,0.5030822791329194,1.9904737490427389,497.0,17,0.4,0.4,0.4,500
689.0344681313472,0.711578372361679,4.200007263777669,665.0,17,0.4,0.4,0.4,700
913.5252988071261,0.9496154811415862,10.90658972158909,786.0,17,0.4,0.4,0.4,900
1079.8283947027496,1.0877380393900298,19.132605383234864,856.0,17,0.4,0.4,0.4,1100
1308.5226743371354,1.3318786637796782,50.781660778433455,904.0,17,0.4,0.4,0.4,1300
1436.2968181372312,1.4426574720964813,78.33752495317599,932.0,17,0.4,0.4,0.4,1500
90.54695986591395,0.000518803826828003,1.0000000000000187,100.0,18,0.4,0.4,0.4,100
304.75664702974575,0.30569458431388863,1.2031529952061153,300.0,18,0.4,0.4,0.4,300
496.0721259283196,0.5041198767865753,1.9967321343847184,500.0,18,0.4,0.4,0.4,500
703.6077937135007,0.7300109895030976,4.512163384156801,666.0,18,0.4,0.4,0.4,700
865.2658520588166,0.8801574735027313,8.22178523278336,775.0,18,0.4,0.4,0.4,900
1002.2849024877779,0.9927063013463593,13.000234975876253,841.0,18,0.4,0.4,0.4,1100
1130.9582471072017,1.1070251487168121,20.682062318771283,888.0,18,0.4,0.4,0.4,1300
1275.3536544669194,1.254364015535965,37.36397893131081,919.0,18,0.4,0.4,0.4,1500
91.54747875945995,0.000518803826828003,1.0000000000000187,100.0,19,0.4,0.4,0.4,100
296.10392853712887,0.283538822650528,1.1590040084411228,298.0,19,0.4,0.4,0.4,300
500.492303947986,0.4938659705622101,1.933024173378199,498.0,19,0.4,0.4,0.4,500
704.182977386495,0.6863098177373504,3.8111137195561278,679.0,19,0.4,0.4,0.4,700
883.0728922387971,0.8681335477515412,7.832051716122001,790.0,19,0.4,0.4,0.4,900
1088.5397802182883,1.0760803245754242,18.24438902221185,868.0,19,0.4,0.4,0.4,1100
1242.1135300332896,1.2240905781116487,33.10433032133398,911.0,19,0.4,0.4,0.4,1300
1531.107847612337,1.548675538237686,117.99541052356412,939.0,19,0.4,0.4,0.4,1500
89.04618152559492,0.000518803826828003,1.0000000000000187,100.0,20,0.4,0.4,0.4,100
308.3481524000841,0.356414799030838,1.3324042387661377,300.0,20,0.4,0.4,0.4,300
505.70679536223173,0.5234069861133576,2.125519833381373,499.0,20,0.4,0.4,0.4,500
691.4430633974059,0.6968688997422028,3.967966964168525,669.0,20,0.4,0.4,0.4,700
840.4199978030631,0.8185119658443452,6.411296555661448,777.0,20,0.4,0.4,0.4,900
991.7788703858245,0.972503664678116,11.972500207633868,845.0,20,0.4,0.4,0.4,1100
1144.1237455138103,1.1047058127851106,20.489326635699957,901.0,20,0.4,0.4,0.4,1300
1358.3142924809245,1.3527526871649933,55.11491615935178,925.0,20,0.4,0.4,0.4,1500
92.54799765300595,0.000518803826828003,1.0000000000000187,100.0,21,0.4,0.4,0.4,100
301.396830960292,0.2885437054505158,1.1683961253071273,300.0,21,0.4,0.4,0.4,300
495.06776127407556,0.47531128310859677,1.8256607947254966,500.0,21,0.4,0.4,0.4,500
694.1451346501603,0.707122805966568,4.127351247055175,666.0,21,0.4,0.4,0.4,700
854.4454416025018,0.8443298368735506,7.111352435667335,776.0,21,0.4,0.4,0.4,900
1024.1139692025895,1.0275573754779816,14.98416324355013,842.0,21,0.4,0.4,0.4,1100
1214.4005029665725,1.2352600116774748,34.6117275121372,887.0,21,0.4,0.4,0.4,1300
1280.3368991874756,1.264129640511551,38.83171198316953,921.0,21,0.4,0.4,0.4,1500
93.04825709977897,0.000518803826828003,1.0000000000000187,100.0,22,0.4,0.4,0.4,100
302.80442123268296,0.3308410686260224,1.262140833217621,300.0,22,0.4,0.4,0.4,300
490.575603148946,0.5278625525084686,2.1564665177086937,493.0,22,0.4,0.4,0.4,500
683.7063074126575,0.7050476106592559,4.094702138377094,659.0,22,0.4,0.4,0.4,700
877.9091051229732,0.8918151883173371,8.621033511095108,778.0,22,0.4,0.4,0.4,900
993.294763816913,0.9846496607415008,12.579362938039804,840.0,22,0.4,0.4,0.4,1100
1195.1316257342999,1.1803283711898038,27.786972713847778,897.0,22,0.4,0.4,0.4,1300
1341.369875907601,1.3141784685114288,47.349995881923185,939.0,22,0.4,0.4,0.4,1500
90.04670041914093,0.000518803826828003,1.0000000000000187,100.0,23,0.4,0.4,0.4,100
296.27332002681624,0.32424927176750185,1.2457258910048832,300.0,23,0.4,0.4,0.4,300
494.4055633049561,0.5000915564841462,1.9717142258755451,494.0,23,0.4,0.4,0.4,500
664.930320847909,0.6520080600106049,3.346639652183724,655.0,23,0.4,0.4,0.4,700
853.3251638781387,0.8458557157759858,7.156307390046453,773.0,23,0.4,0.4,0.4,900
1034.7709909030002,1.0226135278340913,14.68363775840428,851.0,23,0.4,0.4,0.4,1100
1176.8379017584261,1.1412048361313627,23.7448749290384,904.0,23,0.4,0.4,0.4,1300
1320.8001313654706,1.2801818865651702,41.39259635637625,936.0,23,0.4,0.4,0.4,1500
89.54644097236792,0.000518803826828003,1.0000000000000187,100.0,24,0.4,0.4,0.4,100
305.545508583427,0.3359069865821076,1.2750181542256818,300.0,24,0.4,0.4,0.4,300
501.03407419207394,0.5355529821767425,2.2120429827603654,500.0,24,0.4,0.4,0.4,500
687.7535884068044,0.703887942693405,4.077744578826208,662.0,24,0.4,0.4,0.4,700
862.1852171661102,0.875213625858841,8.059362514972912,772.0,24,0.4,0.4,0.4,900
1066.666246721425,1.0761413597315217,18.250076507692526,856.0,24,0.4,0.4,0.4,1100
1221.9743040649812,1.2205505390579985,32.64059329235211,901.0,24,0.4,0.4,0.4,1300
1335.5007176187805,1.3244934098918915,49.31446485836563,926.0,24,0.4,0.4,0.4,1500
93.04825709977897,0.000518803826828003,1.0000000000000187,100.0,25,0.4,0.4,0.4,100
304.95644375531344,0.30886841243095403,1.2101234811819213,300.0,25,0.4,0.4,0.4,300
497.06410100799656,0.4726867713964081,1.8112019429844275,499.0,25,0.4,0.4,0.4,500
667.1836877676686,0.6477966342398834,3.2954883164133157,663.0,25,0.4,0.4,0.4,700
842.9997017093561,0.8309021025321198,6.737461510139114,775.0,25,0.4,0.4,0.4,900
1034.9540884731969,1.0262146020438383,14.896870216792605,853.0,25,0.4,0.4,0.4,1100
1186.968047912666,1.1662292501313019,26.25559262243099,904.0,25,0.4,0.4,0.4,1300
1372.4951720021388,1.368438722282028,58.62838102794222,930.0,25,0.4,0.4,0.4,1500
101.39349736010584,0.19448852990440366,1.0434559241694377,100.0,26,0.4,0.4,0.4,100
295.9328408976563,0.3359069865821076,1.2751707457382029,300.0,26,0.4,0.4,0.4,300
494.92287300425824,0.5325622595279694,2.1907836859857373,496.0,26,0.4,0.4,0.4,500
673.068046732502,0.6830749544641876,3.7642156199886982,658.0,26,0.4,0.4,0.4,700
880.8757856498362,0.9085388210880281,9.227196151939507,776.0,26,0.4,0.4,0.4,900
1055.4852999272402,1.056976320716934,16.884914820580928,859.0,26,0.4,0.4,0.4,1100
1419.6856153509095,1.4810485852817534,90.89100581894583,898.0,26,0.4,0.4,0.4,1300
1429.2817143483953,1.441558839286728,78.00474112810721,925.0,26,0.4,0.4,0.4,1500
92.54799765300595,0.000518803826828003,1.0000000000000187,100.0,27,0.4,0.4,0.4,100
296.69106326425464,0.29556274840171814,1.1820212075869028,299.0,27,0.4,0.4,0.4,300
501.7276314506756,0.5332946814011384,2.195611301475292,499.0,27,0.4,0.4,0.4,500
688.4839208314462,0.6982727083324433,3.988807973335267,665.0,27,0.4,0.4,0.4,700
868.38951788435,0.8851623563027191,8.39216287492599,777.0,27,0.4,0.4,0.4,900
1086.0367770431783,1.1033020041948698,20.37176761844498,855.0,27,0.4,0.4,0.4,1100
1196.4280633165017,1.1871643086727142,28.56350637892468,898.0,27,0.4,0.4,0.4,1300
1334.8159609901359,1.3130798357016753,47.15497660490473,932.0,27,0.4,0.4,0.4,1500
89.54644097236792,0.000518803826828003,1.0000000000000187,100.0,28,0.4,0.4,0.4,100
288.3500529441579,0.2641296430115509,1.1255833450488195,298.0,28,0.4,0.4,0.4,300
490.0591282629868,0.5010681189817048,1.977661436587365,490.0,28,0.4,0.4,0.4,500
691.0770359568435,0.7171936067226409,4.292321373686871,667.0,28,0.4,0.4,0.4,700
885.1973916861914,0.9119567898294831,9.356134243908636,771.0,28,0.4,0.4,0.4,900
1016.0748932471294,1.0295715356291961,15.105922515201053,834.0,28,0.4,0.4,0.4,1100
1193.430703161889,1.2005310078580476,30.133512302436795,886.0,28,0.4,0.4,0.4,1300
1343.254655508909,1.3376770036089323,51.94212045035511,922.0,28,0.4,0.4,0.4,1500
90.54695986591395,0.000518803826828003,1.0000000000000187,100.0,29,0.4,0.4,0.4,100
297.0154673627704,0.2796325726602936,1.151948633682461,300.0,29,0.4,0.4,0.4,300
492.1443270426651,0.4927063025963593,1.9260730854742147,498.0,29,0.4,0.4,0.4,500
701.6025105804679,0.7333679230884552,4.571027576629881,668.0,29,0.4,0.4,0.4,700
884.963495339575,0.9167785671611787,9.540506853273563,776.0,29,0.4,0.4,0.4,900
1025.7366378939957,1.0315856957804106,15.227285483297397,841.0,29,0.4,0.4,0.4,1100
1133.8535847658354,1.107574465121689,20.726971865933617,891.0,29,0.4,0.4,0.4,1300
1492.5767578743917,1.5161438000377654,104.11043298757639,930.0,29,0.4,0.4,0.4,1500
90.04670041914093,0.000518803826828003,1.0000000000000187,100.0,30,0.4,0.4,0.4,100
309.8497557488319,0.34158325609916695,1.2902219128861807,300.0,30,0.4,0.4,0.4,300
488.9746132974547,0.4926452674402618,1.9255260607865077,492.0,30,0.4,0.4,0.4,500
676.7579885718833,0.6423645053472137,3.228752766465675,670.0,30,0.4,0.4,0.4,700
883.3060734052541,0.8701477079027559,7.896789508436839,793.0,30,0.4,0.4,0.4,900
1072.9367382830555,1.0645446800730134,17.41235694614648,863.0,30,0.4,0.4,0.4,1100
1280.0408918143767,1.2830505389017484,41.86382010386993,909.0,30,0.4,0.4,0.4,1300
1356.4834074397206,1.3398132340723419,52.39231811408427,930.0,30,0.4,0.4,0.4,1500
87.5454031852759,0.000518803826828003,1.0000000000000187,100.0,31,0.4,0.4,0.4,100
289.0315419446613,0.2915954632553864,1.1742901177213274,298.0,31,0.4,0.4,0.4,300
493.21919475412403,0.5107116736450958,2.039742943741065,498.0,31,0.4,0.4,0.4,500
692.8528744392678,0.7240905793616486,4.410076369741473,665.0,31,0.4,0.4,0.4,700
877.4144249781187,0.8961486844002533,8.774225108022797,777.0,31,0.4,0.4,0.4,900
1028.483185952321,1.0321350121852872,15.263399485529783,843.0,31,0.4,0.4,0.4,1100
1205.6688026234515,1.2027282734775544,30.40058179109007,895.0,31,0.4,0.4,0.4,1300
1339.755422940022,1.3139343278870392,47.29562160533953,935.0,31,0.4,0.4,0.4,1500
90.54695986591395,0.000518803826828003,1.0000000000000187,100.0,32,0.4,0.4,0.4,100
293.0393435602676,0.29177856872367863,1.1746130871878022,300.0,32,0.4,0.4,0.4,300
506.4790487569878,0.5329895056206513,2.19370193169107,498.0,32,0.4,0.4,0.4,500
701.4726904641389,0.6965637239617156,3.9631511851466206,677.0,32,0.4,0.4,0.4,700
901.4974590191249,0.9018249539173127,8.978093318195354,795.0,32,0.4,0.4,0.4,900
1052.4765665626799,1.022735598146286,14.686725417477511,868.0,32,0.4,0.4,0.4,1100
1246.0875990388372,1.2326354999652864,34.259952961475946,907.0,32,0.4,0.4,0.4,1300
1394.4353482828071,1.371978761335678,59.43392017557436,940.0,32,0.4,0.4,0.4,1500
88.54592207882192,0.000518803826828003,1.0000000000000187,100.0,33,0.4,0.4,0.4,100
302.2932316618747,0.33914184985527046,1.283577917486225,300.0,33,0.4,0.4,0.4,300
496.90655387536845,0.5061340369377899,2.009543228476835,497.0,33,0.4,0.4,0.4,500
685.8116833744934,0.6794738802544403,3.713060432386145,664.0,33,0.4,0.4,0.4,700
907.357832048372,0.9244689968294526,9.8452947089502,790.0,33,0.4,0.4,0.4,900
1137.8878416703917,1.1697692891849516,26.637739136397094,864.0,33,0.4,0.4,0.4,1100
1394.6550156314502,1.4555969251891325,82.35982374705215,897.0,33,0.4,0.4,0.4,1300
1466.3009818130326,1.4883117688573455,93.49962241653786,927.0,33,0.4,0.4,0.4,1500
89.54644097236792,0.000518803826828003,1.0000000000000187,100.0,34,0.4,0.4,0.4,100
302.9386615527178,0.30148315854316715,1.1942146932200814,300.0,34,0.4,0.4,0.4,300
500.5808856057579,0.5016174353865814,1.9813247625044788,498.0,34,0.4,0.4,0.4,500
700.4268764371537,0.6895446810105134,3.857502497740978,676.0,34,0.4,0.4,0.4,700
884.6718454799519,0.8805847195954133,8.23832532707586,786.0,34,0.4,0.4,0.4,900
1047.5278807660898,1.0323181176535796,15.27743731810252,861.0,34,0.4,0.4,0.4,1100
1223.8356337957252,1.1988830586434174,29.93602447476592,909.0,34,0.4,0.4,0.4,1300
1404.6320563836057,1.3879089370771027,63.265259125457085,941.0,34,0.4,0.4,0.4,1500
90.04670041914093,0.000518803826828003,1.0000000000000187,100.0,35,0.4,0.4,0.4,100
300.4890448706268,0.32223511161628726,1.240958071879889,299.0,35,0.4,0.4,0.4,300
488.9746132974547,0.4926452674402618,1.9255260607865077,496.0,35,0.4,0.4,0.4,500
672.5257085656372,0.6698913607471466,3.5793703048308236,649.0,35,0.4,0.4,0.4,700
835.7205242546564,0.8290710478491974,6.688591525101417,762.0,35,0.4,0.4,0.4,900
1035.3789330632376,1.0335388207755278,15.351450162070131,846.0,35,0.4,0.4,0.4,1100
1282.786915991939,1.2936706560626983,43.671069155176305,903.0,35,0.4,0.4,0.4,1300
1436.7273599485015,1.4248352065160368,73.0736873573649,939.0,35,0.4,0.4,0.4,1500
107.10408564691778,0.19125366663124083,1.0409275134111182,100.0,36,0.4,0.4,0.4,100
300.87912878231964,0.293914799187088,1.1787095412136366,300.0,36,0.4,0.4,0.4,300
509.72363953479163,0.5387878454499055,2.2366594690161823,500.0,36,0.4,0.4,0.4,500
684.4671498106252,0.6889953646056366,3.8493545754557794,665.0,36,0.4,0.4,0.4,700
886.2568427050095,0.8982238797075653,8.850471743400826,786.0,36,0.4,0.4,0.4,900
1056.903967353904,1.057281496497421,16.902438619420256,855.0,36,0.4,0.4,0.4,1100
1236.7289536253413,1.230987550750656,34.03999152506816,909.0,36,0.4,0.4,0.4,1300
1270.786827978607,1.2214050312433624,32.76050181223619,936.0,36,0.4,0.4,0.4,1500
92.04773820623295,0.000518803826828003,1.0000000000000187,100.0,37,0.4,0.4,0.4,100
301.73303873658267,0.31680298272361757,1.2280285032331415,300.0,37,0.4,0.4,0.4,300
504.138450011918,0.5293273962548065,2.167335430769937,499.0,37,0.4,0.4,0.4,500
717.784707017297,0.7491149933615876,4.862220532926803,672.0,37,0.4,0.4,0.4,700
909.2788461503507,0.9377746608586883,10.391589919362335,784.0,37,0.4,0.4,0.4,900
1052.6804329730714,1.0445861840291595,16.05363756650445,860.0,37,0.4,0.4,0.4,1100
1240.9274170325482,1.2398986835408783,35.27328782282188,905.0,37,0.4,0.4,0.4,1300
1521.8200383666751,1.5472717296474456,117.38052418802131,932.0,37,0.4,0.4,0.4,1500
108.815867392227,0.19033813928977966,1.040221318542507,100.0,38,0.4,0.4,0.4,100
291.5021283448374,0.2834777874944306,1.1588760787263093,298.0,38,0.4,0.4,0.4,300
506.32120461718625,0.5423889196596527,2.2638209060896224,495.0,38,0.4,0.4,0.4,500
684.8996749544858,0.7090759309616852,4.158680267111957,661.0,38,0.4,0.4,0.4,700
883.1492045234903,0.8865661648929597,8.438261049941351,785.0,38,0.4,0.4,0.4,900
1015.5633969772022,1.001861574760971,13.490984695573774,851.0,38,0.4,0.4,0.4,1100
1261.6771800385886,1.2701721209651946,39.78693377617046,905.0,38,0.4,0.4,0.4,1300
1688.544216681074,1.7307434088762665,236.24658512672008,941.0,38,0.4,0.4,0.4,1500
91.04721931268695,0.000518803826828003,1.0000000000000187,100.0,39,0.4,0.4,0.4,100
294.19197202267554,0.2524108930408478,1.1079063583881452,300.0,39,0.4,0.4,0.4,300
500.8488786653168,0.513702396293869,2.059190301721625,495.0,39,0.4,0.4,0.4,500
681.4222632557198,0.6936950716251373,3.9203094653710284,666.0,39,0.4,0.4,0.4,700
859.9542153816585,0.8665466336930086,7.780579414921619,776.0,39,0.4,0.4,0.4,900
1076.5626997805261,1.0917663596924592,19.44593080997934,854.0,39,0.4,0.4,0.4,1100
1213.1349355539944,1.1901550313214875,28.90642129246594,909.0,39,0.4,0.4,0.4,1300
1419.3437291519588,1.4220886244916533,72.31317595454662,929.0,39,0.4,0.4,0.4,1500
88.54592207882192,0.000518803826828003,1.0000000000000187,100.0,40,0.4,0.4,0.4,100
296.9484803955502,0.3039855999431611,1.1994022225121819,299.0,40,0.4,0.4,0.4,300
485.2030355023873,0.5066833533426667,2.0131214389290153,495.0,40,0.4,0.4,0.4,500
699.5190044274877,0.7492370636737824,4.865936435122654,660.0,40,0.4,0.4,0.4,700
855.1120790592305,0.853729250912552,7.386723657210696,773.0,40,0.4,0.4,0.4,900
1009.1931327918857,0.9910583521317292,12.910732460543516,849.0,40,0.4,0.4,0.4,1100
1148.4464010129896,1.1054992698143769,20.556790782778737,903.0,40,0.4,0.4,0.4,1300
1369.7423458153025,1.3419494645357515,52.83892856269816,940.0,40,0.4,0.4,0.4,1500
94.04877599332498,0.000518803826828003,1.0000000000000187,100.0,41,0.4,0.4,0.4,100
294.64894505632867,0.28054810000175484,1.1534118366734845,300.0,41,0.4,0.4,0.4,300
498.7698872658373,0.49917602914268494,1.965659922490064,498.0,41,0.4,0.4,0.4,500
675.7972718380843,0.6709289584008027,3.594263407827258,659.0,41,0.4,0.4,0.4,700
819.1764361365571,0.8020324736980439,5.999448318128829,762.0,41,0.4,0.4,0.4,900
1004.9665941464474,0.993255617751236,13.030817844463542,841.0,41,0.4,0.4,0.4,1100
1196.4280633165017,1.1871643086727142,28.56350637892468,897.0,41,0.4,0.4,0.4,1300
1339.755422940022,1.3139343278870392,47.29562160533953,935.0,41,0.4,0.4,0.4,1500
85.54436539818388,0.000518803826828003,1.0000000000000187,100.0,42,0.4,0.4,0.4,100
299.8511028635336,0.2732849164261628,1.1407295828165906,300.0,42,0.4,0.4,0.4,300
493.68218079418307,0.4738464393622589,1.8176391425019256,497.0,42,0.4,0.4,0.4,500
677.5054397864608,0.6571350131227874,3.4115538560438465,659.0,42,0.4,0.4,0.4,700
868.1656442501276,0.8512878446686556,7.316072631659313,786.0,42,0.4,0.4,0.4,900
1061.0121824001942,1.0462341332437897,16.163930523947762,861.0,42,0.4,0.4,0.4,1100
1217.9371736710232,1.204925539097061,30.665368644411153,904.0,42,0.4,0.4,0.4,1300
1286.4634212854544,1.2477722186774445,36.380484245008724,933.0,42,0.4,0.4,0.4,1500
101.39349736010584,0.19448852990440366,1.0434559241694377,98.0,43,0.4,0.4,0.4,100
307.0033017551596,0.35403442794303897,1.3253474386429358,298.0,43,0.4,0.4,0.4,300
482.7758207595566,0.4717712440549469,1.806375380837665,493.0,43,0.4,0.4,0.4,500
675.7852909720998,0.6795349154105378,3.7135906741060976,658.0,43,0.4,0.4,0.4,700
857.0277703121398,0.8618469266735078,7.6363584390964245,772.0,43,0.4,0.4,0.4,900
1120.5195820781153,1.160064699365463,25.61957023310526,854.0,43,0.4,0.4,0.4,1100
1258.4933651186045,1.269622804560318,39.69968690522186,898.0,43,0.4,0.4,0.4,1300
1501.7175378531836,1.517547608628006,104.65637790126631,935.0,43,0.4,0.4,0.4,1500
90.04670041914093,0.000518803826828003,1.0000000000000187,100.0,44,0.4,0.4,0.4,100
290.07488965595604,0.2536926313188935,1.1097324739448322,300.0,44,0.4,0.4,0.4,300
491.29466458042646,0.48684692761100773,1.8916879673379619,496.0,44,0.4,0.4,0.4,500
667.7778065072209,0.633819583493576,3.1278818184959407,665.0,44,0.4,0.4,0.4,700
891.7807199398768,0.9018249539173127,8.97762581001396,789.0,44,0.4,0.4,0.4,900
1139.1300302262603,1.157379152497177,25.34528274988973,868.0,44,0.4,0.4,0.4,1100
1379.7423656994931,1.399261476111221,66.14573462228894,917.0,44,0.4,0.4,0.4,1300
1538.5266225685325,1.5497741710474395,118.4960309099915,941.0,44,0.4,0.4,0.4,1500
94.04877599332498,0.000518803826828003,1.0000000000000187,100.0,45,0.4,0.4,0.4,100
287.2228788977829,0.22402954545555112,1.0717742548075588,300.0,45,0.4,0.4,0.4,300
499.6735117668835,0.4919128455670929,1.921434516654447,496.0,45,0.4,0.4,0.4,500
698.5765625302115,0.6878356966397857,3.833588543823659,678.0,45,0.4,0.4,0.4,700
861.2845625005901,0.8371276884540558,6.909078428847906,788.0,45,0.4,0.4,0.4,900
1095.207557764074,1.0954284690583038,19.733229202039993,869.0,45,0.4,0.4,0.4,1100
1302.2587941255429,1.307708741965103,46.14479779137616,912.0,45,0.4,0.4,0.4,1300
1680.4493952918308,1.7296447760665132,235.2269901092216,937.0,45,0.4,0.4,0.4,1500
104.81697122966756,0.19247436975318905,1.0419355256123606,100.0,46,0.4,0.4,0.4,100
300.05964881518895,0.35153198654304507,1.3180780064630357,298.0,46,0.4,0.4,0.4,300
492.3228187404398,0.5143737830109406,2.0638101961691113,494.0,46,0.4,0.4,0.4,500
685.3168461001003,0.7116394075177764,4.201312995614727,657.0,46,0.4,0.4,0.4,700
855.7803603642242,0.84646606733696,7.1734307123195,775.0,46,0.4,0.4,0.4,900
1040.9297351487899,1.0346984887413786,15.419238716754958,853.0,46,0.4,0.4,0.4,1100
1208.7330566166215,1.203277589882431,30.466993231219224,895.0,46,0.4,0.4,0.4,1300
1431.5324066271908,1.4240417494867705,72.83772021624881,935.0,46,0.4,0.4,0.4,1500
90.54695986591395,0.000518803826828003,1.0000000000000187,100.0,47,0.4,0.4,0.4,100
306.2561979554236,0.29183960387977603,1.1746544194597066,299.0,47,0.4,0.4,0.4,300
499.83691507496985,0.5036315955377961,1.9935654374241012,499.0,47,0.4,0.4,0.4,500
668.568426542524,0.6453552279959869,3.265450554783137,661.0,47,0.4,0.4,0.4,700
846.9946204193985,0.8406677275077057,7.0086468172046645,772.0,47,0.4,0.4,0.4,900
1046.751575979862,1.0395813012291715,15.732163596867332,857.0,47,0.4,0.4,0.4,1100
1249.210954725327,1.2331848163701629,34.332954977242146,912.0,47,0.4,0.4,0.4,1300
1404.6320563836057,1.3879089370771027,63.265259125457085,940.0,47,0.4,0.4,0.4,1500
92.54799765300595,0.000518803826828003,1.0000000000000187,100.0,48,0.4,0.4,0.4,100
303.62228609228345,0.28945923279197694,1.170007434873785,299.0,48,0.4,0.4,0.4,300
501.28119974658534,0.5147399939475251,2.065859255742128,497.0,48,0.4,0.4,0.4,500
705.3445794671386,0.7105407747080231,4.183516587353834,674.0,48,0.4,0.4,0.4,700
894.1027062050972,0.8869934109856414,8.455152527897818,793.0,48,0.4,0.4,0.4,900
1033.193030913383,1.0022277856975554,13.51653475265073,865.0,48,0.4,0.4,0.4,1100
1339.9762524490889,1.3497619645162202,54.46495529512534,914.0,48,0.4,0.4,0.4,1300
1604.4625899752878,1.6251525888277436,158.16913568018285,943.0,48,0.4,0.4,0.4,1500
91.04721931268695,0.000518803826828003,1.0000000000000187,100.0,49,0.4,0.4,0.4,100
303.9577894951047,0.33511352955284124,1.272922888615135,300.0,49,0.4,0.4,0.4,300
499.6796623672032,0.5147399939475251,2.066296385547824,497.0,49,0.4,0.4,0.4,500
681.2818975125401,0.6726989779276276,3.618383198123392,665.0,49,0.4,0.4,0.4,700
863.1190616907533,0.8482360868637849,7.226309851707307,783.0,49,0.4,0.4,0.4,900
1012.7602811997127,1.0078430200585173,13.824488570865645,843.0,49,0.4,0.4,0.4,1100
1194.9331796590595,1.1869201680483246,28.52895899074086,897.0,49,0.4,0.4,0.4,1300
1281.702532955736,1.2469177264920805,36.27331144682319,932.0,49,0.4,0.4,0.4,1500
93.54851654655197,0.000518803826828003,1.0000000000000187,100.0,50,0.4,0.4,0.4,100
302.2459932361931,0.2916564984114838,1.1743633455392406,300.0,50,0.4,0.4,0.4,300
500.4941928702861,0.5071105994353485,2.016016717020292,499.0,50,0.4,0.4,0.4,500
692.5752108758105,0.7007141145763397,4.0266892392347975,669.0,50,0.4,0.4,0.4,700
871.9100987507816,0.875518801639328,8.067827944219731,784.0,50,0.4,0.4,0.4,900
1097.424315782581,1.1105041526143646,20.977783102476266,860.0,50,0.4,0.4,0.4,1100
1240.6975400415274,1.2483825702384186,36.48272050598851,899.0,50,0.4,0.4,0.4,1300
1297.7929461463598,1.2670593280042266,39.29374553951578,931.0,50,0.4,0.4,0.4,1500
89.04618152559492,0.000518803826828003,1.0000000000000187,100.0,51,0.4,0.4,0.4,100
298.95728424758494,0.3114929241431427,1.2157789645098955,300.0,51,0.4,0.4,0.4,300
497.6715786685024,0.5313415564060212,2.181331671601198,496.0,51,0.4,0.4,0.4,500
661.3441488188437,0.6640930209178925,3.5023086221200006,646.0,51,0.4,0.4,0.4,700
844.9723795248424,0.8474426298345186,7.204335072541145,767.0,51,0.4,0.4,0.4,900
1010.0124737740837,1.0072326684975434,13.795312249504349,841.0,51,0.4,0.4,0.4,1100
1237.554055316845,1.2478332538335417,36.402409557050156,889.0,51,0.4,0.4,0.4,1300
1400.3178042882528,1.4025573745404816,67.00283674338647,928.0,51,0.4,0.4,0.4,1500
88.54592207882192,0.000518803826828003,1.0000000000000187,100.0,52,0.4,0.4,0.4,100
297.3180485426594,0.3003845257334138,1.1920541129296325,300.0,52,0.4,0.4,0.4,300
493.5165490681534,0.4903259315085602,1.9117256163816212,498.0,52,0.4,0.4,0.4,500
686.427813804158,0.6840515169617462,3.777511585032133,670.0,52,0.4,0.4,0.4,700
863.1190616907533,0.8482360868637849,7.226309851707307,788.0,52,0.4,0.4,0.4,900
1071.7441678210903,1.0561828636876676,16.830380268583863,867.0,52,0.4,0.4,0.4,1100
1146.882555988608,1.1100158713655852,20.930408020391358,904.0,52,0.4,0.4,0.4,1300
1261.5018857103846,1.2198181171848297,32.55370670445024,931.0,52,0.4,0.4,0.4,1500
90.04670041914093,0.000518803826828003,1.0000000000000187,100.0,53,0.4,0.4,0.4,100
284.01503365691786,0.24514770946525571,1.0978346030467432,299.0,53,0.4,0.4,0.4,300
499.3345190186901,0.5081481970890045,2.0224166493794016,499.0,53,0.4,0.4,0.4,500
702.5654719239058,0.6968688997422028,3.9689695262716773,676.0,53,0.4,0.4,0.4,700
902.0872583517629,0.9111633328002168,9.32532235583818,792.0,53,0.4,0.4,0.4,900
1114.255588083896,1.140777590038681,23.70395619134555,858.0,53,0.4,0.4,0.4,1100
1267.2136254037569,1.2808532732822417,41.499649492513164,903.0,53,0.4,0.4,0.4,1300
1392.7212756736667,1.3860168472380827,62.798673247730214,934.0,53,0.4,0.4,0.4,1500
90.54695986591395,0.000518803826828003,1.0000000000000187,100.0,54,0.4,0.4,0.4,100
305.1535288404123,0.34719849046012885,1.3055676293809786,300.0,54,0.4,0.4,0.4,300
504.7196638750052,0.5287780798499297,2.163159941756159,498.0,54,0.4,0.4,0.4,500
676.4167095111138,0.6669616732544709,3.5399623461106717,661.0,54,0.4,0.4,0.4,700
853.7721172421336,0.8284606962882233,6.671954447950782,781.0,54,0.4,0.4,0.4,900
1007.8467328755005,0.9646911646976472,11.597191857737457,860.0,54,0.4,0.4,0.4,1100
1208.5085788750475,1.164031984511795,26.027819553413643,918.0,54,0.4,0.4,0.4,1300
1373.3701085463904,1.33065796065773,50.522368818944884,951.0,54,0.4,0.4,0.4,1500
105.96120571032516,0.19186401819221494,1.0414217021422392,100.0,55,0.4,0.4,0.4,100
294.24343720583784,0.32687378347969054,1.2522076717571846,298.0,55,0.4,0.4,0.4,300
486.1963664707908,0.507171634591446,2.016574940671504,492.0,55,0.4,0.4,0.4,500
699.0445040220504,0.751983645698166,4.918206659831832,660.0,55,0.4,0.4,0.4,700
849.5826977625981,0.8805847195954133,8.237304606447093,754.0,55,0.4,0.4,0.4,900
973.6047307826587,0.9657897975074005,11.647655434336619,829.0,55,0.4,0.4,0.4,1100
1098.8387015599321,1.086883547204666,19.065504622436094,874.0,55,0.4,0.4,0.4,1300
1202.5052515329903,1.1882629414824675,28.687390184759945,901.0,55,0.4,0.4,0.4,1500
93.54851654655197,0.000518803826828003,1.0000000000000187,100.0,56,0.4,0.4,0.4,100
302.4218319091298,0.28988647888465885,1.17091944717294,300.0,56,0.4,0.4,0.4,300
492.2989319279986,0.472381595615921,1.8096513605946163,499.0,56,0.4,0.4,0.4,500
680.3303524605709,0.7039489778495025,4.078512680335093,658.0,56,0.4,0.4,0.4,700
877.5279726454232,0.9101257351465608,9.287622987846454,772.0,56,0.4,0.4,0.4,900
1070.9286140343972,1.0769958519168854,18.311728914398696,857.0,56,0.4,0.4,0.4,1100
1271.24012644066,1.2718200701798248,40.0475731868202,908.0,56,0.4,0.4,0.4,1300
1323.2610124541566,1.3005065935456084,44.85480872224785,930.0,56,0.4,0.4,0.4,1500
89.54644097236792,0.000518803826828003,1.0000000000000187,100.0,57,0.4,0.4,0.4,100
296.3430764861105,0.31430054132362373,1.2221840774553652,300.0,57,0.4,0.4,0.4,300
512.9137224231017,0.5386047399816133,2.23466261666211,499.0,57,0.4,0.4,0.4,500
682.8038430439474,0.6806945833763886,3.730016503290513,667.0,57,0.4,0.4,0.4,700
915.6369498116956,0.9529113795708466,11.053938398976683,781.0,57,0.4,0.4,0.4,900
1015.620154509056,0.9986267114878083,13.319325948433056,848.0,57,0.4,0.4,0.4,1100
1227.3874340810391,1.2293396015360258,33.818603811708165,900.0,57,0.4,0.4,0.4,1300
1315.161765430939,1.2991638201114653,44.6162665369136,926.0,57,0.4,0.4,0.4,1500
92.04773820623295,0.000518803826828003,1.0000000000000187,100.0,58,0.4,0.4,0.4,100
310.3386615343008,0.3161926311626435,1.226730248224613,300.0,58,0.4,0.4,0.4,300
497.6344501758148,0.48330688855735776,1.8710379646058721,498.0,58,0.4,0.4,0.4,500
683.0711920366779,0.6743469271422577,3.6405300921496044,666.0,58,0.4,0.4,0.4,700
848.9536562929617,0.8522033720101166,7.342061081571943,769.0,58,0.4,0.4,0.4,900
1047.6259269796637,1.059478762116928,17.060886231585418,842.0,58,0.4,0.4,0.4,1100
1329.9571437438929,1.3757629410137173,60.337339114836126,895.0,58,0.4,0.4,0.4,1300
1386.5930025726027,1.4003601089209745,66.4326235520195,924.0,58,0.4,0.4,0.4,1500
90.54695986591395,0.000518803826828003,1.0000000000000187,100.0,59,0.4,0.4,0.4,100
297.3180485426594,0.3003845257334138,1.1920541129296325,300.0,59,0.4,0.4,0.4,300
490.1764391899605,0.49557495493293763,1.9438717791538083,497.0,59,0.4,0.4,0.4,500
698.5108760982703,0.7170105012543487,4.288612222182067,669.0,59,0.4,0.4,0.4,700
860.9554995403959,0.8514099149808504,7.318052202152276,777.0,59,0.4,0.4,0.4,900
1064.7320212981638,1.0547790550974272,16.737382935517793,864.0,59,0.4,0.4,0.4,1100
1183.2463948057225,1.1479187033020783,24.39607675340715,908.0,59,0.4,0.4,0.4,1300
1336.4784104351259,1.3133850114821624,47.19812387372917,933.0,59,0.4,0.4,0.4,1500
92.04773820623295,0.000518803826828003,1.0000000000000187,100.0,60,0.4,0.4,0.4,100
291.0413089294529,0.26699829534812936,1.1303700121784228,300.0,60,0.4,0.4,0.4,300
507.4741947057534,0.5491027868303681,2.3159971976325,498.0,60,0.4,0.4,0.4,500
697.3880079081298,0.7010192903568268,4.032413194428194,670.0,60,0.4,0.4,0.4,700
878.8341577718862,0.8730773953954316,7.990808594288529,787.0,60,0.4,0.4,0.4,900
1029.2261550093451,0.9982605005512238,13.299823703880039,862.0,60,0.4,0.4,0.4,1100
1200.425920427444,1.1686096212191008,26.517426112248444,913.0,60,0.4,0.4,0.4,1300
1498.7018712125937,1.4932556165012358,95.29482072072386,944.0,60,0.4,0.4,0.4,1500
89.04618152559492,0.000518803826828003,1.0000000000000187,100.0,61,0.4,0.4,0.4,100
303.0262879430671,0.3291320842552949,1.257815309649802,300.0,61,0.4,0.4,0.4,300
499.1067541971988,0.5152893103524018,2.069701934255692,494.0,61,0.4,0.4,0.4,500
681.1214659558024,0.6878967317958831,3.8344204966664277,657.0,61,0.4,0.4,0.4,700
885.6734732197194,0.8871765164539337,8.458143106692809,790.0,61,0.4,0.4,0.4,900
1046.751575979862,1.0395813012291715,15.732163596867332,855.0,61,0.4,0.4,0.4,1100
1308.3256597267164,1.3444519059357452,53.35544603604616,895.0,61,0.4,0.4,0.4,1300
1381.4789484990838,1.3995666518917083,66.20967172662414,916.0,61,0.4,0.4,0.4,1500
90.04670041914093,0.000518803826828003,1.0000000000000187,100.0,62,0.4,0.4,0.4,100
293.9147323775673,0.2753601117334748,1.1442864251696399,300.0,62,0.4,0.4,0.4,300
503.8310831201832,0.5055847205329133,2.0064314556704113,500.0,62,0.4,0.4,0.4,500
696.5878380395264,0.7151794465714263,4.2582004245905445,666.0,62,0.4,0.4,0.4,700
872.367416004715,0.8695373563417816,7.876218178531866,782.0,62,0.4,0.4,0.4,900
1095.948859761629,1.1153869651021577,21.38777836974866,857.0,62,0.4,0.4,0.4,1100
1236.2556466976819,1.2391052265116118,35.15386376927518,902.0,62,0.4,0.4,0.4,1300
1401.2193883758116,1.3873596206722258,63.1344450315648,939.0,62,0.4,0.4,0.4,1500
93.54851654655197,0.000518803826828003,1.0000000000000187,100.0,63,0.4,0.4,0.4,100
302.0214770816009,0.35366821700645446,1.3241303379907672,300.0,63,0.4,0.4,0.4,300
499.1109721030649,0.548797611049881,2.3127681702878977,495.0,63,0.4,0.4,0.4,500
676.9652088224343,0.6993103059860992,4.005338291120317,655.0,63,0.4,0.4,0.4,700
836.9965912012763,0.8311462431565095,6.743027293917541,769.0,63,0.4,0.4,0.4,900
1014.1929031340637,1.0015563989804839,13.476974031729243,843.0,63,0.4,0.4,0.4,1100
1251.7384950484916,1.2503356952335356,36.75801017121745,904.0,63,0.4,0.4,0.4,1300
1336.4784104351259,1.3133850114821624,47.19812387372917,932.0,63,0.4,0.4,0.4,1500
90.54695986591395,0.000518803826828003,1.0000000000000187,100.0,64,0.4,0.4,0.4,100
294.3175852018366,0.28421020936759955,1.16022839236296,300.0,64,0.4,0.4,0.4,300
505.5318350962797,0.500213626796341,1.9721792262827251,500.0,64,0.4,0.4,0.4,500
695.8371185988543,0.679412845098343,3.712570732711419,672.0,64,0.4,0.4,0.4,700
839.2374177237539,0.8149719267906953,6.321286432725225,770.0,64,0.4,0.4,0.4,900
1007.6924435250253,0.9938659693122102,13.05808923478633,840.0,64,0.4,0.4,0.4,1100
1138.177225391079,1.1083679221509553,20.796715179452768,893.0,64,0.4,0.4,0.4,1300
1359.0190110537262,1.3662414566625214,58.131495066876994,922.0,64,0.4,0.4,0.4,1500
88.54592207882192,0.000518803826828003,1.0000000000000187,100.0,65,0.4,0.4,0.4,100
306.3318873099204,0.38302612708930966,1.4171494917659864,299.0,65,0.4,0.4,0.4,300
497.50448532337157,0.5152893103524018,2.0701670505347614,499.0,65,0.4,0.4,0.4,500
713.6675933127754,0.7450866730591583,4.787375776686831,675.0,65,0.4,0.4,0.4,700
905.1371270026626,0.9142150906050873,9.443510182147397,795.0,65,0.4,0.4,0.4,900
1081.7080822544685,1.102447512009506,20.30254657031529,851.0,65,0.4,0.4,0.4,1100
1224.2773985130043,1.2287902851311492,33.74449246336195,897.0,65,0.4,0.4,0.4,1300
1304.1505449252631,1.2871398943602752,42.54347437919263,923.0,65,0.4,0.4,0.4,1500
92.04773820623295,0.000518803826828003,1.0000000000000187,100.0,66,0.4,0.4,0.4,100
303.57854117160014,0.33370972096260076,1.2692671421697241,300.0,66,0.4,0.4,0.4,300
487.77653764218184,0.49356079478172304,1.9315377032114411,498.0,66,0.4,0.4,0.4,500
689.707792485861,0.7093200715860748,4.164251126691704,667.0,66,0.4,0.4,0.4,700
891.2266189247775,0.9232482937075043,9.793972610971107,774.0,66,0.4,0.4,0.4,900
1128.881841783266,1.1680603048142242,26.456412413976274,859.0,66,0.4,0.4,0.4,1100
1228.9666531463836,1.2296447773165131,33.851478292230134,902.0,66,0.4,0.4,0.4,1300
1374.206720567901,1.368743898062515,58.683171203847444,928.0,66,0.4,0.4,0.4,1500
94.54903544009798,0.000518803826828003,1.0000000000000187,100.0,67,0.4,0.4,0.4,100
292.1562677841514,0.24484253368476866,1.0974228116726745,300.0,67,0.4,0.4,0.4,300
501.0545190485109,0.4895935096353913,1.9072952585722458,500.0,67,0.4,0.4,0.4,500
682.3869272654002,0.6730651888642121,3.6230167112457963,665.0,67,0.4,0.4,0.4,700
860.8079027989941,0.8495178251418305,7.262941783016229,781.0,67,0.4,0.4,0.4,900
1014.2944978122275,0.9983825708634186,13.30225716248082,850.0,67,0.4,0.4,0.4,1100
1258.4933651186045,1.269622804560318,39.69968690522186,898.0,67,0.4,0.4,0.4,1300
1356.4834074397206,1.3398132340723419,52.39231811408427,932.0,67,0.4,0.4,0.4,1500
89.04618152559492,0.000518803826828003,1.0000000000000187,100.0,68,0.4,0.4,0.4,100
300.1174739260102,0.28384399843101504,1.1594796010372492,298.0,68,0.4,0.4,0.4,300
503.17403834338813,0.5348205603035737,2.2072613820297433,497.0,68,0.4,0.4,0.4,500
666.5733664620651,0.6637268099813081,3.4976175799655196,658.0,68,0.4,0.4,0.4,700
896.9378593864595,0.9322814968099213,10.161673028609668,777.0,68,0.4,0.4,0.4,900
1037.696299849165,1.0267639184487152,14.931332496024563,853.0,68,0.4,0.4,0.4,1100
1208.5899871088548,1.189361574292221,28.81073326740676,907.0,68,0.4,0.4,0.4,1300
1315.4253692879417,1.289031984199295,42.85971831905092,933.0,68,0.4,0.4,0.4,1500
105.38925783401598,0.19216919397270202,1.041676108407017,100.0,69,0.4,0.4,0.4,100
299.8635806213584,0.3403625529772187,1.2870209721258248,300.0,69,0.4,0.4,0.4,300
501.676856792572,0.5061340369377899,2.009358904230004,500.0,69,0.4,0.4,0.4,500
695.1505329062393,0.6968688997422028,3.9683046879105044,675.0,69,0.4,0.4,0.4,700
854.0728496566858,0.8371276884540558,6.907563277332754,784.0,69,0.4,0.4,0.4,900
1025.2013011727659,0.9974670435219574,13.253171399505986,858.0,69,0.4,0.4,0.4,1100
1149.7301125778877,1.1154480002582552,21.392710682964907,900.0,69,0.4,0.4,0.4,1300
1342.0902042610646,1.325592042701645,49.521398357352645,930.0,69,0.4,0.4,0.4,1500
91.04721931268695,0.000518803826828003,1.0000000000000187,100.0,70,0.4,0.4,0.4,100
304.11071152439683,0.32058716240165713,1.2369310853360296,300.0,70,0.4,0.4,0.4,300
502.85721960804307,0.5146789587914277,2.065833190197464,498.0,70,0.4,0.4,0.4,500
691.4812501325865,0.703887942693405,4.0768946000756765,665.0,70,0.4,0.4,0.4,700
855.623158041522,0.8595886258979035,7.564411997053494,772.0,70,0.4,0.4,0.4,900
1075.1585350127234,1.0915222190680696,19.42070215949048,851.0,70,0.4,0.4,0.4,1100
1188.8653142162204,1.185821535238571,28.404417300649964,890.0,70,0.4,0.4,0.4,1300
1340.41745594888,1.325286866921158,49.47570287436526,928.0,70,0.4,0.4,0.4,1500
91.54747875945995,0.000518803826828003,1.0000000000000187,100.0,71,0.4,0.4,0.4,100
302.35568195991976,0.3342590373674775,1.27095161485535,300.0,71,0.4,0.4,0.4,300
495.55419825359286,0.5086364783377838,2.0262034709800845,497.0,71,0.4,0.4,0.4,500
684.4478696907582,0.7064514192494964,4.1184477182757115,665.0,71,0.4,0.4,0.4,700
870.2829208960868,0.8813781766246797,8.26177451595963,777.0,71,0.4,0.4,0.4,900
1061.939153197394,1.0542297386925505,16.699206166369663,859.0,71,0.4,0.4,0.4,1100
1236.2556466976819,1.2391052265116118,35.15386376927518,899.0,71,0.4,0.4,0.4,1300
1445.9831173739606,1.4637146009500883,84.9966620613869,928.0,71,0.4,0.4,0.4,1500
90.54695986591395,0.000518803826828003,1.0000000000000187,100.0,72,0.4,0.4,0.4,100
301.82539491392805,0.329742435816269,1.259219000076995,300.0,72,0.4,0.4,0.4,300
504.83759462307665,0.5213317908060455,2.111283899127315,498.0,72,0.4,0.4,0.4,500
690.1314517698295,0.6672058138788606,3.5444982098083133,670.0,72,0.4,0.4,0.4,700
856.5577569050055,0.8394470243857576,6.975556444464339,782.0,72,0.4,0.4,0.4,900
1080.0472483948959,1.0744323753607943,18.12102560331632,866.0,72,0.4,0.4,0.4,1100
1172.8736298327785,1.1460266134630583,24.212884484127127,903.0,72,0.4,0.4,0.4,1300
1454.8285541428218,1.4650573743842317,85.46191786852579,932.0,72,0.4,0.4,0.4,1500
93.04825709977897,0.000518803826828003,1.0000000000000187,100.0,73,0.4,0.4,0.4,100
304.62570184676184,0.3426818889089203,1.293286602712676,300.0,73,0.4,0.4,0.4,300
497.65955673129025,0.5041198767865753,1.9967524839909532,499.0,73,0.4,0.4,0.4,500
683.2718080035227,0.6989440950495148,3.999991934159941,666.0,73,0.4,0.4,0.4,700
892.8844737518235,0.9137878445124056,9.424118430879917,783.0,73,0.4,0.4,0.4,900
1054.0671428770029,1.056671144936447,16.867365522247518,853.0,73,0.4,0.4,0.4,1100
1148.8580780505945,1.1360778830191802,23.25628383106886,891.0,73,0.4,0.4,0.4,1300
1249.1315590562037,1.2176818867214203,32.278631468029985,920.0,73,0.4,0.4,0.4,1500
86.5448842917299,0.000518803826828003,1.0000000000000187,100.0,74,0.4,0.4,0.4,100
298.79657581927415,0.3441467326552582,1.2973589209904506,300.0,74,0.4,0.4,0.4,300
493.64541492427406,0.5117492712987518,2.04642445831925,497.0,74,0.4,0.4,0.4,500
695.1594062496529,0.6934509310007477,3.9168886642547043,673.0,74,0.4,0.4,0.4,700
892.6149174331005,0.8997497586100006,8.902963725174411,782.0,74,0.4,0.4,0.4,900
1018.2028999526024,1.0056457544390105,13.703086822261277,847.0,74,0.4,0.4,0.4,1100
1201.0085892329796,1.1880188008580779,28.652962656919634,901.0,74,0.4,0.4,0.4,1300
1379.2449566985124,1.3695373550917815,58.87524415273071,932.0,74,0.4,0.4,0.4,1500
88.54592207882192,0.000518803826828003,1.0000000000000187,100.0,75,0.4,0.4,0.4,100
302.7333265118423,0.33566284595771795,1.2746461413161694,300.0,75,0.4,0.4,0.4,300
499.7704580138481,0.538421634513321,2.2334343799461442,494.0,75,0.4,0.4,0.4,500
680.2991749070106,0.6777038607276153,3.688477921926647,662.0,75,0.4,0.4,0.4,700
877.5575348550624,0.8895568875417328,8.540956135351937,775.0,75,0.4,0.4,0.4,900
1015.4709249456473,1.0117492700487518,14.04883535032762,844.0,75,0.4,0.4,0.4,1100
1136.641809472053,1.118011476814346,21.61729941531063,892.0,75,0.4,0.4,0.4,1300
1325.048591696394,1.3114929216431426,46.84954350223208,926.0,75,0.4,0.4,0.4,1500
91.04721931268695,0.000518803826828003,1.0000000000000187,100.0,76,0.4,0.4,0.4,100
303.3014649961949,0.3226013225528717,1.2416182420524682,299.0,76,0.4,0.4,0.4,300
500.75950555267457,0.5001525916402435,1.9720409602587692,496.0,76,0.4,0.4,0.4,500
706.7378984318136,0.7182922395323944,4.309855638775719,675.0,76,0.4,0.4,0.4,700
907.2862731844497,0.9346618678977204,10.262689145259639,786.0,76,0.4,0.4,0.4,900
1055.2868826187864,1.0652160667900847,17.4613176810855,851.0,76,0.4,0.4,0.4,1100
1234.3255022771912,1.222686769521408,32.932281214282085,907.0,76,0.4,0.4,0.4,1300
1379.2449566985124,1.3695373550917815,58.87524415273071,932.0,76,0.4,0.4,0.4,1500
94.04877599332498,0.000518803826828003,1.0000000000000187,100.0,77,0.4,0.4,0.4,100
305.4743789326657,0.2937927288748932,1.1785817424576643,300.0,77,0.4,0.4,0.4,300
508.0325336241012,0.5212707556499481,2.1102185528779294,496.0,77,0.4,0.4,0.4,500
687.3844859048025,0.6910095247568513,3.8804707076992315,667.0,77,0.4,0.4,0.4,700
896.188818045504,0.9121398952977754,9.363792388180624,784.0,77,0.4,0.4,0.4,900
1067.011663005998,1.085235597990036,18.934275290160596,846.0,77,0.4,0.4,0.4,1100
1168.2078992938782,1.1567688009362027,25.277287867379943,892.0,77,0.4,0.4,0.4,1300
1283.5197413655214,1.2646789569164276,38.91352493287932,920.0,77,0.4,0.4,0.4,1500
92.04773820623295,0.000518803826828003,1.0000000000000187,100.0,78,0.4,0.4,0.4,100
293.28704204133356,0.2681579633139802,1.1321645574239156,299.0,78,0.4,0.4,0.4,300
483.7931034553257,0.4685974159378815,1.7891391081308765,495.0,78,0.4,0.4,0.4,500
681.2049652210943,0.6674499545032502,3.5471947043388865,665.0,78,0.4,0.4,0.4,700
858.4912531405613,0.8507995634198763,7.3006836183434,781.0,78,0.4,0.4,0.4,900
1075.1952786530594,1.0778503441022493,18.3731657139745,859.0,78,0.4,0.4,0.4,1100
1286.0157333866512,1.294219972467575,43.76649546499162,908.0,78,0.4,0.4,0.4,1300
1381.7196212338788,1.3565368668430329,55.9363389030978,939.0,78,0.4,0.4,0.4,1500
88.54592207882192,0.000518803826828003,1.0000000000000187,100.0,79,0.4,0.4,0.4,100
303.4650304200263,0.3257141155138398,1.2493169565817535,300.0,79,0.4,0.4,0.4,300
496.45666513074707,0.484222415898819,1.8760346749727412,498.0,79,0.4,0.4,0.4,500
676.6174740557109,0.6588439974935151,3.4336338057843503,664.0,79,0.4,0.4,0.4,700
827.9070108877897,0.7966613799614717,5.871633794863177,772.0,79,0.4,0.4,0.4,900
1035.9350869081418,1.0159606958194731,14.289813290246085,858.0,79,0.4,0.4,0.4,1100
1220.4032134246506,1.2202453632775114,32.60893903992738,896.0,79,0.4,0.4,0.4,1300
1428.054640663959,1.4234924330818937,72.68579685766925,935.0,79,0.4,0.4,0.4,1500
91.04721931268695,0.000518803826828003,1.0000000000000187,100.0,80,0.4,0.4,0.4,100
299.938619231373,0.33547974048942575,1.2740962496531725,300.0,80,0.4,0.4,0.4,300
501.3351020377485,0.5091247595865631,2.028974211134154,496.0,80,0.4,0.4,0.4,500
685.3146342358355,0.6836853060251618,3.7726880687098214,659.0,80,0.4,0.4,0.4,700
828.8391279387647,0.8014221221370698,5.985099070618511,772.0,80,0.4,0.4,0.4,900
1064.5118927450435,1.0628967308583832,17.293140158554507,860.0,80,0.4,0.4,0.4,1100
1278.4597187113739,1.2828063982773588,41.8134071335606,907.0,80,0.4,0.4,0.4,1300
1635.8246951796184,1.6716613777739715,188.78020633178267,939.0,80,0.4,0.4,0.4,1500
91.04721931268695,0.000518803826828003,1.0000000000000187,98.0,81,0.4,0.4,0.4,100
291.9498857711958,0.307830814777298,1.2076983876254106,297.0,81,0.4,0.4,0.4,300
497.9185989527517,0.5221252478353119,2.116453189635338,497.0,81,0.4,0.4,0.4,500
680.2972027517569,0.7003479036397552,4.022268633658126,661.0,81,0.4,0.4,0.4,700
913.3088092831312,0.9440612819367219,10.661915800549131,784.0,81,0.4,0.4,0.4,900
1096.0028140280547,1.1102600119899748,20.95085878144384,858.0,81,0.4,0.4,0.4,1100
1266.4803011533047,1.2710266131505583,39.91262485159265,906.0,81,0.4,0.4,0.4,1300
1486.1079636521692,1.4913635266622163,94.58951216804415,937.0,81,0.4,0.4,0.4,1500
88.54592207882192,0.000518803826828003,1.0000000000000187,100.0,82,0.4,0.4,0.4,100
304.3695279110006,0.37301636148933415,1.3839518948216845,299.0,82,0.4,0.4,0.4,300
495.04044791309957,0.5249328650157928,2.1357790229758717,497.0,82,0.4,0.4,0.4,500
683.4142235899293,0.7098083528348541,4.171550210129141,658.0,82,0.4,0.4,0.4,700
880.3721184071288,0.8991394070490265,8.879437409132095,775.0,82,0.4,0.4,0.4,900
1053.2613379166999,1.060638430082779,17.137249573459712,850.0,82,0.4,0.4,0.4,1100
1171.407878449213,1.1695861837166595,26.6198974324611,889.0,82,0.4,0.4,0.4,1300
1206.999484952187,1.152191164228897,24.814833611324726,924.0,82,0.4,0.4,0.4,1500
92.04773820623295,0.000518803826828003,1.0000000000000187,100.0,83,0.4,0.4,0.4,100
292.56364061927934,0.2702941937773896,1.1356497614930918,300.0,83,0.4,0.4,0.4,300
494.2670914312549,0.48458862683540344,1.878380202847952,500.0,83,0.4,0.4,0.4,500
710.7173913942293,0.7361145051128387,4.620991867036108,677.0,83,0.4,0.4,0.4,700
897.0664835909665,0.9220886257416535,9.749737479303159,783.0,83,0.4,0.4,0.4,900
1129.0154471219753,1.143585207219162,23.974759925905335,864.0,83,0.4,0.4,0.4,1100
1266.4803011533047,1.2710266131505583,39.91262485159265,906.0,83,0.4,0.4,0.4,1300
1382.6227760628167,1.3700866714966582,58.99827887741772,935.0,83,0.4,0.4,0.4,1500
90.54695986591395,0.000518803826828003,1.0000000000000187,100.0,84,0.4,0.4,0.4,100
297.36258921358893,0.33352661549430856,1.2690692586562442,300.0,84,0.4,0.4,0.4,300
517.5320004558838,0.5711364781815338,2.4981669259862027,500.0,84,0.4,0.4,0.4,500
717.8078524487553,0.785308840927353,5.611849308665916,663.0,84,0.4,0.4,0.4,700
870.2298202666437,0.8966980008051301,8.793191436758043,767.0,84,0.4,0.4,0.4,900
1048.4896728777244,1.081512453468094,18.652641195248783,834.0,84,0.4,0.4,0.4,1100
1201.365190711348,1.2092590351799775,31.209431912973077,887.0,84,0.4,0.4,0.4,1300
1477.0833905326826,1.4899597180719757,94.10174496248855,934.0,84,0.4,0.4,0.4,1500
94.04877599332498,0.000518803826828003,1.0000000000000187,100.0,85,0.4,0.4,0.4,100
301.82539491392805,0.329742435816269,1.259219000076995,298.0,85,0.4,0.4,0.4,300
506.97023168630795,0.5740051305181122,2.5231320376137667,497.0,85,0.4,0.4,0.4,500
714.0150383261316,0.7745666534542084,5.377365510141442,666.0,85,0.4,0.4,0.4,700
868.7320678271348,0.8874206570783234,8.46888716858732,769.0,85,0.4,0.4,0.4,900
1008.0478331891851,0.987762453702469,12.737667120130379,849.0,85,0.4,0.4,0.4,1100
1171.1901951714824,1.1573181173410796,25.33245820259209,893.0,85,0.4,0.4,0.4,1300
1309.6154952323748,1.2783508318822479,41.08338083455174,932.0,85,0.4,0.4,0.4,1500
89.04618152559492,0.000518803826828003,1.0000000000000187,100.0,86,0.4,0.4,0.4,100
295.5428084049033,0.276580814855423,1.1464820611188855,298.0,86,0.4,0.4,0.4,300
498.8929109044692,0.4938049354061127,1.9329859661567783,498.0,86,0.4,0.4,0.4,500
717.2594991220407,0.7117614778299712,4.2036205214435585,683.0,86,0.4,0.4,0.4,700
866.9317589971097,0.8509826688881684,7.307544747732788,782.0,86,0.4,0.4,0.4,900
1110.7028011802333,1.1288757345996856,22.58901272573037,859.0,86,0.4,0.4,0.4,1100
1264.4514152348015,1.2613830584871673,38.41996617449439,908.0,86,0.4,0.4,0.4,1300
1564.314511145927,1.584014893618088,135.14251013780844,934.0,86,0.4,0.4,0.4,1500
92.04773820623295,0.000518803826828003,1.0000000000000187,100.0,87,0.4,0.4,0.4,100
296.71447593754255,0.2476501508652496,1.1011609381320424,300.0,87,0.4,0.4,0.4,300
505.59671074614334,0.5041198767865753,1.996852318266057,499.0,87,0.4,0.4,0.4,500
684.9812183792917,0.6526794467276763,3.355054447395217,670.0,87,0.4,0.4,0.4,700
872.0706402007067,0.836273196268692,6.887012871838346,793.0,87,0.4,0.4,0.4,900
1055.067673249079,1.0198059106536101,14.516025580382573,875.0,87,0.4,0.4,0.4,1100
1258.2041625917518,1.2429504413457486,35.68799688692885,908.0,87,0.4,0.4,0.4,1300
1434.9614238975405,1.4245300307355497,73.00667946761916,941.0,87,0.4,0.4,0.4,1500
90.54695986591395,0.000518803826828003,1.0000000000000187,100.0,88,0.4,0.4,0.4,100
307.0377277447408,0.3288269084748078,1.2569659007601957,298.0,88,0.4,0.4,0.4,300
494.7008533330073,0.4707336464012909,1.8004127060660717,497.0,88,0.4,0.4,0.4,500
691.8254347839005,0.7027893098836517,4.060509553042567,669.0,88,0.4,0.4,0.4,700
889.8349445193041,0.9280090358831025,9.987233801231246,770.0,88,0.4,0.4,0.4,900
1057.2319820924745,1.0975646995217132,19.909113213291086,835.0,88,0.4,0.4,0.4,1100
1214.9587002355584,1.227142335916519,33.52121658363726,889.0,88,0.4,0.4,0.4,1300
1386.5930025726027,1.4003601089209745,66.4326235520195,918.0,88,0.4,0.4,0.4,1500
92.04773820623295,0.000518803826828003,1.0000000000000187,100.0,89,0.4,0.4,0.4,100
305.28310814952255,0.3502502482649994,1.314405709956368,300.0,89,0.4,0.4,0.4,300
481.7030378843533,0.5098571814597321,2.0334711618966916,489.0,89,0.4,0.4,0.4,500
655.5606266494358,0.6739807162056732,3.6367607856302087,643.0,89,0.4,0.4,0.4,700
858.2668886206658,0.8621521024539949,7.6456141871171,774.0,89,0.4,0.4,0.4,900
1067.3177445807414,1.0719299339608002,17.936714035686776,851.0,89,0.4,0.4,0.4,1100
1203.9838655809392,1.1953430195897674,29.5188317568981,897.0,89,0.4,0.4,0.4,1300
1329.9301846768426,1.3122863786724088,47.0024835400597,929.0,89,0.4,0.4,0.4,1500
93.04825709977897,0.000518803826828003,1.0000000000000187,100.0,90,0.4,0.4,0.4,100
299.4411302519211,0.29104614685050967,1.1730888152993861,300.0,90,0.4,0.4,0.4,300
501.85270171093947,0.5141906775426484,2.062515509810224,500.0,90,0.4,0.4,0.4,500
715.2674293668199,0.7322082551226043,4.55188885207362,676.0,90,0.4,0.4,0.4,700
880.3823685265546,0.8655700711954499,7.749386205415075,789.0,90,0.4,0.4,0.4,900
1038.7878670437435,1.0417785668486783,15.872180104160956,844.0,90,0.4,0.4,0.4,1100
1153.2529025356935,1.1368713400484467,23.335590129991,891.0,90,0.4,0.4,0.4,1300
1234.5468339871406,1.2007751484824372,30.15995355250486,920.0,90,0.4,0.4,0.4,1500
88.54592207882192,0.000518803826828003,1.0000000000000187,100.0,91,0.4,0.4,0.4,100
286.47265875633957,0.28176880312370306,1.155641693250411,300.0,91,0.4,0.4,0.4,300
501.9239572651031,0.5678405797522735,2.468930656223114,497.0,91,0.4,0.4,0.4,500
716.4790556041619,0.7865295440493012,5.6409267738774505,667.0,91,0.4,0.4,0.4,700
902.858645584599,0.9416198756928253,10.55962518055039,780.0,91,0.4,0.4,0.4,900
1044.832517941654,1.0589294457120513,17.02045631692575,847.0,91,0.4,0.4,0.4,1100
1150.7416855086392,1.1419982931606292,23.813218100719894,888.0,91,0.4,0.4,0.4,1300
1223.8923931433267,1.1854553243019865,28.36089028396221,921.0,91,0.4,0.4,0.4,1500
87.5454031852759,0.000518803826828003,1.0000000000000187,100.0,92,0.4,0.4,0.4,100
282.004699593033,0.2278137251335907,1.0759851511754477,300.0,92,0.4,0.4,0.4,300
490.60247311482976,0.49661255258659365,1.9497077874167288,498.0,92,0.4,0.4,0.4,500
684.371992222393,0.6957702669324493,3.9522613204556705,661.0,92,0.4,0.4,0.4,700
903.6067909175572,0.9445495631855012,10.684434225523225,778.0,92,0.4,0.4,0.4,900
1042.9113707897707,1.0544738793169401,16.709491254911114,843.0,92,0.4,0.4,0.4,1100
1187.3264265593966,1.185516359458084,28.376671645017183,892.0,92,0.4,0.4,0.4,1300
1487.0882710049032,1.515289307852402,103.78632573944667,928.0,92,0.4,0.4,0.4,1500
89.54644097236792,0.000518803826828003,1.0000000000000187,100.0,93,0.4,0.4,0.4,100
311.5818498482214,0.3329162639333344,1.267447203071133,300.0,93,0.4,0.4,0.4,300
494.87007591497763,0.4841613807427216,1.875654317299684,499.0,93,0.4,0.4,0.4,500
689.1980051169385,0.6961364778690338,3.9578468051303872,669.0,93,0.4,0.4,0.4,700
867.0860019518732,0.8528747587271882,7.363087815197363,786.0,93,0.4,0.4,0.4,900
1079.8283947027496,1.0877380393900298,19.132605383234864,860.0,93,0.4,0.4,0.4,1100
1276.8311935960185,1.2825012224968717,41.77306484399848,909.0,93,0.4,0.4,0.4,1300
1484.2815990398472,1.491058350881729,94.50109718495094,936.0,93,0.4,0.4,0.4,1500
92.04773820623295,0.000518803826828003,1.0000000000000187,100.0,94,0.4,0.4,0.4,100
290.3511010661538,0.2766418500115205,1.1465050740587355,300.0,94,0.4,0.4,0.4,300
501.0906582632696,0.5220031775231171,2.1157142057162286,496.0,94,0.4,0.4,0.4,500
695.9224699669207,0.7017517122299958,4.04298623943202,661.0,94,0.4,0.4,0.4,700
863.506729631841,0.8927917508148957,8.656496910143261,764.0,94,0.4,0.4,0.4,900
1020.7466816692711,1.0380554223267364,15.637898794420932,834.0,94,0.4,0.4,0.4,1100
1157.7618153532674,1.1548156759410857,25.086327806897913,886.0,94,0.4,0.4,0.4,1300
1510.7220899284305,1.5456237804328157,116.62184434248826,926.0,94,0.4,0.4,0.4,1500
91.04721931268695,0.000518803826828003,1.0000000000000187,100.0,95,0.4,0.4,0.4,100
303.7516533982632,0.31430054132362373,1.2221840774553652,300.0,95,0.4,0.4,0.4,300
497.286726494808,0.48995972057197573,1.9094726759934213,498.0,95,0.4,0.4,0.4,500
676.8996048941675,0.6712951693373871,3.5989360277990445,663.0,95,0.4,0.4,0.4,700
855.7803603642242,0.84646606733696,7.1734307123195,774.0,95,0.4,0.4,0.4,900
1045.6975689477974,1.0550231957218168,16.749083008316646,848.0,95,0.4,0.4,0.4,1100
1139.555382318112,1.118560793219223,21.6644989487828,891.0,95,0.4,0.4,0.4,1300
1205.5030963818929,1.1634826681069184,25.97413833631,919.0,95,0.4,0.4,0.4,1500
91.54747875945995,0.000518803826828003,1.0000000000000187,100.0,96,0.4,0.4,0.4,100
305.6621746666454,0.35165405685523987,1.3182779616282243,300.0,96,0.4,0.4,0.4,300
486.9751593000939,0.4688415565622711,1.7902196041792922,500.0,96,0.4,0.4,0.4,500
702.5250329012431,0.715728762976303,4.26901286296893,674.0,96,0.4,0.4,0.4,700
851.2726244713052,0.8196105986540986,6.438159338756685,793.0,96,0.4,0.4,0.4,900
1080.6990355863325,1.0702819847461702,17.818706707020674,870.0,96,0.4,0.4,0.4,1100
1508.8487736045286,1.5453186046523286,116.50862445067298,924.0,96,0.4,0.4,0.4,1300
1553.388219029116,1.5519714366669466,119.49108762929835,948.0,96,0.4,0.4,0.4,1500
91.04721931268695,0.000518803826828003,1.0000000000000187,100.0,97,0.4,0.4,0.4,100
299.2955610364861,0.32284546317726137,1.2422038402623508,298.0,97,0.4,0.4,0.4,300
495.58281545668916,0.49911499398658754,1.9656092900873658,494.0,97,0.4,0.4,0.4,500
682.0108380370051,0.6826477083715058,3.7572918887107667,664.0,97,0.4,0.4,0.4,700
838.1761096474391,0.8083801299321748,6.156071368256268,775.0,97,0.4,0.4,0.4,900
998.1984676926826,0.9654235865708161,11.630884774956488,849.0,97,0.4,0.4,0.4,1100
1159.1496022289991,1.1379699728582,23.437124853523738,895.0,97,0.4,0.4,0.4,1300
1351.9392764750692,1.3271789567601777,49.84210397457771,933.0,97,0.4,0.4,0.4,1500
91.54747875945995,0.000518803826828003,1.0000000000000187,100.0,98,0.4,0.4,0.4,100
294.7062310895607,0.2980651898017121,1.1871653083128269,300.0,98,0.4,0.4,0.4,300
516.2304252583558,0.5522766149474335,2.3409489088873174,500.0,98,0.4,0.4,0.4,500
682.1717692866089,0.6916198763178253,3.889913321287459,655.0,98,0.4,0.4,0.4,700
857.1162284244753,0.8486022978003693,7.237123609627652,777.0,98,0.4,0.4,0.4,900
1023.6172630090416,1.006744387248764,13.766652437436699,851.0,98,0.4,0.4,0.4,1100
1220.4032134246506,1.2202453632775114,32.60893903992738,897.0,98,0.4,0.4,0.4,1300
1558.6296240783959,1.5831604014327243,134.727052279214,934.0,98,0.4,0.4,0.4,1500
91.54747875945995,0.000518803826828003,1.0000000000000187,100.0,99,0.4,0.4,0.4,100
301.3105424392574,0.338043217045517,1.2806522093362147,300.0,99,0.4,0.4,0.4,300
494.6010838674996,0.5179748572206878,2.0883138386680606,495.0,99,0.4,0.4,0.4,500
689.1643964855696,0.7153625520397185,4.261187594218192,662.0,99,0.4,0.4,0.4,700
890.6004499500685,0.9084777859319306,9.224378788302568,782.0,99,0.4,0.4,0.4,900
1064.6900484577975,1.0802307151900483,18.55133703113563,853.0,99,0.4,0.4,0.4,1100
1258.4933651186045,1.269622804560318,39.69968690522186,901.0,99,0.4,0.4,0.4,1300
1516.2943351890674,1.5464782726181794,116.988027271434,931.0,99,0.4,0.4,0.4,1500
